C_CUSTKEY,C_NAME,C_ADDRESS,C_NATIONKEY,C_PHONE,C_ACCTBAL,C_MKTSEGMENT,C_COMMENT
1,619589856,535993706,15,173573587,71156,432434410,1044759837
2,665842276,691618937,13,402340312,12165,496218343,3831644
3,268969482,345709530,1,543429502,749812,496218343,947918465
4,96849461,955329674,4,457113451,286683,145169404,187323268
5,693831715,12562557,3,878921830,79447,851529209,460388148
6,869719626,238276528,20,90069402,763857,496218343,891112581
7,622976577,928504372,18,360760462,956195,496218343,1006314953
8,799811088,739012054,17,397845471,681974,432434410,958006964
9,124167162,692592077,8,874381395,832407,342224351,990356101
10,844173543,751336886,5,221692787,275354,851529209,627271596
11,986112608,125525002,23,491752305,-27260,432434410,432395511
12,623775599,1025874695,13,936520442,339649,851529209,324191945
13,1054143389,839210379,3,790833895,385734,432434410,338545699
14,650427749,176313154,1,142872410,526630,342224351,796462508
15,499459169,511985348,23,88896030,278852,851529209,907899701
16,520405431,805398557,10,209407577,468103,342224351,41457097
17,377123418,633957982,2,5696250,634,496218343,107396100
18,577981087,990229864,6,939942874,549443,432434410,951869303
19,1072349833,228475910,18,147161903,891470,851529209,920717164
20,317458715,66916592,22,598722808,760340,342224351,373946658
21,246736068,897135456,8,79907448,142825,145169404,159783198
22,341562420,625332100,3,612452838,59198,145169404,215469947
23,239949220,431029208,3,559856857,333202,851529209,562773145
24,762549298,45495920,13,696037210,925567,145169404,34744289
25,670337118,100913631,12,334947623,713370,342224351,1069306037
26,638823195,563107904,22,491699039,518205,496218343,78769084
27,157889604,118029082,3,340878694,567984,432434410,781625116
28,827744741,143960225,8,872938941,100718,342224351,600370449
29,433078375,148847780,0,697362273,761827,342224351,772378077
30,894878205,327580234,1,534753771,932101,432434410,370610179
31,20423870,251809445,23,1004811738,523689,851529209,805381480
32,32763316,176023234,15,883806634,347153,432434410,571897557
33,655143958,328866872,17,1065878596,-7856,496218343,465466639
34,191279548,536237464,15,820865854,858970,851529209,86208833
35,282473319,822180623,17,342946588,122824,851529209,619302441
36,565090888,1058636404,21,835941809,498727,432434410,703428735
37,1005791131,973462099,8,961902750,-91775,342224351,432136848
38,712231573,782489172,12,1051426466,634511,851529209,574311161
39,1049736735,302616697,2,472957367,626431,496218343,1066241183
40,901750616,378060759,3,366131627,133530,432434410,260822606
41,797899428,447571015,10,90829947,27095,851529209,468449982
42,660008205,679265735,5,911079723,872701,432434410,827359108
43,85383108,945396273,19,656934723,990428,145169404,834969913
44,399791940,1031710141,16,932812827,731594,496218343,888864779
45,400779266,220663108,9,462904520,998337,496218343,323833688
46,1064806192,375721415,6,768659213,574459,496218343,1051467976
47,506320170,466790493,2,702199008,27458,432434410,429778198
48,1034605971,76712472,0,791637513,379250,432434410,666422163
49,648365863,871647702,10,211838727,457393,342224351,840475987
50,475156196,414956717,6,189530031,426613,145169404,565757235
51,595132772,46351790,12,200748936,85587,342224351,608200351
52,181331618,811895650,11,270731088,563028,851529209,625594362
53,374532574,830644663,15,898709778,411364,851529209,447468118
54,478889064,646883724,4,944040890,86890,496218343,35090688
55,652922990,947281228,10,306425280,457210,145169404,799993608
56,327733240,873996111,10,531754549,653086,342224351,700484432
57,580802889,758298629,21,32118384,415193,496218343,1062584953
58,76603675,913910058,13,927368848,647846,851529209,895084327
59,324326066,925485111,1,895118342,345860,145169404,984900194
60,678692028,256142328,12,649351134,274187,145169404,297384816
61,709387906,371933673,17,485910130,153624,342224351,853623079
62,824407951,891374122,7,43334567,59561,145169404,847544420
63,356350427,241286065,21,1051701617,933112,496218343,966627837
64,1055985301,177817030,3,1020217837,-64664,432434410,863991458
65,324032989,587070393,23,2549886,879516,496218343,1048870161
66,288222519,876336552,22,900108631,24277,851529209,722704483
67,305422725,904692909,9,75039452,816659,145169404,58123165
68,136811942,849177005,12,717736219,685337,851529209,829500356
69,792379502,771318236,9,132844233,170928,851529209,145820392
70,35962093,387978895,22,779220689,486752,342224351,536101364
71,950204504,260866230,7,450843285,-61119,851529209,852637150
72,870504831,673186806,2,513266153,-36286,342224351,1036875577
73,311974199,156598602,0,734082086,428850,432434410,40091405
74,425290368,60720240,4,580923285,276443,145169404,1014226000
75,890202782,978659071,18,799997357,668410,496218343,413768194
76,320187127,827847945,0,798736721,574533,342224351,170705084
77,949012060,875296300,17,439105298,173887,432434410,433095226
78,885146700,404355222,9,437576884,713697,342224351,435765565
79,68307376,258915755,15,1007040230,512128,145169404,270991260
80,393319330,348637615,0,238861056,738353,342224351,248324692
81,231649487,582043367,20,772399910,202371,432434410,361579127
82,771701359,721780917,18,822687488,946834,496218343,424624843
83,859342324,229676025,22,213771264,646351,432434410,350357704
84,249203281,761620470,11,610605544,517471,342224351,344137647
85,572656795,586604085,5,57376054,338664,342224351,743324823
86,823605841,280249047,0,23423387,330632,851529209,891965770
87,652836376,55623003,23,630092819,632754,342224351,317118743
88,844705813,475309661,16,41687080,803144,496218343,652672927
89,1003969382,249466003,14,946605738,153076,342224351,543390718
90,360465794,237449252,16,936799937,735423,432434410,907461870
91,701054585,492431197,8,143338333,464314,496218343,651044331
92,1036367539,282468528,2,289973229,118291,145169404,693073783
93,362154973,159738032,7,33374283,218252,145169404,970259597
94,1010353337,902956175,9,284684154,550011,851529209,596797714
95,715605380,257261417,15,597477540,532738,145169404,589926462
96,162672538,950191208,8,981654850,632392,496218343,155124451
97,742966023,130323477,17,499451459,216448,496218343,247152214
98,545190916,123726955,12,229675832,-55137,432434410,456166970
99,476233188,172136474,15,171413995,408865,851529209,907236180
100,149110989,986783002,20,51728625,988989,342224351,1027520303
101,2448754,517042826,2,237097369,747096,145169404,1029853468
102,266605896,691398787,19,193219129,846217,432434410,835055487
103,603929,201947125,9,991897658,275745,432434410,1012143233
104,1011047040,343564702,10,263130541,-58838,342224351,959169239
105,650020378,66333180,10,355023302,909182,145169404,176057497
106,722528700,381546779,1,217335210,328842,145169404,987699533
107,376685254,1058493653,15,141595835,251415,496218343,673760996
108,991316519,717608055,5,888626416,225938,432434410,473335353
109,703801736,758788038,16,919701333,-71610,432434410,519848434
110,213149444,426307917,10,668387701,746299,496218343,30375682
111,740869284,632350146,22,285337483,650526,145169404,284435267
112,130614405,1023779962,19,790889020,295335,342224351,839821830
113,524709689,944328912,12,45268263,291200,432434410,470426831
114,1073630935,770865358,14,110814787,102746,342224351,517314479
115,21506381,608968580,8,150902119,750892,851529209,323663428
116,996528938,961301969,16,94453205,840399,432434410,755565989
117,218165480,29827774,24,462223242,395083,342224351,352891471
118,257388504,373304848,18,196389600,358237,496218343,641254839
119,838371707,807985566,7,373126718,393035,342224351,19611892
120,485673883,698948929,12,927043439,36375,145169404,508620862
121,289639984,416840742,17,610798938,642832,432434410,567828741
122,34372125,939784398,3,908829307,786546,851529209,132746501
123,7979041,516861058,5,527800911,589783,432434410,31580413
124,286407324,1043308745,18,763460048,184249,496218343,846955144
125,589273852,1063458878,19,422360717,-23412,342224351,144076991
126,746009040,778854457,22,979468993,100139,851529209,65418058
127,136312014,558489563,21,129998214,928070,145169404,584447082
128,1031806265,293910080,4,1039645903,-98696,851529209,261493139
129,655017662,659562040,7,46806257,912727,851529209,149181831
130,366336085,844464211,9,879536218,507358,851529209,357705363
131,117753762,262858702,11,348134773,859553,851529209,152182169
132,39927681,99332569,4,544918113,16257,851529209,302953371
133,620124358,451447871,17,102119110,231467,496218343,456287129
134,99873648,465925969,11,60210500,460889,432434410,67909831
135,730320653,88087102,19,283480393,873291,342224351,900777700
136,953864312,415732796,7,234605423,-84239,342224351,1034249575
137,109727860,463804362,16,826040904,783830,851529209,177800749
138,65891071,309293861,5,1006057438,43059,145169404,688983169
139,730440217,77283472,9,381719281,789778,145169404,924570946
140,809592683,828559279,4,782373814,996315,145169404,198578689
141,1047128775,121669664,1,806507589,670614,342224351,500309226
142,871574984,967703429,9,123382251,220981,496218343,874015638
143,1011509610,1023134796,16,514208896,218650,145169404,37187082
144,1020154126,39612213,1,1020806057,641731,145169404,282115012
145,1061367867,735058912,13,647392026,974893,851529209,892535693
146,304841264,533391462,3,768780140,332868,342224351,739471254
147,445767414,440618101,18,34469723,807140,496218343,707725030
148,695237970,617611267,11,40849151,213560,851529209,467629447
149,818071249,402952922,19,453337372,895965,496218343,406765398
150,1046053816,434671026,18,970309953,384948,145169404,528498719
151,1048073910,416219698,19,466982905,518702,851529209,933323620
152,734141422,59060855,8,617285804,121518,432434410,292896811
153,628476281,168852663,6,447163814,545426,851529209,424237480
154,550752180,983657700,19,99860898,469512,342224351,749641164
155,174067044,512930894,0,25082384,590285,496218343,331696383
156,242921568,900866782,9,202666304,930295,496218343,818563470
157,412836516,588579558,15,337003821,976873,432434410,982094224
158,483512099,367924932,10,949166398,616095,496218343,774926207
159,922278932,41534005,10,675540188,206006,851529209,403124588
160,295704499,300913743,13,537672799,436317,145169404,754735200
161,673829505,153091753,7,225944365,371406,145169404,850989254
162,818801471,868551149,8,866054649,626899,145169404,792477029
163,824715740,341666101,21,160432628,294861,342224351,614441859
164,1052643780,835159970,4,361625168,20845,851529209,703511028
165,773250374,1032779396,0,1009788373,334992,851529209,593413427
166,897829723,648555183,10,522128147,204221,342224351,375462379
167,810103878,45935790,5,762387906,146809,496218343,112730848
168,78734876,704245257,12,761164625,-80856,342224351,1044330658
169,213872739,638766211,18,933810190,448383,342224351,625168908
170,709922071,887913163,15,1027684640,768789,432434410,275983843
171,45853042,441304806,7,232260825,237991,145169404,685056822
172,494933667,139497014,22,920266642,113440,145169404,22246284
173,615474976,58286773,9,627613924,84584,432434410,727779642
174,217462493,194101931,23,715207325,194473,342224351,987344256
175,849810767,330157217,10,155379420,197535,342224351,385818872
176,382123554,407133529,13,1037313397,-37576,342224351,326630341
177,853283514,764217294,1,363114302,745750,432434410,358019223
178,165355215,560987720,21,55073995,227250,342224351,741599537
179,612898535,284197038,4,608508264,-4308,145169404,913195535
180,372255364,165392277,13,935401587,-9258,342224351,234179192
181,39881344,290616275,9,687717238,392996,342224351,577439909
182,142135454,137672297,3,60941110,481022,496218343,354675624
183,972515490,566973793,22,491259221,441989,851529209,74419821
184,327258897,762065157,21,921781144,17046,496218343,891903655
185,384093807,162614694,5,760808055,278876,432434410,50810000
186,593274655,629010947,3,881724099,873750,851529209,943159380
187,665795280,809965438,4,137441791,-77422,342224351,203291559
188,192295836,276593316,5,369011242,953337,432434410,659048010
189,623204257,176632823,22,133011402,-59404,145169404,668619251
190,803436584,176653422,11,641411280,165746,496218343,302954973
191,250191508,785418917,16,513261442,294516,432434410,834625529
192,668502176,797140657,10,952777950,823995,145169404,754488544
193,10252829,184227417,23,547219466,802455,145169404,686731824
194,49984964,295870904,16,310092927,669649,851529209,31359349
195,556712056,801647110,22,197302260,487391,496218343,399649669
196,181413212,910320536,18,85015902,776033,342224351,508347431
197,242019870,18167096,1,809055956,986021,496218343,335454488
198,800275140,5811856,1,413108205,382476,496218343,48960956
199,876517937,511528974,4,556094905,765431,342224351,283072794
200,290309916,1036876861,16,65585753,996760,432434410,826779415
201,1028369530,956046892,2,189904142,461439,145169404,743738811
202,808389546,137629198,7,542907007,223764,496218343,64356161
203,581200182,975128143,1,676285269,796063,145169404,153633617
204,755035954,471803342,6,260536406,-62776,432434410,378473127
205,295113365,325907274,12,833699703,716152,432434410,1041571592
206,407775885,406208832,9,905170704,-27479,496218343,130442911
207,248562025,269657876,21,838769514,-43998,496218343,734358894
208,226533626,154650915,19,54519638,623989,145169404,75597284
209,808728724,233080354,16,372868373,887345,342224351,852950821
210,106665563,476377784,20,533914961,725014,851529209,453595442
211,425758033,96087765,13,345202512,419872,432434410,638820819
212,460810148,540347907,7,804273321,95758,432434410,265396654
213,20034194,214348809,24,989161197,998770,851529209,248283471
214,341691856,809235598,8,861420990,152659,145169404,421233259
215,64588120,235723776,9,1028935732,337920,342224351,598540827
216,92592210,1034825748,21,244125314,-77608,342224351,364641343
217,474270968,271761343,23,1004951794,37833,496218343,910201342
218,696046043,56877543,4,603495623,954119,145169404,192638567
219,1003961125,797006908,11,733367525,985857,496218343,4329826
220,666173922,237197619,16,455655332,913164,432434410,155736574
221,287592240,590391532,16,271587461,160939,432434410,134323321
222,763427604,83546881,1,1026706289,889376,432434410,319702855
223,759113852,434659248,20,938646646,747620,432434410,920336349
224,81670128,612794311,15,91615297,846515,432434410,474645683
225,369495714,349334323,13,199554616,889320,496218343,647480500
226,586378692,858521635,3,620704431,900861,496218343,925436669
227,524689232,702369173,13,500051875,180823,145169404,807269987
228,583587160,286080232,20,258258891,686812,342224351,880917427
229,569215221,304710751,1,797595858,756807,432434410,944687200
230,342608115,463729568,21,624653209,168283,145169404,947825251
231,652406293,397307741,10,661292813,28355,432434410,700644266
232,999947675,436683469,22,840412427,55471,851529209,21928821
233,205357688,812229783,3,953370919,399824,342224351,216085836
234,532803584,541089874,18,422477919,838351,496218343,161267965
235,324114673,972348594,3,301649404,75441,496218343,926786549
236,161854895,800439470,14,203652452,538459,496218343,457414351
237,643069965,733093088,19,300446487,-16002,851529209,12988348
238,368853313,657702923,16,136539014,348232,851529209,647426172
239,885944540,474842073,9,1030815401,539877,342224351,544816821
240,366246686,349232371,9,1005267717,713968,145169404,814992351
241,560680424,1070388014,9,392642558,656934,496218343,502814057
242,60071529,685119642,3,206570949,197541,145169404,836146417
243,845304008,854313408,7,466414981,62073,496218343,257682724
244,446190905,1061994600,15,18866181,250638,851529209,568099368
245,391547274,955444681,12,494790269,372015,145169404,251448188
246,78299856,649011228,15,193163705,958495,496218343,770160230
247,754054357,673532745,20,268657368,849592,851529209,232866667
248,381406645,48898332,10,955133484,890835,342224351,579362204
249,481242830,1072617253,3,543994287,-23401,145169404,7837792
250,144436925,345721447,16,577824058,286997,342224351,331977123
251,729588571,108393862,13,1043775807,958532,851529209,652152836
252,110394830,901562758,16,976834602,356174,342224351,876800947
253,863822533,762142936,15,196480270,913952,496218343,866566035
254,681288699,338036282,1,838354361,191535,145169404,141137336
255,561951013,573445255,3,59469619,319607,432434410,277264452
256,2952144,818356421,10,750034119,129992,851529209,506044274
257,384275513,91010114,7,262588655,-33985,496218343,426617505
258,300519832,78204977,12,1015423608,602227,145169404,3177414
259,837216967,173559143,5,284013704,333529,851529209,469446406
260,764613080,437689199,1,850580502,919611,145169404,12151883
261,54984058,1061679943,12,890527322,709422,496218343,826597387
262,725638281,956859245,4,581764259,156180,496218343,657350673
263,905274285,400988896,1,288261339,116203,342224351,1063794419
264,308295191,256531109,11,88772718,319583,145169404,397361113
265,739742566,453937593,17,310064822,827579,145169404,1065393617
266,364717965,710511669,0,253045230,548100,851529209,1012613402
267,941359418,254348682,15,246813252,316694,496218343,640340756
268,89903434,110575631,3,455078241,682101,145169404,283552439
269,403450331,493785194,14,726326754,766735,145169404,197539992
270,314790160,154139305,7,677292654,919250,496218343,630192071
271,76683081,712255568,6,891003101,149035,145169404,571984989
272,63726840,710755854,2,62463947,-74603,145169404,1056473025
273,126602202,427573009,2,416545893,-67505,342224351,841262843
274,884121594,128548634,19,550706356,442542,342224351,269252694
275,163917976,843974117,22,160653373,506731,496218343,196502002
276,416571786,230878799,16,1069098015,229267,496218343,118468871
277,116610913,384325687,23,337768579,887610,432434410,355600279
278,648796668,63842309,20,503819338,762156,432434410,140397763
279,703805805,579127588,9,62511864,966323,496218343,1014594134
280,946207193,607067963,11,135280206,395284,432434410,15337567
281,652227438,831478764,6,485989044,436170,432434410,117604362
282,384556698,844946582,18,649739439,112545,851529209,138862078
283,577197162,286704729,7,173413512,445003,496218343,725687441
284,65091368,298533573,6,465541898,59352,496218343,847390274
285,568920771,975055807,20,671498408,727672,342224351,665252894
286,348693763,455431725,22,62274819,-10973,851529209,593915931
287,757310736,613822863,4,459996750,173418,145169404,442953221
288,544592695,32145732,2,933010492,533943,851529209,886712163
289,970291242,490726462,10,296704545,-21575,496218343,297815234
290,928578234,856829397,4,421333040,181135,145169404,617455409
291,134136544,7571837,8,747495761,426168,851529209,507628669
292,784762484,972818272,11,603047726,297543,851529209,118125954
293,621657714,671131887,2,596947048,-4379,145169404,47981827
294,104264576,986987359,18,128062717,-99479,432434410,249662440
295,554816237,795140092,0,943087980,949789,851529209,793761558
296,387497674,537866568,15,174479357,808152,432434410,184080620
297,469367296,1373669,15,808079939,709632,851529209,267474678
298,811380581,467041801,21,728117618,381284,432434410,756584827
299,567833984,361920795,4,125707941,538050,851529209,565109540
300,353870291,792039276,7,1046260790,808492,496218343,835277430
301,811077399,270876038,7,525103597,930504,851529209,1048411341
302,852620488,575178050,4,770561792,110742,145169404,468680218
303,725767517,36734198,3,767961503,933957,496218343,243835616
304,917446589,357051788,0,811350724,921754,145169404,197474557
305,832162613,376469403,11,1003765027,435659,342224351,604392198
306,442086376,232772696,10,842346241,326801,496218343,330224125
307,998098301,588352526,13,510585150,34659,342224351,494744908
308,494580530,927199219,9,722595775,415076,851529209,473174531
309,727971788,210493458,21,119726,882478,342224351,960256643
310,537781837,81784361,1,1020671486,318657,342224351,160611244
311,64927911,945148016,23,491142650,658950,496218343,211650659
312,680884385,162361438,6,336496699,-17884,496218343,678866113
313,738629997,253756866,0,118805681,611581,851529209,99636522
314,465320700,111408091,13,177967233,239492,145169404,86857819
315,198775786,406169535,7,344051072,34858,342224351,150400606
316,692450845,630929785,8,838970542,457178,145169404,813582467
317,467293378,577515965,19,393995180,95688,851529209,1014303024
318,6910072,285827676,0,66298837,914998,851529209,459154021
319,668701028,784187596,6,349717942,183436,342224351,723271524
320,1026389012,722790255,12,428094702,608274,145169404,821418187
321,674233968,845032899,20,805298088,771877,342224351,702948062
322,710028098,616198836,20,569109061,448997,851529209,220527014
323,733446950,737041889,18,1036891600,113767,496218343,213315431
324,377401547,723179719,2,930835975,80659,342224351,834907269
325,475556546,1011213727,15,701585619,237734,851529209,160785356
326,1053104946,232763379,2,133110441,190652,851529209,117687252
327,933766184,304292551,8,859538447,876216,145169404,758825224
328,864235374,444431795,5,393601480,670990,432434410,338824283
329,104425671,376461244,11,480106087,-65191,432434410,207518580
330,557629047,892946443,20,110535790,824473,145169404,871426020
331,200806862,828531088,5,194185862,17027,496218343,195509251
332,574297615,1041389059,22,857014333,-26708,851529209,850039845
333,552366427,86378497,11,275978177,801889,496218343,982780322
334,779365136,180754783,4,666910469,-40591,432434410,376030162
335,414088555,139543328,21,90832816,683746,851529209,304395214
336,904534716,609525651,2,282309112,924149,496218343,465611160
337,708089051,1072999836,0,969527809,-27058,145169404,621547026
338,972269078,230526708,23,529604082,409249,342224351,722725950
339,150967241,692737681,24,372794903,843807,851529209,200323776
340,622362823,1041352926,2,143108846,466712,432434410,1010540408
341,540663864,247136375,9,168242109,824711,342224351,995638257
342,305310330,416055278,18,396586795,718674,496218343,191236307
343,857223253,999961499,3,409851614,552136,851529209,181154136
344,994566013,741932716,2,225766629,-54495,342224351,39575175
345,563011709,240416306,9,628674317,193677,496218343,36472571
346,789019926,677393848,2,528241371,23814,342224351,738011909
347,213827648,435951295,1,1007164104,734892,432434410,851392903
348,972062969,873087701,13,818563241,331049,851529209,108849069
349,815654753,541900423,23,827239976,-56535,432434410,68757050
350,1014071426,1044448937,15,132027602,1930,432434410,467636164
351,673913651,883288484,7,24231688,341954,496218343,726980072
352,774039321,443819664,9,1045032418,625788,851529209,247257672
353,99723107,752148935,10,112571508,319903,432434410,1052783878
354,4118000,306742323,2,355054583,709595,432434410,626438022
355,191917421,240533557,14,490804025,872790,342224351,725593716
356,695014618,555733422,10,178802268,293406,342224351,881157999
357,944397005,201598092,18,874482464,874736,496218343,1022570673
358,432813755,679953767,5,200525894,-4466,145169404,581219482
359,930475973,829142846,14,524235170,637523,342224351,232177594
360,177136447,735319656,17,893922139,654283,342224351,996347636
361,360055128,836221820,20,158681341,745184,432434410,303501865
362,722789606,988307882,17,407777794,614901,496218343,306077378
363,823104154,318163908,17,101482637,-57386,851529209,983579558
364,163052531,171664318,23,269683047,3224,851529209,19686590
365,49884413,831334019,24,949650499,73703,851529209,726269202
366,744537283,536598327,3,577084679,-72974,145169404,23147958
367,255875874,744967677,13,60283777,910865,851529209,363375167
368,617049090,915031186,22,166249687,8472,145169404,453516104
369,629603416,893178767,8,421552318,288106,342224351,718461298
370,342699939,1024874608,12,978402924,898279,342224351,867732170
371,716066175,784646853,22,770323752,778914,496218343,5237422
372,49502023,572131214,19,304277823,-92191,145169404,949911728
373,1037993911,111605324,20,332899786,235406,145169404,80101991
374,923487894,1044842468,22,527678015,671878,496218343,154731078
375,216625629,533774424,15,763488829,556222,851529209,692928658
376,748403379,407663442,16,124488327,423145,496218343,811262803
377,145115716,858948743,23,750537332,104372,145169404,506891667
378,102842881,851079525,22,338465880,571805,432434410,924968613
379,738337242,403563628,7,745260702,534811,496218343,294994438
380,468336979,702395145,21,905576147,275546,432434410,264605209
381,259936341,836656339,5,1038135497,993170,432434410,275308285
382,37503234,326269075,8,49576139,626942,496218343,883339931
383,170359447,193719030,2,402181454,-84944,145169404,511078501
384,450876386,135747831,9,742317128,-61429,851529209,89747645
385,406146908,716666177,3,580657761,245709,496218343,1047270783
386,107644513,824347444,24,1055651958,23201,432434410,632713813
387,729794815,540172700,18,695291201,340423,851529209,401987453
388,925856911,795628467,7,932055050,193805,851529209,604414192
389,520542737,760243566,9,1033798537,-30761,496218343,601728423
390,449108464,23017112,4,838008207,886218,851529209,167090028
391,202094256,552056936,11,498040469,480130,851529209,692246065
392,734052139,980737521,17,360219747,849233,432434410,1051211667
393,972016086,232421434,20,376156826,359357,342224351,532111370
394,734270040,480868939,23,989359291,520096,145169404,891711
395,993681381,144243338,15,93233905,458228,851529209,38616977
396,1041419146,927619575,22,754866890,143350,432434410,470096056
397,113733817,395651172,7,376568530,70946,342224351,506540257
398,244715929,170646144,15,86378759,886561,851529209,668973237
399,132661959,750224926,8,333629865,735853,432434410,108341065
400,479502967,1020457216,14,224276279,-9846,432434410,767494602
401,943072364,751937184,19,77584676,414643,432434410,961806325
402,547965959,944372523,6,922312992,210667,496218343,115236372
403,286422048,589115004,14,658904646,669336,851529209,328827624
404,573160205,19965820,22,326506731,740873,432434410,158621938
405,988945980,244629930,10,216379296,751914,145169404,469279338
406,113993708,529833022,9,171438938,428693,342224351,968529800
407,886377169,227947744,1,610072900,953708,145169404,606314022
408,936683055,349040079,10,276865202,682537,432434410,88809167
409,576694731,817186836,11,497543318,396986,342224351,756054420
410,879585427,1010389903,7,140563083,434927,432434410,1064587718
411,17120738,1043516281,18,39398896,120932,851529209,1044259047
412,824700070,877927535,22,1026407681,604402,432434410,448636497
413,562277957,613322389,6,885790280,581790,342224351,169895678
414,610756548,33516555,19,250399529,52778,496218343,692442614
415,604862909,786608429,23,480859323,231792,342224351,541490294
416,554791795,438743356,12,848066383,436528,145169404,735253838
417,706765605,114889750,11,205803475,618773,432434410,979207166
418,777512511,407080708,5,471786781,121139,342224351,182023960
419,456187175,929902106,16,672560002,778669,432434410,612804560
420,646706193,478738892,20,561576902,199935,432434410,642356695
421,284270945,96724556,13,537776451,707317,342224351,639081585
422,794433744,232184668,9,758559722,-27214,851529209,784804128
423,471037465,857077773,13,19579135,9579,432434410,728668949
424,750922204,466100274,19,712537078,186642,851529209,268630984
425,709758349,440218659,16,6579230,582488,851529209,95501179
426,358005608,760141052,19,470793171,781825,851529209,435898664
427,934988445,1030552171,2,378934868,437680,145169404,1071609211
428,271965503,698711915,21,360357089,195236,432434410,422998200
429,443563699,493427510,15,857066923,924720,342224351,924394047
430,508296415,395841446,3,614837651,790517,432434410,686097110
431,693580433,955641008,6,137232906,227350,851529209,1005557958
432,38238079,585931048,23,489866995,571564,432434410,304653119
433,381875663,866017098,20,745282639,874623,342224351,912016567
434,161975071,537317029,3,627278985,294046,145169404,509054578
435,300927121,68769108,2,776012239,621746,145169404,829681685
436,568762716,356836958,19,838766754,589687,342224351,3840067
437,1040433703,1023702093,4,700601989,776052,496218343,261294315
438,645827387,1039653508,23,938801634,213113,145169404,1019429706
439,524913977,385127326,14,1057674842,-6129,432434410,126450602
440,353126152,280782517,3,594180901,180904,145169404,479415578
441,484450675,931870175,23,133272782,945184,851529209,283081733
442,681646881,9198769,1,436766472,415700,342224351,452685201
443,290845010,1036290169,3,225731865,372622,342224351,238219894
444,239009834,95994041,1,500238192,150527,851529209,264626181
445,97163880,31564496,20,968331728,801881,342224351,861111813
446,1054131907,165219950,24,309471934,922560,342224351,534792485
447,293664554,446164650,3,1000316852,766598,851529209,960131407
448,808252386,875409473,24,351955168,811727,432434410,94527646
449,358519320,232434140,4,861120684,300194,145169404,960544025
450,669681128,586180412,9,278958476,554442,851529209,952712498
451,662995816,415654651,20,965425270,211059,851529209,717057709
452,220911134,733214447,6,242019238,663370,432434410,632347519
453,558267596,971877240,8,944840202,567818,851529209,904245416
454,858013231,708593288,7,857279720,613440,496218343,191732292
455,767800351,419178280,6,670872536,686034,432434410,203690399
456,991814402,251779782,0,333876797,881578,342224351,79530757
457,363381652,833228928,20,337029009,586761,342224351,445048601
458,1020075990,1002376109,4,728806740,-3842,432434410,299541904
459,486947243,549213088,6,911000567,120797,145169404,1061538990
460,109718845,165488343,11,671998361,522283,342224351,182977618
461,740210050,386875282,21,286425354,917762,496218343,101293582
462,379478496,94368532,21,135110265,452260,851529209,429405827
463,996963999,335981264,8,337917919,-65450,851529209,405988695
464,1003777673,584279467,9,732077372,873085,496218343,446902925
465,987854251,963370374,2,498105123,843274,342224351,521977489
466,524680275,801836500,12,301264805,316841,145169404,151891327
467,667332618,768873614,11,507991626,939851,145169404,646121156
468,359764776,440142029,10,127887674,983419,342224351,423126271
469,18468997,614149778,12,863217849,634364,432434410,1021233874
470,100103348,890726159,20,1062034018,359753,851529209,44679071
471,746828198,292868028,4,952862361,571690,342224351,627414918
472,267819532,32574444,12,244999647,792990,145169404,101638121
473,453813830,2895274,9,918554628,-20222,851529209,186583033
474,1005974232,179038206,21,837077543,916546,145169404,5691041
475,104878576,486896148,14,587423672,904354,432434410,959504651
476,1015727069,690981335,2,1015336675,597310,432434410,31761143
477,676830075,521734824,23,347787058,183661,496218343,987183797
478,16209483,155631950,1,108973155,-21040,432434410,976065607
479,1068451784,38586674,18,721953925,365364,496218343,319517696
480,371842700,121385601,7,858292218,275071,342224351,650938479
481,657881694,427522686,21,409002687,715721,342224351,430927360
482,94867580,580370151,13,127502621,433337,851529209,702316951
483,866622847,242337723,11,209803364,887720,145169404,360125281
484,54677766,242410961,20,477363159,424500,432434410,140396371
485,418803622,483830625,19,939119957,869545,145169404,703215178
486,924349322,490156577,21,794959271,748740,496218343,727475379
487,711414689,327391147,2,480367099,974937,496218343,982451314
488,364636355,117069139,3,54878315,-27558,496218343,543991412
489,540440848,684271410,4,665081634,825583,496218343,416305754
490,24091971,413010048,22,666321915,-21385,342224351,469744754
491,921380108,958673440,0,226513958,78537,496218343,387633837
492,882423622,136774233,8,523936739,863518,496218343,5807867
493,517317422,76467910,16,962951265,658204,145169404,948789228
494,522288907,77432128,10,613576590,629547,342224351,189988472
495,425708274,1054502812,7,444326448,799781,432434410,336173127
496,436339556,971630397,12,1037057862,817482,145169404,729451975
497,1049654513,798823545,23,938105255,219159,432434410,267938571
498,217859985,405835816,19,989012946,394564,432434410,717708422
499,207248028,119909264,14,716919740,429376,851529209,771653377
500,185804088,566286773,4,947488975,330082,496218343,328184341
501,851347096,923102170,13,150883914,190935,342224351,876776696
502,207456254,114869088,11,272145794,137867,851529209,928877511
503,581030059,864035278,20,998327114,321366,145169404,825618682
504,721783254,607167429,10,177224875,51,342224351,301066604
505,586389688,801355815,2,755488339,655751,851529209,730373857
506,310070461,236668393,13,718675648,117984,851529209,1025304782
507,383271067,993818018,14,896332187,572700,145169404,476971635
508,841155084,278027845,18,748743441,168590,432434410,473456363
509,662895442,526758389,4,552658216,788550,342224351,269802175
510,539194137,739350945,5,702877924,157248,851529209,815036211
511,52029878,60131201,13,196271765,457131,342224351,1014553948
512,997906085,188263379,2,913426900,393758,432434410,973668253
513,122621573,962746137,1,897522554,95537,851529209,1069917964
514,176425355,197196006,23,870377260,584097,432434410,733299364
515,1006396771,1067301320,15,952019051,322507,432434410,161064367
516,627009338,584372598,6,437978275,476896,145169404,578926200
517,380713499,653044631,10,698670418,395971,342224351,43668917
518,72679417,124745951,17,819356132,987166,432434410,152195123
519,371187335,276295800,5,742887505,907445,432434410,737367120
520,366116001,1070277402,3,1000662579,831509,851529209,411277116
521,1045561603,949253492,2,267274735,583069,145169404,297346700
522,716617475,378048268,12,188486346,635846,432434410,178940966
523,976633136,441641900,10,208925656,-27573,432434410,996801725
524,256039770,402884953,9,363711681,570619,851529209,220224751
525,73389967,717354438,19,231084610,393168,496218343,314861125
526,654904758,490451893,1,324832874,70593,851529209,233251707
527,837458863,1062301985,13,1017819052,442981,851529209,276063355
528,882924747,265018760,15,670038762,180250,496218343,773125982
529,450192300,62559589,15,268753936,964758,342224351,991244076
530,190239886,119055056,13,1013064024,499092,432434410,369699256
531,446714998,120439736,19,386666728,534282,851529209,762648960
532,482588766,202859018,15,25542158,172568,145169404,658720016
533,1055161217,91323657,15,886412335,543277,851529209,936637254
534,448710222,292350231,1,99026162,652097,496218343,652449286
535,948061455,1033222132,2,583830654,291280,432434410,804798060
536,488352343,289524778,12,224119095,334275,145169404,746817947
537,775687384,716748472,10,421489237,261479,342224351,96878017
538,286280828,3476713,19,50482078,-30395,145169404,271612309
539,1008379797,524282834,6,367720744,439033,851529209,528717166
540,271818791,643166386,16,209077521,919577,145169404,880989661
541,339291989,6387985,0,853043108,129554,342224351,993092074
542,443233563,279170673,16,729464530,310996,432434410,346177084
543,15011919,1059907942,17,124789033,608913,496218343,108821135
544,950312198,482842397,5,300771756,497468,496218343,596246978
545,821886187,725936738,10,855594512,750533,496218343,1036140946
546,120545459,166909822,19,509469834,311650,145169404,1017587071
547,50575766,479851789,22,287742918,605808,432434410,601688902
548,648245006,343555477,4,453009210,9045,432434410,495644348
549,144267713,70969548,24,750171826,9153,432434410,540648021
550,152599563,433479575,17,163015455,727082,342224351,253330849
551,360916458,521562928,15,113217662,-33489,145169404,1022823555
552,697094544,934400585,2,831179553,135324,342224351,605831998
553,534380113,391206948,4,569101881,480457,432434410,653078618
554,215925859,359389367,2,1028050863,839557,851529209,811663924
555,931540408,854141031,15,234700530,548652,432434410,270712149
556,279737949,762705593,1,884656376,794422,145169404,435572216
557,500113072,820512721,15,578108531,955904,432434410,1036007565
558,724973532,585999238,17,77373530,191223,851529209,813685650
559,762043443,324539325,7,120636654,587294,496218343,729852608
560,264361769,618594702,19,328608422,146959,432434410,247776092
561,1032363218,495985887,18,293950615,232344,342224351,300740322
562,310410000,449425113,15,763490905,923450,432434410,1067234094
563,638489497,463285421,12,775749435,323171,342224351,812278378
564,366479707,983838779,4,682859994,630759,145169404,242401801
565,678360460,997054914,4,687350840,268888,342224351,229901850
566,102269792,374489312,24,461235324,192810,342224351,15071724
567,494205397,423315821,21,531935115,847517,432434410,880585150
568,598102328,164686680,13,187334890,131756,432434410,61705105
569,57505442,675821216,2,1038265579,-79523,145169404,905171876
570,109725399,818217035,15,442565581,848087,496218343,1070431445
571,1035776259,416090132,2,776035502,899323,851529209,427433887
572,104917367,37023317,11,996994705,725265,496218343,29489876
573,848534250,1027855289,4,409450810,233396,851529209,879413708
574,12369566,452644434,8,185154637,978756,342224351,637699867
575,731884695,987325596,1,115165440,365229,432434410,779918956
576,254470911,690585598,1,635159847,209163,851529209,1039165558
577,183679760,179188721,14,1000917064,705915,342224351,6616802
578,768075718,732266381,14,864239665,618123,342224351,544860048
579,234644982,813763830,0,908970594,192496,145169404,93642846
580,882634980,944154774,11,978858191,-18163,432434410,980274372
581,391218383,231459717,24,1033418178,324210,145169404,271941169
582,127153703,929688403,3,707747873,487955,145169404,1017251332
583,635188236,164858271,13,314116728,368607,851529209,28151217
584,916876467,148642390,15,651893240,882570,145169404,299496354
585,339049128,625545957,16,509913432,782026,145169404,311376938
586,521460881,429221340,11,847619773,513435,496218343,155830917
587,276596404,449570453,6,884933958,707779,496218343,570354302
588,281536481,70545568,17,230375880,48389,342224351,989654882
589,375727548,987649490,19,866888349,164705,342224351,884865870
590,407067280,168899535,8,739346200,399354,145169404,793156493
591,317488289,872934755,20,62767550,634466,145169404,91569815
592,121930532,229413813,24,653772988,971275,432434410,68081833
593,238879914,865923201,9,905950560,23351,496218343,222118833
594,582132022,10565205,9,111501584,651842,851529209,675562747
595,925504861,967536201,19,547168403,417717,851529209,226852890
596,596048960,831687948,5,93798438,172288,145169404,546446507
597,626333325,507389770,15,990795335,244352,496218343,143855852
598,965074904,1006344190,9,398730624,324478,342224351,1029608965
599,203798487,22148319,4,975175673,600452,851529209,286857874
600,990972751,130241504,12,958868632,200344,851529209,283655025
601,706116939,541454728,1,963118561,976820,432434410,789214666
602,675457420,74521148,13,273509115,840490,432434410,647198454
603,911437607,432704282,19,747463284,816113,496218343,995874338
604,891868222,883129378,21,247666708,319596,851529209,848252084
605,395043114,199539568,23,668481083,-54973,851529209,897853102
606,181948782,97690114,1,142034992,967698,496218343,397916203
607,605840557,702901908,24,773261530,403845,342224351,403596023
608,570640085,282322398,16,1061216909,225636,432434410,228278639
609,256027916,390582542,21,867153595,365106,342224351,550644944
610,947364896,918051299,11,193703636,337492,432434410,1059913770
611,980830292,93371669,19,160748426,427243,851529209,607937730
612,506763205,351892791,14,670356026,766916,851529209,626871357
613,448506154,469370335,4,1057186762,667975,496218343,739015661
614,556203014,730571484,18,285297324,963024,342224351,519958478
615,75156513,506555882,2,291488503,-48248,432434410,560578768
616,719420888,586582085,1,767883154,689865,342224351,387415060
617,798709520,629357865,14,1026238801,362593,851529209,562682947
618,323950104,817858704,0,226204494,-93238,851529209,825443501
619,491343702,1065985353,24,1016071947,233698,342224351,106249259
620,190250923,976324000,8,388775806,579515,496218343,853639491
621,532811201,562608158,17,261931484,316428,851529209,1067437004
622,802117256,42320748,13,411996833,597411,342224351,706378507
623,197155793,990347472,9,211240155,788760,432434410,1035829911
624,995312418,431094437,4,842728739,390711,145169404,1904205
625,392571086,205736574,13,473672689,574489,342224351,271624698
626,14560171,417130845,5,106383841,544712,342224351,714767714
627,1039089496,671831551,15,666220647,582668,342224351,670009492
628,639622540,301271205,17,613601740,495425,342224351,568085789
629,950956751,747253633,12,540844367,510077,496218343,809584722
630,428985642,717481452,24,390281697,364905,851529209,57971823
631,546457372,393129410,19,161253442,260300,145169404,654161016
632,107094414,946174577,3,188330044,-48792,145169404,611461472
633,45932647,875507498,2,705857740,338552,851529209,1047895257
634,504244725,303178995,20,3527362,639758,342224351,922349665
635,34356567,1066210645,2,545120438,821679,496218343,911202969
636,905372645,930758557,7,569984565,366047,342224351,378272525
637,68667666,1043787094,7,940617284,751117,851529209,194662290
638,972846757,153774763,24,243476975,225840,851529209,1035070635
639,1034112978,930672480,15,572197242,489914,145169404,4754628
640,92711891,20143027,2,794139500,302584,851529209,740579619
641,425784991,537589177,24,620602355,33949,496218343,1054632103
642,389877,479828676,22,1056305196,568401,496218343,981264675
643,883422408,817890696,0,262300203,518470,342224351,340544749
644,263866089,975504758,18,437971137,618315,851529209,782045762
645,928935592,83370099,11,689938192,114649,432434410,344029377
646,522218740,807874140,2,483794272,607442,851529209,980220858
647,242316166,880955426,1,298344159,-13297,432434410,586314425
648,545667895,731138479,7,304202690,702924,342224351,1065102193
649,104001740,47195984,11,694287418,944254,432434410,418794198
650,708500516,559834191,5,1053947067,208691,496218343,186933151
651,21891553,1065673104,9,196351761,471631,851529209,823939988
652,432300527,1047203693,20,477181614,-91965,496218343,818583807
653,1062337186,770198998,11,88049323,730755,432434410,107209893
654,337018055,929847349,16,480732636,106704,496218343,560153297
655,372848929,682343789,14,637731315,172468,342224351,39270157
656,382075715,57939639,5,779497194,-39009,496218343,790458051
657,232269617,1019901290,19,649294922,872996,342224351,196905296
658,484107084,118811546,1,903544541,471668,851529209,478823024
659,133877582,220142824,0,912242727,529768,851529209,350720415
660,1020463725,786111251,0,550866921,211030,145169404,1022030211
661,893607243,701933787,4,757917646,173544,851529209,1069945451
662,438183335,74417989,0,772123571,451733,432434410,371769808
663,215820261,856735351,9,695431737,969820,496218343,1008433006
664,161323856,682448600,15,239337035,887821,432434410,870882410
665,1029593168,543715258,22,1034684337,-61679,432434410,983708358
666,897231937,228221368,2,528200573,453854,496218343,883418755
667,366771303,176426748,6,754511559,328876,496218343,416537385
668,57212116,139742353,15,147814460,818421,342224351,402279398
669,243277001,1061739320,10,521728325,601920,145169404,781310968
670,1018055446,561226942,2,770420058,673893,432434410,728974585
671,458705139,759651065,21,301647614,322787,342224351,590204680
672,927599489,854019640,18,300356830,777895,432434410,647774441
673,449296339,370290647,4,664216280,394258,145169404,748257304
674,372789894,139199879,5,1045741495,788964,432434410,184848616
675,229657912,1048111714,20,269026952,529526,851529209,545274332
676,682631515,316506414,24,495428279,552761,851529209,838034388
677,904126849,262816209,3,14002039,558263,496218343,502554074
678,985614707,805388521,9,682849497,630293,496218343,761341801
679,422184688,816602660,10,309584561,139444,496218343,838363267
680,388958820,384005842,12,494782842,436622,496218343,117303378
681,1041380020,185841629,20,771063268,23553,145169404,432605036
682,605566371,957415337,15,615217526,742060,496218343,633699212
683,290783068,142654806,6,939837713,912093,145169404,106371212
684,423251598,214437134,15,393879737,854590,851529209,519270260
685,841723470,832917849,17,141552250,203984,145169404,723984318
686,100050585,736202052,6,368878318,550336,851529209,889686498
687,753028593,1007807378,21,128546472,499931,342224351,917502509
688,447682458,1041567048,8,778391021,335447,851529209,636766144
689,90911607,167612316,24,962813423,148124,145169404,968715609
690,297665132,151460241,3,786731412,10345,851529209,885437731
691,491170575,34100932,16,909211027,956615,145169404,210164125
692,1038894258,70117206,19,591938799,27670,496218343,952070724
693,4824319,1051609958,1,301990888,657721,496218343,274955669
694,685675482,507664936,10,988068572,222265,432434410,916919329
695,285616471,366115570,8,25922359,912654,342224351,59577178
696,67024115,668487194,22,842900109,377897,851529209,1005196602
697,144927214,797687981,4,247012956,812184,496218343,354909917
698,99334585,289210028,23,327262330,289422,432434410,1015807999
699,5817015,493631112,4,632409106,-80922,851529209,485042850
700,30766495,224474517,0,1047928381,436753,145169404,382061814
701,192282564,46609728,2,976929009,14897,342224351,320810585
702,859865655,902622572,3,1007361466,478205,342224351,392106005
703,336949652,478492066,6,1038471010,399842,496218343,725728692
704,665223432,1058768229,9,236943373,44144,496218343,108963584
705,594602804,523450212,18,393398180,319900,432434410,485601870
706,810735788,901841626,19,218116020,649608,496218343,262716211
707,404758327,162269177,21,80843088,261952,342224351,1030817146
708,159488748,897816639,17,243342915,229733,432434410,316983126
709,256345447,671248721,18,469855465,-86794,432434410,461616878
710,292752731,630814499,22,878269471,741212,342224351,460299186
711,749759360,763944290,15,648870357,959151,145169404,726478655
712,529049558,320069123,6,370650212,866709,432434410,181793682
713,512218295,417377371,10,534892652,382903,145169404,306767684
714,1058430783,624388438,9,197898041,243810,432434410,566446776
715,759162722,900156949,19,393644089,8505,496218343,971665395
716,915793549,525193632,12,677514883,836499,496218343,636802968
717,994457449,724548070,12,722439981,851094,145169404,180910844
718,269626117,167269040,20,1020611158,843840,851529209,358182180
719,512383563,177664993,15,220407587,-77447,851529209,948353598
720,401812705,585723629,22,539549804,535732,851529209,1059695531
721,330693814,307405041,21,165724817,342064,496218343,705272771
722,149055527,783874189,20,311070320,272480,432434410,1071224485
723,507126743,156354720,21,1048995808,73857,432434410,949388929
724,655675057,1036064604,5,468453744,303529,496218343,818442630
725,512842423,824790262,16,125410094,503024,342224351,506015555
726,183038483,226913251,3,69739909,625381,432434410,592007537
727,897371157,341414220,18,631354171,80737,342224351,446184894
728,329268098,885093276,24,956670739,434972,432434410,323585589
729,364443230,161483605,20,10916972,894726,145169404,712110199
730,627835042,239958749,2,668625159,471822,496218343,920832216
731,166486700,362110998,7,579431343,931117,145169404,227546103
732,545821249,886489535,16,450318549,483051,432434410,972366747
733,760789139,211450282,13,508563382,435109,851529209,146176977
734,936436982,122274597,18,1046510315,975070,496218343,824550150
735,919146329,848530485,5,1046679325,29388,432434410,1001252902
736,906232649,436085589,1,1067147735,911468,145169404,187166764
737,595639201,1002166295,18,742218681,250173,496218343,453556047
738,413851763,464514201,10,638667786,273495,145169404,807635216
739,333065343,106844220,14,842419162,634418,851529209,1032772963
740,1023281302,987306085,10,892886279,173376,432434410,204166385
741,836546069,907289781,12,825138722,919541,851529209,1060467503
742,926662757,116960655,12,609678644,638124,851529209,851317954
743,403370254,733690897,20,733778468,845037,851529209,426223811
744,539379601,406582221,7,879624985,245881,851529209,946360602
745,481469984,993022140,18,137461136,711514,342224351,838895531
746,44001175,596608693,20,764760550,116446,145169404,702400475
747,249878194,376684479,8,8462428,6795,342224351,636155064
748,694800618,928528011,23,689115140,695909,496218343,201736157
749,627669424,340707522,24,764823586,749142,145169404,964167378
750,552678364,638375376,8,575388227,26989,432434410,1003453672
751,407247402,333466212,0,204495862,213098,342224351,862572121
752,629903041,717448954,8,597191393,836366,145169404,842574864
753,130738142,797693169,17,654031705,811444,851529209,695064523
754,957588953,860856938,0,910367449,-56686,432434410,244832452
755,978226424,120341341,16,301791540,763194,851529209,1179259
756,1041592746,446056675,14,820737812,811699,496218343,793089144
757,954065780,878787803,3,976849859,933482,496218343,354377240
758,120971922,481197674,17,1073328226,635214,851529209,376082373
759,945150257,265904710,1,191450883,347759,342224351,993182435
760,469789580,699960812,2,717884114,288324,432434410,997803488
761,408922709,289904322,19,797968265,152596,432434410,787559277
762,452814932,544758595,11,496272729,376490,342224351,883476488
763,611272707,598730698,1,1002096201,265027,432434410,588589892
764,1056576566,104689586,16,354531189,206144,145169404,180174149
765,550450321,493370377,20,612407973,568333,496218343,82213079
766,1062048305,461531867,16,12226532,467755,432434410,706069783
767,280616867,43663981,17,504324278,764709,432434410,733662204
768,1002549545,441139053,18,927515586,961884,432434410,120694878
769,1058027228,350628341,5,758826541,595086,851529209,211823440
770,989708046,896964579,8,454031097,206679,496218343,466860631
771,747164818,959909440,23,466084079,746174,496218343,869739059
772,984931039,558861874,20,105573519,755516,145169404,27784968
773,62307608,927243049,8,1008371471,457824,342224351,517231576
774,935173343,887964828,11,102258250,-50637,851529209,33551281
775,429686186,409192468,17,911073394,137667,432434410,131849998
776,447671584,740922615,15,532979623,266901,496218343,905725450
777,595648423,172260358,20,1053088503,909752,496218343,546191708
778,1028606090,576599241,23,400915716,5243,145169404,20554516
779,272328046,770859042,5,358258078,-90248,851529209,14896671
780,316133426,1069321778,8,609289219,987412,342224351,926910039
781,92905959,920568910,18,738597475,640362,145169404,228579979
782,950949832,213109115,19,441418966,-32632,496218343,589120789
783,110147388,391147341,1,91119861,243632,342224351,825884494
784,262864634,948729342,14,103484245,317047,432434410,580031439
785,934156016,457326534,18,403982230,10814,432434410,899682417
786,790265067,346826606,13,958042321,40003,145169404,968096971
787,95091960,356269342,10,821090691,21216,496218343,1009383531
788,52837093,66418368,16,461837060,-33069,342224351,1021086680
789,770828112,708555076,9,168090890,603860,432434410,243772060
790,815668729,542040632,0,169130833,272498,432434410,880558843
791,893011017,191148971,13,917775438,369481,851529209,932624371
792,204995067,289521066,7,603764309,167246,496218343,73815087
793,606813895,296854884,0,547743289,207298,432434410,616177115
794,238269456,977038428,23,841387952,170950,342224351,400530856
795,691779243,804265325,14,966565739,844318,851529209,685091618
796,394972716,748218951,3,687931741,258423,851529209,318717140
797,953900819,615602095,0,415220758,306311,851529209,23006954
798,485891239,882840745,4,233204867,-39113,851529209,1025895916
799,984274765,948383794,12,320613063,226325,145169404,354909062
800,1060248130,833865579,14,410049251,944339,496218343,981850747
801,469725799,563204132,16,137887070,520732,342224351,693119523
802,485220384,865965997,0,589644049,137752,432434410,973901008
803,81889093,608720751,18,63751968,600309,432434410,837489412
804,275370625,205809939,24,313109180,343,496218343,449315354
805,890825575,602699398,10,69268387,51169,432434410,994106917
806,290728892,615783996,12,542780180,685928,342224351,396966741
807,749642053,330438019,17,205149324,192989,145169404,18337518
808,248854078,153772863,19,749187126,556193,432434410,994628471
809,866595983,592840944,16,524366133,-59423,851529209,318949621
810,988875119,399407571,9,649716744,963277,342224351,553119560
811,8881708,489718046,15,119262518,901002,432434410,286587752
812,118126786,331387837,17,183892681,342867,432434410,110434935
813,810328102,97823879,9,213234811,567347,851529209,943691704
814,253528421,874724492,15,46562749,401118,432434410,160264228
815,113135838,670137840,12,756785733,584133,851529209,140973998
816,189677306,479817482,24,309814312,923932,432434410,815405496
817,497243069,195049337,0,135050903,729764,145169404,157104350
818,174320837,461159541,20,60149501,-57439,432434410,452941858
819,815887737,231607123,12,192261995,215205,145169404,116718439
820,366456459,19483835,4,912542557,-61428,496218343,952088537
821,829960469,883391610,5,768621569,269142,342224351,20635430
822,441887510,353433273,13,831902935,73647,432434410,1018036091
823,842750708,964173592,0,714129385,73879,496218343,148641557
824,383889750,664157136,18,321267497,684029,496218343,1050401676
825,136941464,885929995,10,315923661,180901,851529209,923208790
826,852484200,687940565,13,105505687,893814,432434410,927063946
827,883646577,656646458,14,582616280,541120,851529209,24959802
828,692377985,955508,23,862297934,705968,432434410,944534996
829,534073374,659952927,8,1038031059,408656,145169404,30059876
830,812742925,546081249,23,686530104,777565,496218343,675296843
831,361806540,809244750,20,537247678,340149,496218343,928494807
832,132378119,283845136,19,59799586,-20149,851529209,816422408
833,199950537,802027124,6,502365731,-52614,342224351,724634205
834,519075289,1059502534,14,37796749,-97625,145169404,415312376
835,821856386,406236849,21,799395128,210681,432434410,1029857324
836,1016207963,907284692,12,840658163,918471,342224351,504026394
837,555347505,74994053,9,249316325,270129,432434410,550377332
838,196584234,959112030,5,150668161,160576,496218343,170993602
839,743749574,300528087,22,256495425,292478,851529209,811957608
840,943936789,501054348,22,316311376,679900,496218343,725335951
841,908154066,1067337566,9,1001548,88420,342224351,52627926
842,602151471,953867434,0,204199316,863549,342224351,707408348
843,17431895,249356041,14,986030198,67573,851529209,534534511
844,199242922,971400841,11,979831311,295490,432434410,976404236
845,130201342,471541319,13,984577176,689889,496218343,302380209
846,534633440,960929402,18,225124971,765073,145169404,532112524
847,481431119,472533334,23,870554605,482208,851529209,977639754
848,320130196,877743081,15,1002067356,568559,432434410,54582605
849,89745173,752549155,24,477604659,967064,145169404,10860337
850,429850728,588115204,22,906369929,757655,342224351,887143496
851,400817433,490688046,9,1028280160,114423,342224351,855065790
852,900790632,207973248,5,869958039,109898,496218343,186661827
853,453744121,528045804,2,118241280,-44473,145169404,609392783
854,508507208,12128457,0,17534291,339386,496218343,227499996
855,684695326,59154673,1,423741877,355049,432434410,23332737
856,745469683,22158185,15,992840111,698855,342224351,318847319
857,4080332,536108879,5,543662797,753716,496218343,704377553
858,964215390,588646092,8,235402221,-82937,432434410,592928415
859,169276250,532866907,17,793571873,673718,432434410,27943218
860,211661480,1000612564,12,271857616,683689,432434410,397814097
861,234626449,195463962,14,513077798,-33680,432434410,220251312
862,407939706,748304457,2,171133807,233892,145169404,929628091
863,840241352,997188647,3,946335088,527452,496218343,307083738
864,1042323747,1035786183,12,361196840,893276,496218343,207482004
865,60078192,59731279,9,305171478,301638,432434410,479273093
866,936753509,576976694,20,957444488,626588,342224351,244298055
867,335133716,188946098,14,798314475,568023,342224351,263633390
868,828814510,897645698,22,74190895,761648,342224351,37079295
869,466317848,234918853,2,22212809,122806,851529209,333932173
870,472707271,569930658,2,757334607,197076,432434410,339310137
871,361402588,68139348,20,180390172,-39589,851529209,651254835
872,541696857,547225171,17,1069770360,-85861,432434410,11627305
873,774762047,235235371,6,202970445,-79738,496218343,117997443
874,1019956525,609891685,0,263214028,539174,496218343,103445726
875,296970975,520630571,3,1063045250,-94928,342224351,215465192
876,996919869,97634406,20,777408246,436763,145169404,117262423
877,93134087,171142631,16,141772817,175533,145169404,348837080
878,518487567,1044885213,15,433450127,878153,342224351,1040202546
879,853584794,399832278,2,827370184,223519,851529209,103340024
880,902668984,220233649,8,169370524,-7763,342224351,746207163
881,216625138,980033870,4,1057778319,214171,342224351,421577408
882,385407347,282609266,2,296555418,165012,851529209,554974789
883,1024990631,154987588,3,787144514,47996,342224351,788901994
884,826966986,624971167,21,690339585,160160,342224351,360693013
885,936302505,420371779,5,1004362711,-95994,851529209,519469709
886,362144584,731112498,12,736597046,119433,496218343,580997202
887,711967371,447981089,1,165646889,700942,145169404,766450637
888,627389710,706917402,12,646774347,635804,851529209,1040264132
889,969422342,369252817,13,1071417818,363535,342224351,386641341
890,452539916,614665117,4,741687001,332921,432434410,153992212
891,15916486,556294612,11,607384712,603218,342224351,750150841
892,658781330,142655863,9,397266560,479997,342224351,492963321
893,825074574,2050850,13,217486142,825087,432434410,899305795
894,902002338,974391174,16,1066795346,448342,496218343,280069296
895,1030414840,730063081,0,256870204,90443,496218343,867167789
896,577321039,459133831,0,787596285,765972,496218343,26354409
897,850539169,739980469,6,50371048,199942,145169404,905091677
898,441925723,1026122009,3,428317551,813724,496218343,624648938
899,818817013,548935420,2,971021332,860553,342224351,609062880
900,505657208,1035848348,1,446635017,319539,432434410,329445497
901,443417186,381463241,12,331782965,93835,851529209,926143372
902,167958136,982818132,4,810211965,585848,496218343,668617652
903,1041785923,883668836,7,742928540,50923,342224351,356947071
904,225277442,49969307,5,1014499409,956282,432434410,427980573
905,59894796,1009908005,3,601166705,-60073,432434410,332285396
906,519059025,341740599,6,154143434,-61345,851529209,52021372
907,517588793,635248660,10,895460770,575131,851529209,828485546
908,543684530,825655180,12,1037437669,321596,496218343,828989866
909,436972062,814093873,24,240223924,556558,145169404,717398563
910,15538591,437685655,9,856517404,579469,432434410,542468706
911,862030609,666778170,13,391545630,636460,432434410,786051134
912,99175979,767173470,14,460818201,386136,342224351,609020047
913,681391504,58913874,14,97298141,693516,342224351,820491250
914,126236945,266205082,5,271877131,123079,145169404,978382254
915,126618824,1006758657,0,35423796,377653,496218343,227779998
916,375872142,928925633,23,858207931,13059,145169404,547895876
917,169748639,1000809721,1,382760274,367965,851529209,653982911
918,540057587,704836823,19,153301310,-15506,145169404,968202316
919,17555624,269567238,9,335133736,977496,145169404,894755410
920,405703867,826413486,2,123378595,99058,851529209,809474018
921,939754357,546757652,8,1026454495,365109,851529209,711223479
922,684343,273294775,7,732196227,386925,432434410,537748527
923,493395812,1009760255,11,653511032,746220,851529209,961108518
924,960742570,899970125,15,419267597,421253,432434410,555159269
925,843478171,847340994,10,526251891,193939,496218343,495389547
926,599004733,755157901,16,506958211,27450,496218343,661224573
927,999557669,468589400,17,260670029,241765,145169404,791250605
928,684119893,152591215,21,954684990,833070,851529209,209796183
929,236332020,770163246,23,845056418,407918,145169404,786650307
930,345188505,295445151,19,227003561,478720,342224351,422199799
931,1041903586,162447666,0,808229642,240969,432434410,593847595
932,454774273,343212840,13,215348422,655337,432434410,1007990842
933,492934491,937379914,14,419847592,854116,145169404,954754219
934,336735649,261308584,12,818516903,-59269,496218343,32261639
935,594763988,270451416,0,664640559,253125,145169404,1031062405
936,468506401,812689386,11,641033700,365090,145169404,803102397
937,598819500,34436072,23,416178201,66851,496218343,466719850
938,381126120,578278225,12,249239576,258452,432434410,1036290431
939,922967665,378126397,19,297869760,805951,342224351,200722525
940,694790562,164820780,19,590673651,25359,496218343,1013639904
941,825875728,120583548,19,767413675,299018,342224351,25110225
942,233198239,397908816,18,201847334,589817,851529209,340612184
943,1005723063,981983467,5,798443600,754105,342224351,76166167
944,316622377,332579622,4,20318278,945478,432434410,677267699
945,437972034,406274909,15,821053377,961539,432434410,538796504
946,408850210,365119897,21,1064892817,299073,342224351,763884531
947,1019902303,178724827,22,1000724302,409224,432434410,421083930
948,442027439,237421523,17,51858376,434689,496218343,376719746
949,661304216,660213329,2,934660391,534067,496218343,439002767
950,470262638,60830923,15,1018741371,960977,342224351,950539708
951,157898762,65512301,0,686804091,749947,342224351,563889986
952,376611932,403282964,24,243061260,371014,496218343,238750353
953,263521811,820832082,22,737104417,629206,432434410,465796311
954,453803341,514842199,19,609505271,574000,342224351,690821470
955,630489390,443784067,0,763888898,13831,496218343,135419657
956,739324510,4516786,20,974182220,158714,851529209,325257846
957,414842604,655167279,19,217812923,907668,342224351,147814846
958,654092837,689775272,5,155144582,179165,342224351,532563371
959,532930220,3772617,4,548879610,326614,342224351,159348658
960,38924142,380468189,4,788011779,193259,851529209,709392340
961,262610971,137215564,12,653143458,696368,145169404,982967080
962,498132980,208841489,4,510106649,755700,432434410,426820737
963,962210456,236073595,13,1068691642,255748,851529209,195534693
964,387068945,418611563,12,446626877,475658,342224351,1031819441
965,865672730,53758573,2,653989301,476880,145169404,213801019
966,272901088,73042368,8,977995146,128326,145169404,934601608
967,386561325,884296249,23,896473882,571041,432434410,593670518
968,577442039,238497102,0,810345453,892196,432434410,521811955
969,618134454,283450212,8,857762430,860162,432434410,853932063
970,1063190432,40233835,14,344578809,362360,145169404,997028664
971,117129457,313182429,1,22118395,391488,496218343,175955577
972,1070932037,848178544,4,474263951,445346,145169404,1044207136
973,847958146,349284095,0,542786106,322918,342224351,980586012
974,999383993,79648292,20,542193590,782610,851529209,471224073
975,485609706,697209415,16,107027787,436406,342224351,197391399
976,986254305,103140254,19,866761006,777285,432434410,350510466
977,733861607,889386157,2,873735587,31100,342224351,738300714
978,268432905,587407601,24,704596010,-5051,432434410,464614101
979,1023008699,470066137,18,1002318191,705513,145169404,1018271298
980,449873046,523921003,1,932146337,458633,496218343,645753072
981,69402388,155512884,18,988306358,338326,145169404,307324204
982,989627514,3043996,23,194580787,143755,342224351,661648782
983,350339921,144363909,7,215456782,290295,432434410,782206521
984,857953799,443083354,11,339217060,281197,496218343,379893826
985,1033071618,213570478,23,287918921,270121,851529209,843584921
986,397092171,906330386,1,308866697,17873,432434410,926283449
987,855415307,594135847,8,736421115,985064,496218343,160926771
988,144218964,559074138,3,745916753,774697,342224351,1063217482
989,423010531,612676661,10,179068679,545374,496218343,894347742
990,883155300,745062432,0,542651466,698849,432434410,932220437
991,93122617,774017465,21,172520819,653353,496218343,422593576
992,16807037,661359308,5,354237623,502775,145169404,296914082
993,385852040,39011599,7,127558713,842187,342224351,1052758448
994,808984030,211915642,16,358995116,746127,851529209,306675787
995,814580073,946916884,13,257744266,-34179,432434410,804163891
996,41886861,74449620,22,46617008,645078,496218343,932195762
997,709629300,248155576,17,162912080,36703,342224351,802962026
998,508465382,27694215,17,198254690,667920,145169404,1063345261
999,848749306,25779206,16,1072200287,40389,432434410,1069482215
1000,900993380,469605820,22,451867600,-88170,432434410,985670972
1001,387744646,72313361,21,229636611,714081,145169404,66912902
1002,239016262,861875310,10,489635403,369976,145169404,538734715
1003,284339847,352264729,21,580282901,789400,496218343,782972712
1004,546285966,80602214,8,717570520,151246,145169404,758954705
1005,893925996,815417260,13,374337444,779094,496218343,890168387
1006,990509105,796362274,12,52662765,744799,432434410,874519465
1007,217681991,354044669,9,709010751,734790,145169404,91849553
1008,428089503,244536631,2,6484338,819174,851529209,846415503
1009,795740250,1003084380,12,690731874,59450,432434410,13051538
1010,171315999,62700357,5,762849012,165278,496218343,615479899
1011,200927958,978253867,5,662211013,118894,432434410,1052016771
1012,877550510,305407620,4,689123009,442245,496218343,98083678
1013,447066741,59798346,15,430347478,-95153,432434410,688932142
1014,821325759,393229930,11,427454449,-39284,496218343,607456878
1015,1029483524,270776990,10,85807494,639200,851529209,1071680462
1016,397437311,14372068,11,522403776,235754,496218343,766000957
1017,930310100,779394579,16,238757608,-91370,145169404,898862547
1018,944897555,222531951,18,611925654,834170,342224351,271003493
1019,65659532,937825730,21,579551694,211453,342224351,656743913
1020,38115655,897075587,3,1002880242,691487,145169404,651483192
1021,46975952,263497272,6,447641954,128676,145169404,706888617
1022,623707158,763677008,8,409020516,960583,496218343,553866861
1023,736051973,1072895017,17,768975802,718835,496218343,506538760
1024,188348663,464197119,11,1008033348,-42509,342224351,753751778
1025,1034836420,987097871,8,75378409,336346,496218343,173300328
1026,816989159,429742017,17,721465815,969928,145169404,19211553
1027,111824062,177868463,2,568785771,494621,432434410,67176156
1028,60544268,473592171,10,178829247,191553,496218343,518252965
1029,591560099,354508895,15,893397998,625218,432434410,895262206
1030,503630200,155397232,8,201930169,635927,851529209,850394347
1031,755640871,776944828,21,626928198,222680,496218343,376254516
1032,933827007,172183950,18,718051191,185364,342224351,876880496
1033,73693293,806038519,8,947023926,8106,432434410,587999594
1034,997695036,632055010,5,925875854,734982,851529209,235147764
1035,679609706,162104756,10,404112533,749936,496218343,644309058
1036,39921931,585567117,8,1008897481,176623,432434410,1040813606
1037,805250948,690841318,23,94631436,493625,432434410,863470449
1038,722528413,967295153,17,1029776419,-50992,496218343,337402666
1039,80116064,994698374,10,276280392,761854,342224351,153406339
1040,500235766,212138365,11,310632950,286071,432434410,116814885
1041,148971714,852501642,11,111567568,799398,145169404,1036142937
1042,109276564,117263909,5,891302974,984987,342224351,199328623
1043,715345676,313133856,7,149553820,584776,851529209,936316496
1044,774420436,195202647,0,391427504,729130,432434410,429018747
1045,440887123,782097409,20,620878530,294219,851529209,601079997
1046,54846543,730602528,10,510917989,231100,432434410,353201553
1047,41064088,458651639,9,933986627,891899,432434410,218894412
1048,296727735,170700165,19,508410495,258391,432434410,709161948
1049,456751337,430469575,9,952760472,874799,145169404,542651113
1050,839470100,856623445,11,177636089,-51765,342224351,880144258
1051,609350960,907390492,2,804655979,977639,851529209,998374720
1052,769632826,718485236,13,589650312,283796,432434410,769929949
1053,990621622,584155803,16,300120895,-47385,145169404,632839260
1054,294509795,96277503,21,379529322,884427,851529209,571619377
1055,535437929,827148330,7,376915718,63992,851529209,143867020
1056,834973683,758706949,5,944613752,628712,851529209,393873243
1057,869519143,890369109,24,158768762,-37711,496218343,123127526
1058,570066866,474418965,19,536206806,680755,145169404,478794176
1059,422778380,287822541,23,498003131,154750,851529209,895012893
1060,366852767,1030875384,8,970917737,284059,851529209,875769116
1061,871574325,402960233,4,668049508,-25877,432434410,108550709
1062,816963004,152247119,22,786359741,470992,851529209,717793583
1063,743995166,328741879,21,877860787,166328,145169404,505893662
1064,881297993,984272601,15,822443524,166607,145169404,562274519
1065,312547484,964543662,22,135682281,466341,851529209,416373485
1066,57605434,433863370,0,614307476,94968,145169404,123622849
1067,882011208,69176769,23,655203685,915384,342224351,177904340
1068,959864391,535371470,18,980194313,73740,496218343,168730461
1069,946583126,513754611,21,658965093,546529,432434410,840756782
1070,884676062,343976390,15,806310122,316023,342224351,174275098
1071,280548600,208422331,16,161117944,403356,145169404,514379259
1072,390156801,971594912,4,120860721,797948,851529209,770593914
1073,213862871,716802901,10,699605457,821723,432434410,948980523
1074,44942990,552645709,10,704696793,12267,432434410,434491946
1075,663919450,530608466,21,713433394,271450,432434410,785780916
1076,515914954,464035102,10,312307570,350935,496218343,1028635935
1077,755612692,775334539,21,515208671,858178,496218343,443499828
1078,772380929,618485248,19,796902209,7093,145169404,446278346
1079,192780006,391619151,19,36154331,213591,496218343,484103920
1080,904743117,1000678830,12,917619130,326719,145169404,750031607
1081,14748098,280973990,12,153972131,864742,145169404,928849043
1082,427846358,659212613,5,452974811,324792,432434410,989007408
1083,571912582,305302894,7,930523484,384729,342224351,845535224
1084,197414067,753813627,2,617771549,141675,342224351,419202281
1085,1032958625,729218040,21,927483228,527588,432434410,202124435
1086,616704964,249093875,8,184506913,972683,342224351,1063753174
1087,865183795,725337463,21,388726011,587821,145169404,958010320
1088,924000951,530032,22,836940709,209862,432434410,724839076
1089,686687951,154242763,18,942942436,342995,432434410,380466380
1090,1056364064,684287328,15,1002975465,521243,496218343,484632619
1091,855853642,470667927,17,250012279,-71053,432434410,27178009
1092,738075858,677380857,15,759920349,200415,851529209,726928460
1093,1031828779,716065010,24,737046407,-27395,851529209,563314847
1094,1026913049,700703509,2,581614557,254448,145169404,617103573
1095,902076434,919647351,9,558755870,622126,145169404,157060879
1096,702358628,205246084,4,710601185,368737,342224351,740207066
1097,471315000,145943078,6,534042356,865187,145169404,592869646
1098,978144009,1431552,22,126557835,100922,342224351,503746794
1099,1047395759,774462084,1,279274250,899007,496218343,489028834
1100,899524415,775307981,12,432489218,918975,432434410,344089914
1101,474781472,880714985,3,473395499,-84272,145169404,177459718
1102,710858609,178583577,24,163263105,236901,851529209,111451853
1103,843420132,745302157,16,138854097,487810,496218343,1053292858
1104,1058457493,414178882,8,261407340,123047,496218343,263612032
1105,768384337,100476708,22,70848737,949145,342224351,340504486
1106,379961799,771396020,21,28205983,997762,851529209,260936301
1107,941274392,291395281,1,998151342,796162,496218343,541414677
1108,229820833,395663730,7,1024934974,499735,432434410,954392622
1109,14112,422611060,22,374618468,338722,342224351,623039786
1110,130708043,823815469,10,299846680,204165,851529209,279145202
1111,85985686,727924901,6,447257299,289221,145169404,824726656
1112,151226241,295254875,20,189931601,931459,145169404,243709848
1113,209119430,434700140,12,377021066,739230,851529209,568424778
1114,883182468,679700138,14,264442099,644683,432434410,383716837
1115,114674260,188887194,5,209171347,-17852,432434410,762371194
1116,175985885,752381164,14,126993630,59260,496218343,490201964
1117,40602399,196942914,23,732107069,282907,342224351,709366876
1118,189472631,396078125,11,794439297,413018,851529209,255106048
1119,644595464,555981857,20,264805960,397165,496218343,155068855
1120,852445500,302552202,2,379447513,154364,496218343,160687542
1121,824117686,332021765,20,788828774,394211,145169404,379160677
1122,744353014,721524253,0,23262499,4521,432434410,568741274
1123,179254795,252899054,16,327824754,978636,145169404,180321790
1124,941817547,153691355,1,17289060,551273,432434410,520720921
1125,352656200,204234258,3,377999983,842754,145169404,41738623
1126,801326667,518344124,8,387551820,390597,496218343,607743190
1127,791428908,116541452,10,1046970576,863135,496218343,665259961
1128,169292368,693426085,0,541499963,812399,432434410,951585497
1129,514962052,581178011,8,732065133,602002,851529209,218851519
1130,79107327,575839714,22,7144852,951936,851529209,817792277
1131,997788113,136989048,20,59548608,601910,145169404,402844890
1132,836759821,556080921,22,491083322,496212,496218343,962121358
1133,771342540,861878159,14,825696373,533536,145169404,869085854
1134,843195337,633523891,9,415962988,845826,851529209,146054640
1135,378237580,900222850,11,329346881,306178,342224351,478692387
1136,765291644,558541717,24,836333618,-72349,342224351,186733585
1137,385224637,680016573,16,7289338,421014,496218343,867130473
1138,545562703,404802534,22,41029855,603544,432434410,413222357
1139,541105795,1055414254,22,191235137,460483,432434410,866793316
1140,272498189,380191546,20,810582054,631921,496218343,42378974
1141,687731094,32016495,22,288200240,97,145169404,86578194
1142,324554768,307245180,16,117426286,327308,496218343,890739630
1143,56266024,183310063,4,790235224,865598,496218343,856334663
1144,281416333,285252139,1,689659259,418904,432434410,635572656
1145,46789745,590616512,2,823501047,324925,851529209,782771524
1146,824691124,266552880,12,316721864,420435,342224351,264611202
1147,925052842,318651061,15,334859457,773464,851529209,456097364
1148,1028137988,364291007,19,254100855,712984,496218343,753112464
1149,475078401,921903901,3,311540817,628779,145169404,950636249
1150,10170321,233075020,21,167806749,-11731,145169404,709323206
1151,445834753,521246151,7,776988532,635489,432434410,145273686
1152,516112137,433912051,12,623277528,568015,851529209,650659008
1153,1066016194,849653738,3,113257433,624403,851529209,260841029
1154,633154197,714543035,19,190460875,149846,432434410,411990751
1155,945397508,906267400,8,557841065,351025,145169404,961499330
1156,835793283,433018385,14,285196222,179967,851529209,818519351
1157,538468605,403911598,20,1017601113,601309,851529209,480488100
1158,24143978,855467047,10,763747783,308179,145169404,179701564
1159,981422072,1069667158,2,662731233,555375,851529209,19793053
1160,91982184,836356212,24,386580808,497624,496218343,361811740
1161,45064307,36683811,19,530673671,59130,145169404,484134000
1162,570185999,906630642,2,871607914,313971,496218343,54287063
1163,230508397,607258338,2,322347742,9022,432434410,896635381
1164,598683979,35486364,0,984816032,734135,851529209,1033260948
1165,268245951,20026491,9,879041489,817733,145169404,1024907720
1166,966742395,411088919,17,530679170,50726,145169404,789666644
1167,877858397,514167386,19,1060065186,951087,342224351,382635946
1168,333521608,458703963,17,50693947,619465,342224351,275540950
1169,498701568,770280709,4,697476695,750330,145169404,793081379
1170,960005457,746194970,8,1049073402,207073,851529209,406804485
1171,1040908665,409080576,8,487068872,765897,851529209,772661239
1172,31410185,51145598,14,496975562,42097,342224351,181443438
1173,558105771,443307931,18,422303410,18259,342224351,433909505
1174,1028205004,612790266,4,635022517,879895,496218343,854535087
1175,720010800,933565476,4,714157186,920716,342224351,511035433
1176,186695113,290730332,10,787843863,582759,432434410,316953674
1177,784658357,461713069,14,673145460,928171,342224351,859393678
1178,22100374,19804214,9,881718964,496658,851529209,181299403
1179,345278768,730842186,19,588418451,333625,496218343,102117948
1180,782361247,467926707,13,554613838,336736,432434410,396416643
1181,664605718,102268666,10,240674501,918050,496218343,615403287
1182,422138870,1072585469,6,599496990,881439,496218343,8433929
1183,539181950,763410092,1,891636766,445576,432434410,115123007
1184,137850507,468651854,11,181258557,903289,432434410,1047374631
1185,746566770,832110243,14,901303971,291352,432434410,909667370
1186,542794753,636784473,23,711850705,446630,432434410,848087599
1187,845568688,201635648,10,969175634,-93296,496218343,375357451
1188,394392635,232651725,15,541239572,369886,145169404,27369700
1189,164807189,973869811,10,265796807,379828,851529209,72301416
1190,122237178,961232229,15,886120944,274363,145169404,48908836
1191,606450489,368089566,19,874488027,908854,496218343,595599042
1192,249644673,959159043,20,861850512,323133,432434410,411849918
1193,462239258,340554448,8,618737623,-1710,496218343,73856622
1194,1070395369,333808699,21,562370366,758229,342224351,632927285
1195,166510312,21655273,4,87301820,962149,342224351,1072691436
1196,583932991,939499584,20,785841914,637867,432434410,749411686
1197,792319653,306294472,0,731789873,926104,342224351,1016416822
1198,890633258,858289074,18,253420191,959335,496218343,557348519
1199,397454276,904470356,16,1019980006,650335,496218343,523223337
1200,703969252,320372396,22,441962686,376505,851529209,548919987
1201,537100953,825378568,10,691058813,516539,432434410,748207187
1202,786380932,608753449,0,405482484,70273,432434410,728881719
1203,976761003,334752747,16,697402379,578769,145169404,855199862
1204,636632482,782787906,20,162008983,977719,851529209,138332124
1205,74030534,890490444,8,414364424,539034,851529209,1018703627
1206,641952436,340975866,20,138032450,843776,851529209,584478924
1207,631308766,365718458,3,614071092,-55604,496218343,852305321
1208,351824716,818354213,5,1024206422,242652,432434410,636041336
1209,218935771,575743564,4,519871294,355121,851529209,535579147
1210,447363231,214504152,16,215286159,813766,496218343,31628629
1211,675351775,128687740,18,363030641,472337,851529209,7240452
1212,60120227,240310967,22,345401715,773603,851529209,934720208
1213,101821864,326369096,7,300378851,855512,851529209,3994343
1214,540602451,761219573,4,499281384,293531,432434410,424743092
1215,325085941,5073318,16,596058479,779587,145169404,815794135
1216,171329948,508429305,3,250314872,215506,496218343,865579535
1217,1015120356,643037227,12,744697061,601932,342224351,88794131
1218,13783465,898135127,22,673891559,880173,496218343,64558100
1219,784064766,980175179,4,646814075,77423,342224351,767271596
1220,273338679,47317950,18,557036615,842933,342224351,338633341
1221,69229468,317482930,22,203257710,81650,342224351,622495230
1222,360151254,41704543,11,691844052,388318,496218343,756417106
1223,198978171,100741695,11,743312298,-41303,432434410,2538605
1224,802072269,743186737,8,433819962,812415,851529209,207946552
1225,317693874,112298532,11,656489233,863492,145169404,321214287
1226,299994498,435226596,0,877947049,213592,342224351,466290605
1227,641029598,411351208,23,807964445,333572,342224351,363132406
1228,480553569,1027032441,12,1022653532,539230,496218343,800789367
1229,299414901,1012787069,9,552067979,832812,342224351,985506100
1230,497992963,200620055,23,310869875,478785,145169404,985105235
1231,821068925,664621658,9,569569798,232667,496218343,526783846
1232,682576118,987003225,18,443280691,848251,145169404,529992332
1233,704149530,256602451,15,620828504,364949,145169404,440767096
1234,906233565,127166019,1,625477484,-98232,342224351,606108108
1235,193220631,327593506,24,864178319,-98205,432434410,339432406
1236,365825799,633655884,11,381846836,360095,145169404,267041578
1237,360421060,85551227,20,814664745,815662,432434410,322268467
1238,133156335,936596559,6,827704197,429922,432434410,944655493
1239,1054213243,223536156,20,549563354,693672,342224351,1936943
1240,100787728,567266261,4,712539528,543944,342224351,611292660
1241,737262661,207094161,3,716702351,865456,851529209,787472380
1242,763713198,645184700,2,579434612,227615,432434410,848712978
1243,980298159,929189642,14,412998669,627138,145169404,381826786
1244,221611638,494797347,5,238898411,-94280,432434410,1048262556
1245,649634177,1029505435,4,927602998,319666,342224351,730516664
1246,363575722,556919381,4,897951522,26070,432434410,135614666
1247,978052687,836257651,0,859782919,169695,145169404,345342409
1248,14559318,443575218,8,476396426,653915,496218343,983978210
1249,103888718,865044808,7,761192678,44849,432434410,55766512
1250,208011689,66544396,9,912550794,78005,496218343,439019458
1251,126702719,904162365,24,793857901,726776,145169404,255750174
1252,231460413,694012437,12,818270684,327984,145169404,100537197
1253,595323632,762505326,1,147075154,122221,432434410,923726671
1254,30852821,492340678,18,330382787,267606,851529209,529740228
1255,974663517,612758373,14,448753245,648771,342224351,523954938
1256,720074229,901156167,15,635982301,501207,145169404,157236372
1257,292385922,548090634,2,420955024,881083,851529209,820656970
1258,702192657,723752598,3,488970214,-30175,496218343,905447349
1259,699397293,824527787,20,744631203,835300,851529209,196550464
1260,754249029,849053245,2,1047037787,499159,145169404,788978055
1261,901888464,282436576,20,799023137,557981,432434410,15022245
1262,984760734,825404324,3,708601068,284036,145169404,679905225
1263,324874578,272961634,9,574729145,697590,145169404,544540073
1264,378447874,947987435,16,346178968,395928,145169404,282287844
1265,959534458,715516984,24,30144493,265353,145169404,346048665
1266,836745070,574112782,3,295783841,187705,145169404,172404933
1267,744035844,513014462,24,803133459,861612,432434410,211698615
1268,804892156,724684092,24,900644217,515242,432434410,921286900
1269,257745084,247401235,10,223141890,265968,432434410,654979636
1270,605316752,361397808,13,471771436,617006,145169404,820517673
1271,425586932,236695669,14,281729180,120936,851529209,838481283
1272,23422355,913984582,21,668688692,686514,342224351,1018478966
1273,105779210,478673241,12,4753154,149956,496218343,804095307
1274,823875182,322233282,24,791378708,12697,496218343,353853349
1275,210981494,175755485,20,566085804,897245,145169404,977909293
1276,814035833,747168465,16,996708448,-76170,496218343,1069766630
1277,899339600,165924095,14,262600098,-5235,432434410,70256971
1278,438805836,1069121312,5,230869053,903843,851529209,979000393
1279,87295050,190617749,14,869260728,791506,432434410,565504904
1280,708826429,363370660,16,886595395,341966,851529209,298895914
1281,845254605,792501779,11,255764459,818242,496218343,1007289924
1282,791382562,568910486,14,971220143,899882,342224351,270008270
1283,550071251,265372776,0,250365364,222271,496218343,841518312
1284,254054480,892121055,18,1027610615,-91140,432434410,26682461
1285,361125306,135153188,19,207145054,306158,851529209,625288199
1286,987441254,516326706,12,934740073,690608,145169404,981141561
1287,242957693,409063975,15,555944191,746169,145169404,765169296
1288,796320301,98864100,3,206824968,660343,851529209,623681624
1289,136302213,920843903,24,766662297,292552,145169404,303699856
1290,158688428,891085971,24,664837366,810842,145169404,685501193
1291,362997649,651691039,7,1053472930,822737,432434410,581739799
1292,522648499,74472369,21,264634842,550911,432434410,115047133
1293,989230318,504476398,12,395836325,256567,851529209,698109919
1294,545122094,370421973,23,918181052,-80813,496218343,575303290
1295,608340769,94174676,24,918379912,75362,432434410,862611658
1296,267234128,37863754,5,857009968,303469,145169404,949550857
1297,438711844,951547267,21,155137902,607401,851529209,879526554
1298,669364778,90719491,15,972607448,390354,496218343,362900379
1299,730846171,794972028,11,284133765,80839,851529209,148611095
1300,467046890,707142799,23,19516868,-37044,432434410,1064699090
1301,655282146,35098872,10,302800642,896662,145169404,199411362
1302,112745893,881323017,9,431176453,19790,145169404,1016067827
1303,338426559,305918430,5,590511031,202015,145169404,620044743
1304,187953191,1023738174,11,216439768,454846,496218343,5927780
1305,212818045,428352495,23,590639851,490066,145169404,797677209
1306,56023677,204462381,12,28176330,646477,145169404,214113531
1307,901048805,133767582,3,759524494,434452,145169404,855924561
1308,835640004,21930034,18,224219760,929053,145169404,960234492
1309,4235788,98747469,10,319376585,-92269,496218343,972684247
1310,584386355,143764494,17,381253924,20484,851529209,14512314
1311,867879952,355080353,13,755240305,871324,342224351,615845015
1312,40588065,250607876,3,739069110,945950,432434410,656567018
1313,836737793,300142442,23,695344928,88911,145169404,507062710
1314,851142108,1063491218,1,28246724,321833,851529209,480753134
1315,524002199,296151936,10,643275632,144784,496218343,590824696
1316,610090284,15859816,5,552006811,-15838,432434410,493068305
1317,234027926,159886764,14,205457557,892508,496218343,775602016
1318,990053675,55020730,14,175310840,581293,432434410,934933829
1319,544061788,840848084,9,1016777023,491047,145169404,1072022641
1320,461302740,969968390,15,366950983,640713,145169404,265456568
1321,2537605,138894982,10,395032817,358949,342224351,498640633
1322,987297042,1038945481,13,660896072,262171,342224351,1006435229
1323,960536670,414701568,23,527541715,600681,851529209,985242688
1324,651581977,372525067,7,362707170,754888,496218343,567866073
1325,477283719,897021112,7,296351489,910861,851529209,160340908
1326,261997167,1023753016,21,429423956,-46849,851529209,861820517
1327,327874238,979314108,12,58824507,97,145169404,540343564
1328,105626155,320176759,10,840616623,326499,496218343,1375109
1329,517928707,118799085,17,656877200,464591,432434410,76393517
1330,974921204,140493302,1,910066033,389314,432434410,104430312
1331,308465575,877145988,8,877436455,200502,432434410,747560580
1332,51459042,287963634,18,958910496,332304,342224351,742511221
1333,537892471,1018100849,2,533807820,133085,496218343,203849844
1334,1069823367,244547081,5,897712064,248571,432434410,529983167
1335,702092963,574341453,10,752205834,834167,432434410,883110891
1336,486979270,376752821,16,343577269,149021,496218343,784620736
1337,567981064,1858628,22,1021032147,788244,145169404,549030498
1338,803703733,173238680,20,1030982504,513900,432434410,1276752
1339,179919873,503251312,4,140084726,816750,145169404,757004873
1340,113299407,790791948,21,945753764,28029,851529209,195383322
1341,637146459,649429954,18,865192689,76269,145169404,406820376
1342,23218854,971500172,16,15643498,152034,145169404,653055352
1343,911948246,725328385,18,418646528,830309,496218343,114594007
1344,1057781195,101432580,5,226096745,211332,496218343,348757031
1345,419014945,164431135,9,782190480,859383,432434410,921407040
1346,244057308,86979063,10,800601790,452445,342224351,281126560
1347,1035873518,987712894,24,555160029,847643,851529209,634385523
1348,714417924,811501786,23,771632025,45922,145169404,631453522
1349,762380456,356748788,18,271532103,496724,496218343,649472355
1350,588351592,621598091,3,222763531,333951,496218343,207548747
1351,1056564299,477167079,1,634279728,310600,342224351,620051134
1352,614884299,1052721446,20,354864322,557069,342224351,855720504
1353,65975384,142152909,1,364918041,366651,145169404,558421061
1354,437359,785956574,13,224516587,-89704,145169404,688015644
1355,319606281,193484313,20,896017575,235110,496218343,1044598895
1356,387097748,178089162,5,607274312,92739,851529209,33266813
1357,207659151,447303710,15,363702079,862790,432434410,274487927
1358,514563829,93442573,3,235362412,514922,432434410,370716400
1359,641638373,184683484,11,729359463,406982,342224351,62370612
1360,273646325,906557615,19,1034718242,142257,145169404,33776109
1361,135012819,283632691,13,450901295,412885,851529209,136156256
1362,792007848,48409673,7,529677823,371892,145169404,167469322
1363,559705964,82081699,13,916375637,-11246,851529209,787648331
1364,785311091,612774329,19,218622247,-18169,432434410,915042593
1365,607590696,199775535,17,479616946,220781,145169404,93916574
1366,395771590,657932671,20,170327355,163470,851529209,799786284
1367,392793423,869900841,22,1015779580,542032,851529209,809131945
1368,926007551,564112325,15,631447108,637618,432434410,120244646
1369,61449827,376061245,10,41616352,49877,496218343,705477892
1370,685146181,579212837,18,70137725,980204,432434410,553836539
1371,891849928,1070368302,7,169610183,494358,432434410,913011633
1372,636988484,909360155,23,496690950,179609,851529209,299997387
1373,87854332,650992719,13,847030096,90984,342224351,700762253
1374,810910345,833140066,19,930333414,-41143,496218343,868772114
1375,963706323,785752977,14,866711813,201111,432434410,900044975
1376,164643427,921565902,12,996913129,676152,851529209,164064127
1377,583506193,214225757,17,723046726,883915,145169404,766161498
1378,660406808,420590686,17,274409724,267573,851529209,827553763
1379,982272071,631613363,6,1036726755,100826,145169404,748291431
1380,646167421,888033470,17,871401805,372353,851529209,384017703
1381,857570687,1071352034,22,926468605,36782,432434410,447753476
1382,502576432,498014933,10,370927143,889867,496218343,972600327
1383,106677700,210026605,15,637263189,209261,496218343,713366401
1384,1030290047,16996879,8,1063382613,153438,851529209,562251760
1385,709627730,917119135,3,539275689,232675,432434410,800641424
1386,84046938,358928566,11,403344890,964387,432434410,325490165
1387,444674179,465955319,19,148927011,854187,432434410,772186333
1388,106617010,434215963,13,243028079,29144,342224351,848688022
1389,793018349,787662865,19,377922876,111102,342224351,839263697
1390,603788682,75470130,11,207393327,393131,851529209,689020728
1391,1029038222,877785081,23,439127416,551028,342224351,1022724545
1392,219758411,588351757,22,677293691,24982,851529209,242154415
1393,702287222,627085829,24,893652236,567205,342224351,244446907
1394,377848071,699588727,3,390390560,223310,145169404,958167259
1395,203239090,461535109,23,272236279,873339,145169404,839360113
1396,26854318,645858877,3,1015105017,714943,432434410,63697002
1397,747339873,848888692,8,1014026604,546683,496218343,821072120
1398,556525203,1021406869,8,736655759,700490,851529209,593592312
1399,101941627,124074757,0,963188184,735214,496218343,109723943
1400,720547080,520596298,0,269086163,243273,432434410,614571965
1401,274756574,386285835,9,916212726,890862,432434410,307027041
1402,867433232,297888581,6,495628455,439625,496218343,765769496
1403,389448542,492579071,12,1032586979,978234,851529209,420634539
1404,171694667,937828705,12,113328616,382846,145169404,703790974
1405,303236309,913318814,16,257824244,398739,432434410,96140241
1406,405651959,871560260,5,414381085,202359,851529209,452367529
1407,705391539,117649633,14,918685557,742499,432434410,81316184
1408,377219871,359215429,11,854956957,592009,851529209,727857702
1409,423313781,87469973,11,612042086,195917,145169404,576396055
1410,452784209,12803277,22,941977209,271695,851529209,458743429
1411,100513818,731864592,21,955972280,77214,496218343,663522477
1412,528824502,185785184,10,58439615,636838,432434410,409768767
1413,409584877,434518461,15,417772746,138783,496218343,995541807
1414,223861392,53320616,20,308138634,313615,432434410,555226334
1415,338428047,262240300,21,34449777,625212,432434410,54045788
1416,677717440,656977679,7,520844306,534840,145169404,677096977
1417,488497517,318153753,1,629042770,754301,342224351,31694569
1418,418272649,210174446,17,399969689,935901,496218343,680720399
1419,524843193,711371682,4,373091889,591272,342224351,584041822
1420,393514965,990782902,9,649012181,-93209,496218343,870279674
1421,953382286,65994873,12,268141955,729293,145169404,968178672
1422,407802578,553750840,17,472112801,838950,145169404,92310506
1423,934933693,903870297,21,979092243,241169,342224351,900481519
1424,501048351,160999530,22,986441131,720770,342224351,602531179
1425,709091991,697817284,1,430717115,581472,342224351,482060424
1426,417735776,565896471,15,940042386,196538,851529209,957320905
1427,715548826,297551899,11,255716243,813653,496218343,45755804
1428,786832217,552596779,15,788442007,770384,342224351,65900215
1429,562975096,587129453,3,544859065,644482,496218343,459332554
1430,674821758,472400131,0,667924584,-92040,432434410,612693117
1431,123280524,458383413,13,97188781,580581,496218343,372933383
1432,701091130,594199228,21,591514110,631425,145169404,1059108172
1433,651865052,937599209,17,85101072,460587,432434410,57657890
1434,33369982,965747023,18,301067427,185163,145169404,171903475
1435,878647417,460104363,20,738684049,-72909,496218343,1055505483
1436,918276399,734458054,10,840053533,915891,145169404,414423938
1437,758321733,268570074,17,719394751,883932,432434410,68475087
1438,989352778,1031931869,17,385529706,543681,342224351,147536930
1439,569337021,524948450,21,376038684,848760,496218343,778553863
1440,242109530,409383283,7,236958646,123635,432434410,663384992
1441,115505856,576188954,23,379706185,946515,432434410,244180889
1442,14202444,928082374,16,915524947,791790,145169404,670094860
1443,488481187,106124568,10,105288615,714187,851529209,410918017
1444,626549969,1004636134,7,1051498062,-50137,851529209,942528565
1445,1028939720,220322720,21,685920333,836794,851529209,268829109
1446,803318078,481909811,23,134410760,298148,432434410,814426298
1447,802795242,994346987,17,51433525,271802,432434410,468354113
1448,854646676,1045995111,24,650631024,775635,496218343,509962516
1449,649116305,221600365,22,550279774,905175,432434410,981220758
1450,815019082,708787424,3,327170462,85770,145169404,578354894
1451,865972529,72081309,2,1035434009,327430,342224351,776234351
1452,990573429,215848537,7,661743918,708697,342224351,836873166
1453,778531399,633121856,0,198659743,66267,432434410,850774530
1454,557234517,986797206,24,265217318,336661,342224351,494987371
1455,525227971,1067096119,3,60283397,759190,145169404,448468800
1456,74702005,156581064,13,397981125,612369,496218343,339933984
1457,53026776,780584120,23,482746316,287349,432434410,333295541
1458,419425857,494066415,3,248656160,271680,496218343,43493330
1459,467142326,762963620,11,589436290,927087,496218343,122216956
1460,90259382,1006203005,20,85810492,968051,432434410,964638819
1461,724948501,479099003,3,166432433,846048,496218343,863101089
1462,473557830,758623818,17,432836949,730588,342224351,330298349
1463,692373027,344021784,7,69454495,603964,145169404,249537640
1464,233599852,700435349,14,68717025,930620,496218343,925273651
1465,1047711781,565991770,8,794875113,936593,342224351,764098930
1466,676118935,418924264,17,906033148,126869,342224351,891748385
1467,580428221,723881799,24,234039534,285719,342224351,629761565
1468,266668646,221071475,12,918178941,382652,432434410,1040407663
1469,296791496,788147863,7,303328780,432997,342224351,825764696
1470,813715531,51279835,17,951460516,703349,851529209,823255544
1471,720759155,674766656,5,846205336,387286,496218343,311041142
1472,36828197,673763237,5,651484818,216861,145169404,182761798
1473,802478191,466900885,0,65759545,279693,145169404,93598495
1474,599286713,569104045,16,959820046,296179,851529209,107368677
1475,735309918,940528385,0,696436503,182028,432434410,192301337
1476,825254119,645776526,16,965222327,40972,432434410,927759131
1477,972195663,944682953,6,853609859,910333,145169404,436032377
1478,251177318,166605309,7,588504926,970154,496218343,212951480
1479,283866635,558967414,16,593897941,979329,432434410,670963730
1480,183328936,869831237,7,1052511530,87602,851529209,125916793
1481,290239758,946971229,12,84195462,320467,496218343,552203113
1482,561120732,702569804,19,308241550,293053,342224351,854559002
1483,630626694,167827627,7,111904388,440970,432434410,424497165
1484,798024595,341539306,18,1051566773,488317,342224351,654045584
1485,794074510,161968465,24,94415221,941202,432434410,958105597
1486,80837510,860026603,24,133505469,585997,432434410,62366384
1487,118876892,776644994,17,1072232394,358916,342224351,230261599
1488,886641040,213811992,4,977394036,792951,851529209,674175180
1489,537491459,773318415,9,1008537162,438966,145169404,462187345
1490,1026897825,1007317344,20,331138644,899760,145169404,757220911
1491,511111031,92021057,4,1610860,373982,851529209,933717099
1492,914921416,41094236,1,449055998,-87517,851529209,944686651
1493,1030064236,426228451,24,959065879,701412,145169404,738265978
1494,739154116,466627903,11,392091516,829220,145169404,20464526
1495,177545266,987672564,10,362316105,622755,342224351,878018501
1496,142846981,222855025,3,728681753,-49649,496218343,701152949
1497,1020360759,537053728,14,740534602,244957,496218343,219354991
1498,420524851,769124328,19,731012265,581056,496218343,403288678
1499,538447349,632530996,3,419462715,912869,496218343,1009966998
1500,1067697152,1044706884,5,769087537,691079,145169404,450562005
