U1_USERKEY,U1_INDEG,U1_OUTDEG,U1_ACTIVITY,U1_JOINDATE
4,194,5,199,54876
107,0,0,0,71305
167,1,0,1,55027
439,30,10,40,36881
457,2,3,5,55133
510,72,1,73,55118
531,92,0,92,73123
541,9,3,12,56125
621,4,1,5,77424
722,1,2,3,63928
783,3,1,4,79015
786,2,3,5,44586
1054,0,0,0,39208
1118,5,4,9,77230
1126,0,1,1,59698
1147,0,3,3,74471
1160,3,3,6,73860
1262,15,2,17,85445
1358,3,2,5,65109
1359,3,2,5,65062
1379,1,2,3,65132
1386,3,2,5,64490
1400,5,2,7,57999
1551,9,1,10,65117
1694,2,3,5,85685
1711,5,1,6,85984
1805,16,6,22,70242
1825,0,1,1,55482
1912,4,2,6,43348
2149,3,2,5,34125
2173,15,3,18,84067
2298,11,7,18,62237
2303,2,1,3,34371
2325,2,3,5,79929
2374,3,4,7,56863
2426,4,6,10,81863
2517,20,15,35,85731
2733,5,3,8,3908
2912,1,1,2,39084
3066,8,4,12,8576
3172,0,1,1,44375
3248,0,0,0,61895
3369,491,3,494,65963
3546,1,0,1,18456
3604,124,9,133,62646
3624,0,1,1,57846
3636,1,1,2,58527
3919,4,5,9,73797
3933,0,1,1,62852
4310,4,8,12,75287
4319,0,4,4,55208
4394,5,3,8,58368
4412,28,4,32,78442
4475,10,3,13,67926
4519,2,2,4,66213
4582,2,2,4,61516
4665,51,18,69,2064
4798,1,1,2,73327
4804,0,1,1,73597
4884,2,2,4,72440
5021,5,5,10,68301
5087,14,17,31,76946
5114,10,4,14,71971
5123,35,9,44,58906
5157,6,1,7,77838
5192,8,0,8,63603
5310,0,0,0,71960
5393,19,1,20,1863
5444,0,0,0,15388
5506,0,1,1,73746
5695,3,2,5,70435
5899,4,1,5,55624
6053,9,2,11,75147
6078,31,4,35,57007
6269,2,3,5,55517
6338,15,7,22,48478
6443,0,0,0,66740
6551,0,2,2,73356
6645,28,19,47,9872
6658,31,11,42,13064
6669,17,12,29,8491
6672,21,3,24,11843
6677,19,4,23,22490
6692,18,18,36,23947
6701,21,20,41,12052
6704,8,26,34,37459
6708,8,13,21,20114
6835,4,3,7,56806
6982,13,17,30,60818
6999,3,2,5,55025
7185,2,1,3,70531
7245,0,0,0,58343
7394,5,3,8,55027
7617,1,1,2,75509
7684,1,1,2,82328
7801,10,8,18,77958
7856,4,4,8,55951
8497,11,1,12,78767
8633,0,2,2,85759
8702,13,2,15,71341
8755,26,2,28,73048
8760,0,0,0,78923
8794,1,0,1,71573
8897,2,3,5,71918
8966,3,24,27,69401
9131,0,1,1,56617
9208,14,4,18,25547
9229,2,2,4,7802
9231,12,1,13,10158
9288,4,1,5,50838
9324,1,2,3,73781
9351,7,2,9,58292
9514,2,7,9,77983
9951,20,20,40,69062
10053,9,1,10,44670
10091,3,2,5,73168
10168,8,6,14,74301
10179,18,13,31,46374
10241,3,7,10,29526
10269,3,0,3,54890
10273,6,9,15,82009
10284,4,10,14,1230
10335,6,12,18,21843
10343,1,5,6,29636
10367,2,2,4,10570
10381,6,10,16,23116
10945,5,7,12,63090
10950,2,2,4,63560
11029,6,2,8,48935
11047,0,2,2,38975
11050,9,4,13,47873
11135,6,5,11,43276
11223,0,1,1,45920
11256,6,5,11,57044
11516,3,3,6,53771
11744,1,2,3,73323
11876,33,15,48,69557
11962,4,3,7,83286
11978,3,2,5,71032
11992,1,1,2,73220
12042,4,4,8,71238
12510,8,0,8,20609
12580,0,1,1,66082
12641,7,2,9,68368
12692,0,3,3,83490
12751,84,18,102,57592
12792,0,1,1,77935
12843,2,4,6,73951
12879,5,4,9,83269
12891,20,0,20,80053
13013,2,0,2,58438
13123,32,18,50,27021
13405,0,0,0,85694
13537,0,0,0,65230
13578,0,0,0,74464
13790,13,8,21,29797
13808,62,13,75,32392
13815,0,1,1,74640
13968,1,3,4,59389
14054,0,1,1,55271
14164,2,2,4,43661
14170,4,3,7,73143
14333,0,1,1,73188
14368,2,2,4,57675
14375,1,1,2,76341
14517,1,1,2,55674
14544,1,1,2,73431
14570,17,1,18,71306
14825,4,1,5,32436
14966,0,0,0,83132
15508,3,3,6,16734
15717,2,4,6,68953
15885,16,1,17,67416
15911,2,1,3,85704
16016,7,6,13,57043
16022,4,0,4,64999
16091,13,1,14,15211
16304,3,6,9,55577
16309,0,1,1,72874
16363,0,1,1,58799
16431,7,7,14,68799
16433,1,1,2,70155
16528,7,5,12,71527
16578,4,4,8,62316
16649,118,2,120,59439
16770,6,5,11,40196
16801,9,12,21,20364
16869,1,1,2,71454
16936,2,5,7,57044
16970,7,7,14,43526
17172,2,0,2,17273
17183,2,1,3,62489
17244,1,4,5,81765
17283,1,1,2,37770
17513,1,1,2,64104
17520,3,4,7,56046
17561,0,2,2,58638
17600,0,2,2,52592
18057,6,1,7,58155
18270,0,1,1,55284
18506,16,11,27,53917
18602,0,0,0,85984
18626,4,8,12,3406
18665,2,4,6,55607
18852,0,1,1,66131
18861,0,1,1,56646
18895,3,2,5,78553
18906,2,3,5,74168
18966,1,4,5,34448
18973,0,1,1,73908
18975,0,1,1,69567
18987,0,1,1,49155
19048,3,2,5,58618
19113,0,0,0,58284
19295,0,1,1,59643
19335,0,1,1,59231
19535,1,1,2,71498
19640,2,2,4,51782
19643,1,1,2,52880
19827,0,1,1,61438
19860,1,2,3,73336
20031,1,1,2,58020
20327,4,2,6,74404
20358,7,0,7,48143
20411,0,0,0,81271
20457,0,1,1,81783
20488,1,3,4,57065
20849,1,0,1,64721
21006,2,4,6,33844
21565,2,2,4,75218
21608,1,2,3,74506
21730,0,0,0,72537
21782,6,4,10,70911
21804,0,1,1,59910
22036,0,1,1,61121
22181,0,1,1,85451
22240,10,9,19,61948
22313,4,1,5,66113
22502,2,1,3,63466
22505,1,4,5,55876
22566,5,9,14,55001
22567,0,3,3,81506
22682,0,2,2,55252
22743,0,1,1,70385
22814,4,7,11,83944
23116,7,2,9,67118
23120,13,2,15,66591
23200,6,6,12,77323
23214,6,1,7,68839
23243,0,1,1,27428
23284,1,1,2,77392
23346,0,0,0,77412
23497,0,0,0,75096
23535,0,0,0,74129
23610,5,8,13,63061
23616,3,3,6,54107
23713,3,2,5,44531
23774,0,1,1,58235
23910,1,1,2,67079
23976,7,8,15,58370
23979,7,12,19,54168
24215,8,7,15,61057
24299,0,1,1,58709
24343,0,0,0,29173
24410,0,1,1,73471
24513,0,1,1,57539
24593,0,1,1,58723
24629,0,1,1,62549
24658,3,3,6,68972
24688,0,0,0,55347
24821,3,5,8,74049
24890,1,1,2,59207
24919,10,3,13,52379
25018,3,1,4,67741
25024,0,1,1,61942
25083,0,0,0,73762
25183,0,2,2,63724
25284,3,5,8,70251
25628,0,0,0,73275
25661,7,7,14,68848
25862,0,0,0,55409
25907,9,9,18,56392
26043,1,2,3,68336
26054,1,0,1,73630
26072,5,6,11,53002
26092,37,12,49,76607
26238,1,1,2,44138
26251,1,1,2,45462
26375,2,4,6,383
26398,30,11,41,69984
26417,4,2,6,57497
26486,14,1,15,49796
26629,5,3,8,30164
26963,3,4,7,72968
26972,1,1,2,59748
27202,0,0,0,58692
27252,7,4,11,57317
27357,1,1,2,55386
27381,5,3,8,23893
27394,2,2,4,81550
27484,17,2,19,78437
27676,5,1,6,75822
27682,0,1,1,80891
27818,2,1,3,78806
27916,0,1,1,73226
27959,0,1,1,55628
27983,1,1,2,21579
28107,2,3,5,73184
28245,1,3,4,56804
28254,4,1,5,55546
28331,0,2,2,76165
28333,0,1,1,55111
28383,3,4,7,57141
28390,9,4,13,81017
28539,1,1,2,66563
28548,7,3,10,78479
28572,0,1,1,86226
28578,1,1,2,79604
28596,0,1,1,66488
28673,7,1,8,67103
28829,0,1,1,43594
28866,1,3,4,21445
28951,6,15,21,79907
28958,0,2,2,71380
28962,13,19,32,13933
28993,3,2,5,71284
29012,8,3,11,82285
29021,6,8,14,16822
29343,0,0,0,25724
29459,0,2,2,55666
29559,0,4,4,38737
29648,10,13,23,82069
29767,0,0,0,64293
29919,0,0,0,71479
29963,0,1,1,76813
30030,3,5,8,36420
30096,3,4,7,57824
30097,2,1,3,59218
30351,1,1,2,77175
30422,0,1,1,59752
30437,1,0,1,64038
30539,4,3,7,53870
30671,0,2,2,76867
31032,0,1,1,63303
31082,0,1,1,71346
31140,2,3,5,50495
31187,3,4,7,44996
31351,5,2,7,62204
31436,1,1,2,65911
31607,3,0,3,78180
31850,4,5,9,28595
31961,1,2,3,73641
31987,0,0,0,60332
32433,1,2,3,76681
32641,3,1,4,75754
32772,1,2,3,85487
32780,2,2,4,62350
32806,0,0,0,38510
33097,0,2,2,61523
33142,0,2,2,60742
33356,1,1,2,73619
33360,1,1,2,79341
33463,0,0,0,8984
33548,3,4,7,56945
33551,3,2,5,56009
33728,2,0,2,48350
33833,8,12,20,6183
33849,1,1,2,71612
33946,2,0,2,1092
33962,0,1,1,55821
34148,1,2,3,73159
34167,0,2,2,76407
34523,0,0,0,83666
34790,3,5,8,7106
35015,0,1,1,72247
35170,1,0,1,31407
35184,7,7,14,61618
35207,3,4,7,73151
35209,1,1,2,76584
35245,0,1,1,74445
35249,0,1,1,74996
35619,0,1,1,50982
35809,6,7,13,61904
35839,20,23,43,58999
35985,0,1,1,72994
36474,0,3,3,83785
36521,4,4,8,65394
36634,2,3,5,55759
36705,1,2,3,66200
36810,8,4,12,57769
36914,1,1,2,75211
36950,1,1,2,55301
36970,0,1,1,35573
37001,6,3,9,55991
37240,0,1,1,55014
37265,2,2,4,40884
37308,3,2,5,73959
37318,2,0,2,74404
37361,0,1,1,43482
37412,0,1,1,67397
37657,2,2,4,55754
37694,1,4,5,55670
37983,1,2,3,60465
38198,0,0,0,73330
38204,1,1,2,75504
38327,3,5,8,68433
38517,4,2,6,9359
38532,0,1,1,60172
38599,0,2,2,82137
38602,9,2,11,70595
38819,6,4,10,5936
38937,2,2,4,34246
39089,21,12,33,35357
39124,18,10,28,71142
39514,1,0,1,77851
39606,0,2,2,73211
39885,18,13,31,70202
39889,27,8,35,66832
40056,0,1,1,76123
40176,1,1,2,82227
40249,0,0,0,71224
40255,1,1,2,71402
40581,4,7,11,67940
40819,0,0,0,22235
40851,0,1,1,55190
40973,38,40,78,67931
41051,0,2,2,60872
41152,2,2,4,61237
41378,0,2,2,64396
41399,0,0,0,76506
41633,0,0,0,61082
41988,0,0,0,86048
42119,0,2,2,73913
42137,1,4,5,50434
42179,3,4,7,20856
42180,4,5,9,21044
42251,1,2,3,69646
42289,0,1,1,42666
42311,0,1,1,73304
42335,3,2,5,50967
42418,2,2,4,21675
42831,8,12,20,24302
42850,0,10,10,48818
42909,12,14,26,72655
42913,0,0,0,48458
42959,1,2,3,55924
43055,2,2,4,71458
43056,2,2,4,73143
43322,2,1,3,72422
43332,0,3,3,7667
43352,0,1,1,50668
43420,0,3,3,59140
43515,6,2,8,36854
43597,6,2,8,82011
43676,2,1,3,55858
43693,0,0,0,53864
43712,1,2,3,70427
43716,4,4,8,78922
43810,1,1,2,80406
43812,1,1,2,80052
43896,1,1,2,74847
43899,0,1,1,76025
43939,1,1,2,73967
43996,1,3,4,71790
44086,1,3,4,81580
44119,1,4,5,73872
44308,5,7,12,84375
44316,2,4,6,72690
44415,0,1,1,77684
44524,2,1,3,63674
44726,1,1,2,22983
44784,0,0,0,44169
44798,0,0,0,68778
44799,1,2,3,59928
44933,6,1,7,75028
44989,1,3,4,74343
45308,0,0,0,19423
45431,3,3,6,73178
45463,2,2,4,71248
45677,0,2,2,58795
46031,0,3,3,68786
46053,0,0,0,54765
46056,3,5,8,49158
46260,0,1,1,75492
46317,0,0,0,79264
46418,5,2,7,59627
46733,4,10,14,74143
46996,1,1,2,6918
47140,0,0,0,77958
47220,0,1,1,66697
47223,1,1,2,47420
47309,1,1,2,59376
47321,2,1,3,85773
47402,1,1,2,63132
47460,8,7,15,68033
47469,0,0,0,64113
47498,4,4,8,28086
47499,6,1,7,12657
47517,2,4,6,9657
47519,1,0,1,28222
47615,1,2,3,66631
47619,0,1,1,2846
48084,0,1,1,58940
48226,8,8,16,58105
48344,0,0,0,21414
48768,9,1,10,66439
48985,0,1,1,54992
49184,5,5,10,71158
49217,1,1,2,67636
49605,0,1,1,59149
49841,0,0,0,61563
50041,0,2,2,63890
50114,1,5,6,62095
50218,10,10,20,44873
50219,8,12,20,2624
50222,1,1,2,6296
50231,5,4,9,6468
50241,4,14,18,79355
50266,3,2,5,65454
50295,3,5,8,5876
50315,2,4,6,71499
50319,2,2,4,73566
50322,1,3,4,73143
50353,4,3,7,74542
50434,13,3,16,60114
50512,1,1,2,26514
50570,0,2,2,74629
50862,1,1,2,83263
50910,12,14,26,29209
50952,1,2,3,60852
50962,3,8,11,31608
51071,0,2,2,73154
51166,8,1,9,69883
51177,12,7,19,46270
51241,6,8,14,47843
51319,12,21,33,67971
51580,1,1,2,79451
51638,0,0,0,62040
51652,2,3,5,55003
51682,0,1,1,71498
51702,0,0,0,73277
51816,1,0,1,71412
51853,2,1,3,54809
51856,2,3,5,48493
51992,0,1,1,73147
52013,0,0,0,63742
52093,0,0,0,76106
52210,1,1,2,72171
52293,3,4,7,73254
52322,1,3,4,71249
52361,1,0,1,73118
52730,1,1,2,59237
52936,1,4,5,15146
52944,0,1,1,57382
53100,0,1,1,79016
53144,0,1,1,65156
53189,1,2,3,73552
53243,0,0,0,71449
53281,0,1,1,71522
53302,0,2,2,74245
53393,0,1,1,60943
53478,3,3,6,73427
53575,5,10,15,64687
53613,1,0,1,71272
53718,3,1,4,67394
53787,4,4,8,67398
53800,8,7,15,67563
53810,3,3,6,68000
53819,4,4,8,68413
53859,8,8,16,67864
53967,17,4,21,22158
54028,0,0,0,72357
54312,0,1,1,68406
54656,0,4,4,70161
54738,0,1,1,55560
54755,2,9,11,43653
54873,1,1,2,9056
55807,0,1,1,58370
55976,1,4,5,74187
56132,0,3,3,55644
56426,20,3,23,34824
56536,0,2,2,83350
56543,0,1,1,71449
56903,1,2,3,55678
57114,1,0,1,42677
57254,5,6,11,73074
57367,2,4,6,82526
57434,1,1,2,77328
57473,0,0,0,71319
57623,1,1,2,35185
57648,5,6,11,54945
57721,1,1,2,59315
57977,3,5,8,71496
57993,2,2,4,71580
58294,7,0,7,29802
58488,1,1,2,57481
58711,0,0,0,75635
58769,0,3,3,59021
58870,1,1,2,71426
58939,1,3,4,71153
58990,0,0,0,78308
58994,0,0,0,39140
59000,23,29,52,33971
59072,1,1,2,54905
59173,1,1,2,42935
59343,7,6,13,7929
59356,2,1,3,71342
59549,0,0,0,77135
59602,0,1,1,77473
60049,2,6,8,38712
60201,1,2,3,50233
60587,1,1,2,59763
60845,3,4,7,45866
60857,3,2,5,56225
61142,0,0,0,27930
61293,3,3,6,75125
61687,0,1,1,77106
61732,3,1,4,59667
61740,0,5,5,73351
61742,0,1,1,75573
62001,2,3,5,73138
62086,1,2,3,12315
62118,0,1,1,66255
62353,3,4,7,64636
62455,0,0,0,60245
62551,1,1,2,76588
62564,1,2,3,72222
62576,0,1,1,76884
62877,1,3,4,68067
62883,0,2,2,70974
63070,1,3,4,70945
63090,0,1,1,74029
63144,2,1,3,21663
63279,1,0,1,66561
63365,0,1,1,80252
63386,0,1,1,71976
63406,0,0,0,56269
63480,2,2,4,73859
63483,0,1,1,65367
63486,2,2,4,76247
63644,2,2,4,67890
63839,2,2,4,30700
64257,1,2,3,72934
64327,1,1,2,73554
64367,0,2,2,68004
64375,0,1,1,4724
64413,0,1,1,42198
64528,2,2,4,55585
64606,1,1,2,58286
64723,1,2,3,73191
64729,6,7,13,71247
64911,26,29,55,17714
64965,24,1,25,75569
64987,7,7,14,47784
64998,0,2,2,13421
65032,3,3,6,68986
65106,0,1,1,67319
65159,0,3,3,76505
65187,1,1,2,61591
65223,0,1,1,76011
65253,0,1,1,71175
65474,1,2,3,58701
65528,0,1,1,66173
65644,1,4,5,85963
65774,3,5,8,74635
65851,1,1,2,67152
65919,4,3,7,21211
66002,1,1,2,78460
66279,6,5,11,73293
66383,4,5,9,10975
66917,1,3,4,78793
67062,9,2,11,74256
67371,4,7,11,26134
67382,29,6,35,14050
67503,4,0,4,20930
67504,8,23,31,82857
67515,4,3,7,36402
67517,11,17,28,21189
67601,0,1,1,70476
67614,0,0,0,55918
67868,1,1,2,23797
68221,0,1,1,59531
68223,1,2,3,31560
68391,0,0,0,49800
68498,1,1,2,43801
68539,2,2,4,75067
68939,2,1,3,62998
69034,0,1,1,75867
69269,3,3,6,63163
69308,0,2,2,67025
69515,0,0,0,55347
69642,12,13,25,74522
70057,0,2,2,47240
70071,0,0,0,55949
70111,0,1,1,58218
70301,6,9,15,11039
70408,2,2,4,69756
70524,1,1,2,74611
70629,0,1,1,71358
70654,0,1,1,71523
70889,0,1,1,78085
71072,2,2,4,74445
71133,1,1,2,78284
71148,0,1,1,51616
71246,1,2,3,73252
71430,2,4,6,58310
71485,7,2,9,71176
71729,0,0,0,40646
71897,1,1,2,58514
71909,2,2,4,69815
72135,0,1,1,64879
72252,3,3,6,58631
72388,0,2,2,75260
73034,2,1,3,84378
73365,15,18,33,80664
73367,18,19,37,17055
73371,0,2,2,59591
73442,0,1,1,67596
73591,0,2,2,68433
73604,0,0,0,83307
73709,4,6,10,76802
73710,7,6,13,76862
73725,0,2,2,46190
73788,0,2,2,57258
73813,4,4,8,59043
73861,2,2,4,76557
74376,1,3,4,76097
74713,0,0,0,56230
74745,1,1,2,66294
74765,1,3,4,68699
74936,1,3,4,56894
74938,2,1,3,55504
75083,5,10,15,932
75409,1,0,1,85874
75467,2,2,4,15078
75470,5,10,15,5791
75578,1,2,3,67040
75580,0,1,1,63705
75689,1,2,3,59518
76102,0,0,0,76594
76132,2,3,5,58590
76165,7,1,8,38371
76273,0,0,0,47454
76471,0,1,1,73149
76920,3,2,5,78136
76940,0,3,3,58330
77058,0,1,1,18908
77138,5,4,9,74201
77346,0,1,1,60696
77400,0,0,0,72261
77457,1,1,2,63155
77464,2,2,4,63553
77562,0,1,1,79406
77602,1,2,3,66804
77616,2,1,3,57907
77700,3,7,10,71366
77768,0,0,0,55067
77846,1,4,5,52243
77864,0,9,9,62276
77943,0,0,0,68416
77982,0,1,1,41542
77999,0,1,1,30155
78041,0,1,1,67424
78043,0,1,1,73564
78109,0,1,1,71874
78238,0,0,0,78778
78328,6,5,11,57563
78347,4,3,7,54984
78406,1,1,2,64867
78556,0,0,0,72314
78593,0,0,0,63457
78750,1,2,3,56045
78770,2,3,5,72506
79185,1,2,3,63235
79338,0,1,1,55676
79460,1,1,2,65827
79657,0,5,5,74452
79743,0,1,1,57095
80035,0,1,1,73667
80077,1,1,2,43738
80084,3,3,6,46190
80101,5,17,22,3830
80163,1,2,3,75288
80281,3,3,6,68942
80592,1,2,3,77009
80818,6,6,12,71712
80858,0,0,0,71199
80888,4,4,8,77129
80952,2,19,21,57147
81105,0,1,1,29668
81173,0,1,1,70526
81181,3,5,8,22713
81202,0,1,1,66632
81241,1,1,2,85657
81405,1,11,12,73222
81602,1,4,5,68058
81666,0,1,1,69982
81674,13,15,28,74699
81699,2,1,3,84162
81933,1,2,3,79095
82142,0,0,0,44515
82461,0,1,1,41710
82679,1,1,2,49657
82686,1,1,2,73319
82689,1,1,2,73106
82732,0,0,0,8147
82741,14,16,30,44030
82781,1,2,3,72786
82834,0,0,0,81999
82861,1,1,2,77791
83119,0,1,1,73094
83479,6,4,10,52224
83622,0,0,0,49892
83970,3,4,7,75275
84112,2,1,3,11320
84225,1,3,4,82864
84647,22,13,35,47062
84752,0,3,3,85327
84953,0,0,0,60750
85090,2,3,5,73671
85441,0,1,1,61243
85847,0,1,1,58174
86079,0,0,0,72812
86180,0,0,0,16121
86271,1,1,2,63346
86903,6,9,15,71387
86932,0,2,2,73392
86995,1,1,2,74673
87074,0,1,1,10157
87268,0,1,1,74580
87330,4,2,6,46929
87397,0,0,0,36694
87449,2,0,2,80467
87639,0,1,1,57439
87770,1,1,2,76375
87889,0,1,1,55924
87890,1,2,3,55761
87987,1,0,1,73240
88078,1,1,2,7250
88491,0,1,1,66028
88540,0,0,0,42207
88816,1,1,2,57378
88838,4,8,12,72020
88963,1,1,2,80612
89248,0,1,1,57669
89619,1,2,3,57001
89805,7,11,18,3670
89807,7,20,27,26185
89922,0,1,1,66707
90366,0,3,3,61335
90459,0,1,1,56280
91140,0,0,0,63742
91965,1,5,6,59864
91992,0,2,2,55967
92037,7,10,17,67302
92153,2,1,3,796
92219,1,2,3,65768
92221,2,4,6,72940
92274,19,6,25,36889
92499,0,1,1,74477
92528,0,0,0,59886
92688,5,8,13,51010
93106,6,6,12,74459
93171,13,22,35,34258
93195,0,1,1,56686
93249,0,1,1,75968
93252,12,9,21,11767
93269,6,1,7,2881
93274,14,17,31,14133
93279,15,11,26,59631
93293,12,15,27,40524
93294,0,2,2,77739
93308,16,16,32,14821
93314,11,10,21,32635
93317,6,6,12,16597
93321,8,12,20,17329
93336,3,6,9,22922
93337,14,15,29,11027
93339,2,2,4,41894
93480,3,4,7,74357
93481,3,3,6,74967
93488,7,7,14,65909
93596,0,1,1,74634
93601,6,2,8,73721
93620,0,1,1,60008
94062,2,3,5,72309
94269,1,1,2,49539
94830,1,4,5,30797
94880,8,2,10,66087
95037,1,1,2,72369
95235,6,1,7,73983
95455,1,1,2,55154
95586,1,1,2,47016
95644,0,3,3,57107
95660,2,1,3,74519
95697,1,2,3,47097
95728,0,2,2,25962
95829,1,1,2,73858
95835,1,0,1,74422
95848,5,16,21,37217
95935,0,0,0,76650
96291,14,19,33,58472
96537,0,1,1,21846
96734,1,1,2,74664
96823,0,0,0,71706
96937,0,1,1,66734
97154,0,1,1,10293
97227,0,1,1,71726
97293,2,2,4,57057
97301,1,2,3,57838
97382,0,1,1,82290
97385,1,1,2,82545
97560,1,0,1,55354
97871,0,0,0,80270
97881,0,1,1,80665
97979,1,2,3,73261
98075,0,0,0,62758
98100,2,2,4,74471
98311,1,1,2,74878
98430,1,3,4,77354
98453,2,16,18,31267
98473,0,0,0,66063
98625,0,1,1,73961
98639,4,5,9,73349
98829,0,4,4,74853
98831,0,0,0,70872
98863,0,0,0,75394
99258,0,2,2,463
99364,1,1,2,63075
99393,0,2,2,77747
99573,1,3,4,72869
99707,1,2,3,58700
99846,0,0,0,55498
99919,3,2,5,78684
100127,10,4,14,80229
100152,0,0,0,75381
100196,1,0,1,67766
100306,0,1,1,51060
100316,0,1,1,72128
100414,7,3,10,50157
100771,0,1,1,44038
100868,0,0,0,51859
101109,2,4,6,20267
101209,0,1,1,38235
101238,0,4,4,18849
101550,0,0,0,65214
101816,0,0,0,38972
101906,0,1,1,56931
101977,3,2,5,74576
102223,0,0,0,82720
102406,0,1,1,71349
102461,0,1,1,83598
102477,0,2,2,71162
102661,0,1,1,80748
102804,0,1,1,61570
103135,0,0,0,84994
103447,16,24,40,20064
103550,0,1,1,81988
103759,2,3,5,58790
103787,1,1,2,74552
104057,1,1,2,60745
104059,1,0,1,56324
104321,0,0,0,1994
104498,0,0,0,5639
104521,0,2,2,71128
104541,1,1,2,52868
104567,8,9,17,27945
104571,8,13,21,71559
104889,1,1,2,77486
105041,0,1,1,83015
105170,1,1,2,70356
105363,0,1,1,14983
105407,1,0,1,13499
105544,1,2,3,61081
105545,1,2,3,30045
105828,0,2,2,70797
105834,0,1,1,74163
106209,7,15,22,42714
106211,1,2,3,71002
106217,2,2,4,46120
106221,1,7,8,53313
106247,0,0,0,60193
106569,3,0,3,73447
106570,4,1,5,71117
106644,0,2,2,59689
106666,1,4,5,55426
106741,0,1,1,79121
106748,2,2,4,57100
106880,0,1,1,66459
107006,0,3,3,55328
107353,1,1,2,61284
107376,0,0,0,50973
107442,2,2,4,74500
107585,2,2,4,53095
107619,0,0,0,54888
107640,0,0,0,10292
107693,1,3,4,60926
107743,2,6,8,47928
108133,10,11,21,72774
108380,2,3,5,55404
108383,2,6,8,59562
108653,0,2,2,69749
108801,1,1,2,58034
108920,4,0,4,75013
109001,0,0,0,78301
109047,0,0,0,59487
109113,1,2,3,66434
109246,4,10,14,73896
109391,3,2,5,13702
109527,1,7,8,26296
109648,0,4,4,78960
109994,2,2,4,76195
110093,3,3,6,57908
110170,1,3,4,73416
110262,0,0,0,57045
110388,1,1,2,62774
110442,0,1,1,74522
110463,0,3,3,74592
110577,1,2,3,38779
110592,0,6,6,61628
111005,0,0,0,72868
111181,1,2,3,72400
111185,0,2,2,73469
111592,2,3,5,71538
111627,2,3,5,81274
111730,0,1,1,73295
111732,1,1,2,75781
111821,0,0,0,42327
112018,0,1,1,72383
112582,0,1,1,68230
112667,0,0,0,44874
112862,1,3,4,59004
113078,0,1,1,38681
113135,1,1,2,72890
113232,2,1,3,55602
113319,1,1,2,73170
113395,2,2,4,73383
113400,1,2,3,73279
113774,0,0,0,79671
114104,0,2,2,73250
114140,0,0,0,65137
114247,0,0,0,84877
114351,0,1,1,6242
114456,0,0,0,51451
114693,0,0,0,81469
114857,0,0,0,71585
115005,0,6,6,59194
115038,4,6,10,70065
115567,0,1,1,71991
115818,1,1,2,37404
115840,0,0,0,68173
115889,0,0,0,67007
115966,0,1,1,62988
116284,0,1,1,71183
116323,5,5,10,46468
116633,5,3,8,77392
116686,1,2,3,71736
116940,1,2,3,74235
117033,1,1,2,70372
117051,0,1,1,55853
117693,0,0,0,72476
118274,0,2,2,72759
118326,0,1,1,56051
118365,4,5,9,46320
118370,1,2,3,46501
118375,0,0,0,45362
118513,3,3,6,77266
118514,1,1,2,81895
118574,0,3,3,84843
118602,0,0,0,65233
118814,0,1,1,73572
118927,1,2,3,68354
118970,1,2,3,54917
118988,0,1,1,77654
119282,0,3,3,68524
119364,0,0,0,83469
119553,0,1,1,29346
119704,1,1,2,78557
119705,1,1,2,80981
119769,6,6,12,70418
119840,0,1,1,15998
120050,1,2,3,66962
120115,0,0,0,70715
120131,1,1,2,71757
120250,7,8,15,6520
120301,0,0,0,71151
120327,3,5,8,15066
121586,10,5,15,78992
121801,4,5,9,73870
121887,1,1,2,74483
121932,4,6,10,9668
122087,3,1,4,56479
122106,1,1,2,43591
122190,3,2,5,36425
122193,0,2,2,21971
122529,8,9,17,25761
122663,4,3,7,74194
122711,2,1,3,83056
122729,0,1,1,44824
122756,0,1,1,74131
122939,1,0,1,50929
123165,18,13,31,67999
123568,1,1,2,77626
123982,1,1,2,75198
124086,0,1,1,71605
124110,0,1,1,63808
124298,0,1,1,66114
124342,0,1,1,55660
124378,11,14,25,72635
124379,3,3,6,38025
124398,9,3,12,63936
124410,0,0,0,78809
124454,0,1,1,25169
124549,0,1,1,58709
124898,0,0,0,71199
124904,0,0,0,37506
125077,0,1,1,65732
125393,1,2,3,66511
125419,2,2,4,65995
125427,1,1,2,71555
125436,1,2,3,70622
125614,0,0,0,60251
125640,1,1,2,75539
126099,1,2,3,75882
126231,0,1,1,79503
126458,1,2,3,69883
126479,1,1,2,55803
126500,1,2,3,45930
126571,2,2,4,57827
126658,1,1,2,22783
126714,2,3,5,57133
126734,0,0,0,49274
126814,1,5,6,34817
126878,0,2,2,73503
127808,0,0,0,20035
128234,0,0,0,64228
128270,0,1,1,78109
128344,2,3,5,73209
128623,0,0,0,52527
128727,0,0,0,31338
128811,1,1,2,27055
128817,0,1,1,58894
128871,2,3,5,58114
129289,0,0,0,82657
129336,0,2,2,67939
129341,3,6,9,57113
129505,2,2,4,36030
129924,0,6,6,61080
129929,2,5,7,77236
130080,0,2,2,65835
130153,1,1,2,73429
130535,1,2,3,55397
130582,0,1,1,58476
130621,6,3,9,6016
130622,12,13,25,74568
130712,1,1,2,22150
130733,0,1,1,69365
130757,2,5,7,47272
130761,0,4,4,75486
130791,0,1,1,47585
130892,0,0,0,77974
131388,8,10,18,69540
131430,0,1,1,55423
131538,1,3,4,71237
131640,6,7,13,70372
131967,0,3,3,66838
132125,3,5,8,36110
132182,0,0,0,72295
132436,1,2,3,63049
132478,0,1,1,61242
132596,2,8,10,81793
132827,16,18,34,2864
132829,14,22,36,67288
132847,0,2,2,64400
132857,1,3,4,18546
133017,0,4,4,68303
133067,1,2,3,57685
133111,1,3,4,11953
133250,0,1,1,71736
133265,0,2,2,74110
133528,1,1,2,80665
133556,0,0,0,78334
133571,0,1,1,58502
133574,0,2,2,77452
133756,0,0,0,79975
133810,0,1,1,71602
133812,0,2,2,8917
133841,0,0,0,75085
133854,1,2,3,76988
134023,0,2,2,61790
134107,1,1,2,61950
134283,0,1,1,60932
134290,3,1,4,57655
134333,1,1,2,64346
134352,1,1,2,77437
134554,0,3,3,3068
134853,0,0,0,71475
135079,0,0,0,67612
135265,1,1,2,38993
135427,1,1,2,58750
135555,3,6,9,46931
135916,0,1,1,55860
136726,3,2,5,59201
136801,1,1,2,73624
136907,0,3,3,72526
137059,0,2,2,73283
137174,1,0,1,34073
137188,0,1,1,59305
137490,2,1,3,59987
137584,1,1,2,70021
137652,1,2,3,13086
137967,0,0,0,26441
138041,0,1,1,74973
138089,1,3,4,56574
138173,2,1,3,56096
138216,0,0,0,76195
138591,2,6,8,64728
138663,4,6,10,57684
138665,1,1,2,61455
138666,3,4,7,58151
138739,0,0,0,77233
138766,2,9,11,78104
138801,0,0,0,57674
138830,0,1,1,79623
139112,1,2,3,58483
139198,0,2,2,77200
139359,0,1,1,56809
139593,0,0,0,25162
139726,2,6,8,73194
140089,1,2,3,60030
140109,0,4,4,69914
140157,1,0,1,66280
140301,0,0,0,51439
140422,0,0,0,63251
140650,0,0,0,84095
140815,1,1,2,60979
140970,0,1,1,57246
141039,0,0,0,72687
141204,0,1,1,69066
141253,1,1,2,86361
141367,0,1,1,71555
141722,0,1,1,56519
141756,0,1,1,74377
141930,0,0,0,70286
142002,1,2,3,75737
142069,0,1,1,69653
142125,0,1,1,55352
142408,0,1,1,71239
142454,0,0,0,53101
142623,0,1,1,55707
142644,0,1,1,55168
142826,3,3,6,67842
142835,3,3,6,68361
142862,1,1,2,67673
142992,1,1,2,41826
143211,4,4,8,67533
143412,0,0,0,63807
143517,1,1,2,76472
143528,0,1,1,77576
143546,4,4,8,68658
143554,5,8,13,85907
143579,0,1,1,55353
143654,0,1,1,55143
143704,0,1,1,80329
143912,1,4,5,15424
143977,2,0,2,41006
144247,2,1,3,56303
144338,10,11,21,37576
144339,0,1,1,66027
144499,0,3,3,30592
144568,0,1,1,72390
144646,0,2,2,58326
144815,0,1,1,57879
144977,0,1,1,66670
144996,0,0,0,23897
145108,1,1,2,60025
145287,1,1,2,52657
145408,0,2,2,38581
145501,2,2,4,74404
145550,1,3,4,62978
145888,2,3,5,41236
145918,1,3,4,57525
146284,0,0,0,72062
146642,1,2,3,29063
146704,0,2,2,58314
146847,0,0,0,9062
147036,0,1,1,57344
147228,1,1,2,38437
147322,0,0,0,71575
147324,1,1,2,82156
147325,1,1,2,71028
147421,0,0,0,56826
147510,3,2,5,8357
147717,0,0,0,35770
147808,0,0,0,61505
147993,10,11,21,57313
147997,3,5,8,70355
148122,0,1,1,80620
148232,0,1,1,73138
148237,3,7,10,47244
148247,0,0,0,56831
148421,1,1,2,76369
148526,0,1,1,73747
148602,0,2,2,55454
149053,0,0,0,70845
149249,0,1,1,69255
149268,2,3,5,23861
149346,1,1,2,57317
149403,0,1,1,4216
149467,0,2,2,65363
149691,2,14,16,71903
149737,0,3,3,50864
149824,0,0,0,45004
150704,0,1,1,67187
150805,0,0,0,8796
150912,0,1,1,77311
151045,0,1,1,63620
151054,0,1,1,74352
151159,1,1,2,84854
151979,1,2,3,56027
152027,0,0,0,12210
152095,1,1,2,55252
152400,1,2,3,47755
152407,1,3,4,60373
152500,0,0,0,43510
152579,0,1,1,55775
152912,1,1,2,64210
152985,2,3,5,72911
153003,0,1,1,73470
153386,1,5,6,67185
153566,0,1,1,22228
153793,2,1,3,65522
154573,6,10,16,50159
154584,7,8,15,46312
154833,0,1,1,55680
155034,0,2,2,59345
155105,0,2,2,55386
155398,0,2,2,66168
155471,0,1,1,56115
155554,0,1,1,77000
155637,0,0,0,59451
155672,0,0,0,71209
156007,1,2,3,66568
156105,0,0,0,70789
156846,0,0,0,31712
157276,0,1,1,78223
157599,0,1,1,58556
157892,0,0,0,79711
158065,0,1,1,73572
158097,2,2,4,59745
158289,1,1,2,57151
158315,1,2,3,42097
158584,1,1,2,77207
158836,0,0,0,65844
158955,1,2,3,75164
159116,1,2,3,74647
159332,0,1,1,74927
159525,0,0,0,72093
159620,1,4,5,73556
159981,0,1,1,55072
159983,2,1,3,55057
160038,13,16,29,80817
160055,5,3,8,16054
160176,0,1,1,74949
160382,0,0,0,58260
160612,1,2,3,58727
160629,1,3,4,57342
160633,1,2,3,60147
160819,0,0,0,33717
161069,0,1,1,56009
162085,1,1,2,51007
162268,2,0,2,37866
162325,2,4,6,70654
162386,1,1,2,7519
162536,0,2,2,66357
162541,1,0,1,69177
162569,1,1,2,74974
162639,0,0,0,31749
162686,0,0,0,81545
162719,0,0,0,68090
162721,3,3,6,68212
162855,0,4,4,44757
162863,0,2,2,62080
162952,0,1,1,85875
163149,0,2,2,1061
163347,0,0,0,59714
163684,1,2,3,72103
164031,0,0,0,69128
164116,0,2,2,83530
164139,0,1,1,66121
164151,2,2,4,69074
164493,0,1,1,74053
164503,1,2,3,56027
164744,1,2,3,54577
164745,0,1,1,32417
165573,0,0,0,67290
165791,1,2,3,15805
165957,0,1,1,85731
165978,3,4,7,9525
165992,0,1,1,82421
166174,2,2,4,29356
166454,2,7,9,67117
166476,1,4,5,73189
166628,0,0,0,58499
166629,1,0,1,78568
166682,0,0,0,24396
166842,0,1,1,69778
166945,1,2,3,57079
167290,2,1,3,75589
167306,1,1,2,65636
167547,0,1,1,67607
167681,0,0,0,58160
167739,0,2,2,67768
167769,1,3,4,60106
167846,0,0,0,55363
168124,0,2,2,59998
168283,0,1,1,74375
168365,2,2,4,3422
168424,0,0,0,33987
168554,0,0,0,5597
168585,1,2,3,77734
168623,0,3,3,58424
168677,0,2,2,59573
168935,7,9,16,59432
169031,0,2,2,73204
169253,0,0,0,85833
169614,2,3,5,72067
169664,1,8,9,72671
170101,0,0,0,16472
170141,0,1,1,51513
170261,0,0,0,74257
170661,1,5,6,84618
170702,2,4,6,55272
170787,0,0,0,71173
170844,0,0,0,76589
170925,3,2,5,48961
170952,1,0,1,25054
171000,1,1,2,55372
171049,0,1,1,80168
171050,1,2,3,66689
171071,2,1,3,76982
171095,0,1,1,62362
171145,2,2,4,53541
171691,3,2,5,71653
171763,2,2,4,70324
172389,1,2,3,83833
172473,0,1,1,55754
172534,0,2,2,66115
173131,1,2,3,66013
173138,1,2,3,21240
173391,1,2,3,71115
173392,1,3,4,70896
173406,0,3,3,80557
173412,0,1,1,66078
173415,1,1,2,83757
173422,0,3,3,71006
173728,0,0,0,22622
173781,0,1,1,61100
174346,0,0,0,51631
174678,3,3,6,77678
174750,0,0,0,31717
174754,0,0,0,10447
175035,0,1,1,79842
175065,3,4,7,72401
175283,1,1,2,8831
175567,0,1,1,71223
175569,2,2,4,58122
175719,1,2,3,11955
175804,1,2,3,67668
175911,1,2,3,83144
176199,0,1,1,62799
176341,0,0,0,66336
176388,0,1,1,66949
176481,0,4,4,1451
176488,0,0,0,14212
176859,2,4,6,66882
177265,2,3,5,83754
177672,0,3,3,69362
177943,1,2,3,74895
178008,0,1,1,73734
178337,0,1,1,46357
178396,0,1,1,71530
178634,0,1,1,74556
179239,0,1,1,56982
179254,2,2,4,70560
179322,1,2,3,66875
179622,4,9,13,68371
179799,3,3,6,74475
179882,0,1,1,74508
180058,0,0,0,19780
180078,0,0,0,69622
180597,1,5,6,45648
180842,0,2,2,55583
181364,0,1,1,56441
181800,0,1,1,84054
182007,0,1,1,75138
182039,0,0,0,12360
182043,2,2,4,40124
182254,1,8,9,83746
182424,0,1,1,78490
182497,4,5,9,70046
182906,4,3,7,37098
182979,2,2,4,69384
183325,0,0,0,12730
183449,1,1,2,70140
183496,0,0,0,34146
183569,0,1,1,56892
183768,0,1,1,74018
183976,0,2,2,75924
184039,1,1,2,71277
184615,1,1,2,723
184623,0,1,1,51268
184805,0,6,6,10171
184994,1,0,1,69291
185057,0,1,1,59388
185254,0,0,0,82687
185374,1,4,5,60128
185591,0,1,1,55642
185595,0,2,2,70665
185735,1,0,1,38923
185901,1,3,4,4564
185993,0,2,2,76255
186030,1,1,2,73464
186091,0,2,2,76671
186184,5,5,10,10812
186459,0,0,0,77314
187094,1,1,2,66539
187225,0,0,0,84299
187228,0,1,1,54051
187719,0,0,0,78640
187903,0,1,1,18798
187918,2,10,12,48314
188408,1,0,1,79439
188676,0,1,1,75347
188761,0,0,0,53762
189146,0,0,0,77292
189328,0,0,0,33276
189779,6,4,10,47098
189955,0,0,0,41506
190062,1,1,2,8890
190120,0,0,0,59554
190284,1,3,4,67613
190295,0,2,2,66208
190296,2,3,5,66521
190316,0,3,3,56455
190403,0,2,2,60063
190520,0,0,0,80081
190847,1,1,2,69148
190887,0,2,2,59532
191005,0,1,1,66875
191049,0,1,1,78797
191445,0,1,1,69443
191510,0,4,4,73428
191607,0,3,3,47125
191629,0,0,0,66985
191794,0,0,0,29133
192017,0,1,1,66489
192086,1,0,1,60753
192128,0,1,1,71255
192414,2,1,3,26864
192913,0,2,2,79483
193112,4,3,7,44212
193230,0,0,0,30155
193604,0,1,1,66610
193679,0,1,1,67002
194069,1,1,2,36429
194192,0,0,0,58465
194253,0,0,0,68375
194408,1,1,2,80523
194952,0,1,1,73788
195059,0,2,2,15216
195096,1,1,2,74345
195446,0,0,0,51835
195517,3,3,6,66950
195518,3,3,6,66705
195520,2,2,4,86159
195541,0,3,3,75235
195555,0,1,1,74172
195886,0,1,1,6290
195999,0,1,1,83514
196130,1,2,3,11610
196145,0,0,0,5110
196162,1,1,2,68623
196491,0,1,1,77663
196530,1,3,4,59965
196531,1,2,3,60807
196662,0,1,1,66721
197024,1,1,2,74886
197061,0,2,2,5710
197097,0,0,0,4411
197357,0,0,0,20746
197427,0,0,0,52710
197923,1,2,3,73375
198128,1,3,4,35645
198298,0,0,0,17591
198347,1,1,2,71834
198531,2,2,4,61166
198589,0,0,0,42111
198639,0,2,2,48258
198907,0,1,1,81276
198924,0,0,0,50649
199020,0,0,0,66905
199121,0,2,2,8677
199226,1,1,2,69878
199234,0,1,1,74816
199693,1,8,9,25267
199695,2,13,15,38847
199748,0,1,1,55380
199845,1,1,2,66069
199981,0,1,1,64601
200218,0,0,0,72898
200332,2,3,5,72119
200371,0,1,1,76537
200423,0,0,0,77669
200645,1,1,2,69940
200662,0,0,0,71517
200711,1,2,3,73888
200881,1,1,2,65248
200968,0,1,1,66365
201307,0,1,1,81773
201308,0,2,2,57536
201649,0,1,1,68629
201893,2,2,4,74642
202439,0,3,3,79721
202476,4,3,7,78073
202479,2,1,3,76869
202480,2,2,4,16001
202482,2,2,4,77171
202619,0,0,0,39838
202648,0,1,1,80758
202689,0,3,3,56958
202743,0,0,0,69313
203001,0,0,0,55303
203046,0,0,0,69124
203358,0,0,0,3715
204111,1,1,2,50078
204230,0,1,1,66637
204290,1,2,3,61564
204518,1,3,4,34578
204932,1,3,4,76961
205159,2,2,4,62456
205759,0,0,0,64915
205787,0,0,0,26321
205864,0,0,0,2642
205891,0,1,1,69451
205945,0,0,0,44425
206354,1,3,4,59870
206362,1,5,6,3314
206392,1,1,2,26047
206507,0,1,1,66164
207121,0,1,1,68590
207261,0,1,1,66002
207704,1,2,3,52099
207707,1,1,2,7447
207711,4,4,8,77303
207722,0,1,1,77489
207728,0,0,0,59689
207933,0,1,1,66201
208279,0,1,1,33546
208328,3,4,7,71323
208355,0,1,1,78183
208442,0,0,0,72987
208472,0,1,1,85521
208505,0,0,0,67287
208623,0,2,2,72764
208641,2,1,3,73217
208716,0,1,1,74391
208997,1,1,2,50005
209129,0,1,1,62741
209474,0,1,1,55033
209567,1,1,2,68364
209611,0,1,1,22170
209664,0,2,2,68880
210100,0,1,1,55352
210119,1,2,3,66133
210904,0,2,2,75012
210905,0,0,0,57649
211369,0,1,1,58999
211431,3,0,3,63353
211529,0,1,1,69479
211640,1,1,2,53978
211701,0,0,0,50788
211730,0,0,0,72664
211740,0,0,0,76605
212156,0,0,0,26098
212363,0,1,1,72399
212560,1,0,1,44013
212726,1,1,2,74146
212781,1,1,2,55942
212805,0,1,1,59507
212866,0,1,1,73471
213163,2,1,3,4966
213389,0,0,0,84889
213439,0,1,1,68623
213518,1,1,2,60734
213519,2,2,4,51603
213592,0,1,1,80011
213792,0,3,3,73281
213897,1,2,3,75179
214025,4,4,8,73445
214042,0,1,1,69658
214046,0,1,1,65994
214087,0,1,1,37597
214507,0,1,1,66111
214857,1,1,2,61718
214999,0,1,1,66477
215024,0,1,1,74683
215090,0,0,0,73127
215171,0,1,1,77938
215675,0,0,0,56316
215785,0,1,1,69131
215859,0,1,1,75680
216211,0,2,2,64939
216348,0,0,0,85622
216365,1,1,2,79926
216374,3,4,7,67983
216483,1,1,2,17525
216602,0,0,0,41062
216817,0,1,1,56467
217029,0,2,2,67323
217322,0,2,2,54783
217828,0,0,0,63491
217948,0,1,1,66035
217972,0,0,0,62357
218584,0,0,0,28438
219007,0,1,1,74785
219218,0,1,1,55267
219303,1,0,1,69627
219490,2,11,13,73694
219774,0,1,1,63950
220523,0,1,1,53395
220557,0,0,0,75091
220796,1,1,2,84277
220954,0,2,2,56944
221069,0,1,1,66649
221339,0,2,2,66009
221430,0,1,1,65011
221496,0,2,2,59685
221823,0,1,1,68519
222421,0,1,1,82642
222533,0,0,0,1486
222663,0,0,0,21412
222831,0,1,1,60223
223125,0,4,4,43999
223143,0,0,0,44762
223726,0,0,0,58630
223789,1,1,2,172
223818,0,0,0,44474
223914,2,2,4,59789
223917,0,2,2,66523
224237,0,1,1,75351
224480,5,3,8,2533
224595,1,1,2,75927
224603,0,0,0,75996
225122,0,1,1,67767
225572,0,1,1,66102
225714,0,1,1,69905
226133,0,0,0,71920
226372,0,0,0,73756
226555,0,1,1,61312
226677,0,0,0,78470
226803,1,0,1,10906
227321,0,0,0,26241
227558,0,0,0,47559
228148,0,0,0,66052
228311,4,5,9,15104
228379,0,1,1,79336
228557,1,2,3,71505
228656,1,1,2,67467
229083,0,1,1,14822
229230,0,2,2,67121
229624,0,1,1,66498
229691,2,2,4,81330
229706,0,1,1,66114
230147,0,0,0,71203
230276,0,1,1,66197
230462,0,1,1,66000
230483,0,1,1,66076
230753,0,1,1,81616
231918,0,0,0,49725
232834,0,0,0,81162
232850,1,2,3,27545
232891,0,0,0,52072
232981,0,6,6,83460
233128,0,1,1,76627
233404,1,4,5,51603
233663,0,0,0,77438
233730,0,1,1,55368
234003,0,0,0,68047
234305,0,0,0,66959
234508,0,1,1,66094
234582,0,0,0,76737
234621,1,2,3,77502
234955,0,2,2,71915
235296,0,1,1,69045
235395,0,0,0,63215
235399,0,2,2,63574
235712,0,2,2,82806
235957,0,0,0,4173
236064,1,1,2,72382
236113,0,3,3,86168
236406,0,0,0,54650
236423,0,1,1,63277
237221,0,1,1,66346
237987,0,0,0,31784
238481,1,2,3,75340
238743,0,0,0,66566
238911,0,2,2,68973
239052,0,1,1,60457
239074,0,2,2,66800
239144,0,1,1,66859
239203,0,1,1,73618
239829,0,0,0,72891
240547,0,1,1,67814
240896,0,1,1,69915
240922,0,1,1,66838
240985,0,0,0,23360
242089,0,1,1,61224
242165,0,0,0,84625
242234,0,0,0,24936
242261,0,0,0,44524
242386,2,2,4,12509
242523,0,0,0,67229
242626,0,1,1,71859
242724,0,1,1,66984
242812,0,0,0,70444
242840,1,1,2,52608
243025,1,1,2,73018
243282,0,2,2,68186
243349,0,1,1,66157
243571,0,1,1,73079
243643,1,2,3,79931
243882,0,0,0,27799
244043,0,1,1,53466
244093,0,1,1,74169
244191,0,1,1,67482
244358,0,0,0,72211
245202,0,0,0,53476
245308,0,2,2,77086
245543,0,1,1,58071
245607,1,3,4,74309
245817,0,0,0,56553
246346,0,0,0,44093
247125,1,0,1,2462
247273,0,0,0,68694
247581,0,1,1,20834
247674,0,0,0,6093
247775,0,1,1,58276
247906,0,0,0,73495
247996,2,2,4,71272
248156,0,1,1,81761
248466,0,2,2,58718
248489,1,1,2,84333
248527,0,1,1,67544
248899,0,1,1,67641
248971,0,2,2,55116
249095,0,1,1,63102
249143,0,0,0,66103
249877,0,0,0,57610
250231,0,0,0,33114
250393,0,1,1,76560
250401,1,0,1,7979
250519,2,1,3,65495
250626,0,1,1,68717
251497,0,0,0,68479
252235,0,1,1,37256
252636,0,2,2,69192
252733,0,1,1,61899
253094,2,2,4,45095
253403,0,1,1,66598
254611,2,3,5,41250
255055,0,1,1,67453
255217,0,1,1,66468
255242,0,0,0,59545
255320,0,0,0,42745
255849,0,1,1,55118
255850,0,1,1,37748
255911,0,2,2,66332
256016,1,1,2,64155
256772,0,1,1,62354
256774,0,1,1,82581
257071,0,0,0,84852
257098,0,0,0,81088
257249,0,0,0,77690
257364,0,4,4,66723
257829,0,0,0,73618
258313,2,2,4,46823
258317,2,2,4,68480
258526,0,1,1,66541
258538,0,1,1,66779
258751,1,1,2,56479
259593,0,2,2,70616
259769,0,0,0,70388
260323,1,1,2,57379
260375,1,1,2,49612
260997,1,1,2,63528
261100,0,0,0,57402
261145,1,1,2,68289
261212,1,2,3,62739
261373,0,0,0,74446
261594,0,0,0,59063
261698,1,1,2,64403
262151,0,1,1,67424
262258,0,1,1,74207
262389,0,0,0,78757
262501,0,1,1,78703
262576,0,1,1,66300
263870,1,1,2,74434
264041,0,1,1,78638
264063,0,1,1,51416
264232,0,2,2,59522
264285,0,0,0,68720
264411,0,0,0,58402
264646,0,0,0,63565
264874,0,2,2,74540
265367,0,2,2,62491
265408,1,0,1,71258
265531,0,1,1,66666
265559,0,0,0,14305
265700,0,0,0,71821
265813,1,1,2,41979
265816,1,1,2,52367
266037,0,1,1,76373
266557,1,1,2,47016
266825,0,1,1,62249
267206,0,1,1,66488
268170,0,1,1,55007
268263,0,3,3,67510
268545,0,1,1,77367
269340,0,0,0,40073
269512,1,1,2,85074
270306,0,1,1,73688
270513,0,0,0,49874
271112,0,1,1,62597
271257,0,1,1,69978
271518,0,2,2,60340
271643,0,1,1,60009
271995,2,3,5,12023
272099,0,1,1,66741
272273,0,1,1,73685
272348,1,1,2,74566
272349,1,2,3,74095
272516,0,1,1,68385
272570,0,0,0,44302
272652,0,0,0,60790
272656,0,1,1,73953
272693,0,4,4,73232
272765,0,1,1,73163
273680,0,0,0,72064
273748,0,0,0,71478
273752,0,1,1,83421
273816,1,1,2,85309
273860,0,1,1,59810
274049,0,1,1,68576
274266,0,1,1,81281
274649,0,1,1,67439
275382,0,2,2,61373
275554,0,1,1,66907
276071,0,0,0,54319
276745,0,1,1,68369
276891,0,1,1,58282
277321,0,2,2,61606
277329,0,1,1,77517
277659,0,2,2,66125
277858,1,1,2,82425
278040,0,2,2,65689
278251,1,3,4,74043
278548,0,0,0,72387
278775,0,1,1,58685
279049,0,1,1,73148
279050,0,1,1,74790
279143,0,1,1,66239
279207,1,2,3,57969
279316,0,1,1,29596
279602,1,1,2,64088
279771,0,1,1,73975
279805,0,1,1,68878
279875,0,0,0,74666
279880,0,0,0,55923
279983,1,1,2,49703
279985,0,2,2,16878
280425,0,2,2,67856
280645,0,1,1,67558
280783,0,0,0,74519
280814,0,0,0,67847
281188,0,1,1,66707
281493,0,1,1,59122
281951,0,0,0,10780
282095,0,1,1,67772
282200,0,1,1,66177
282758,1,2,3,65217
283284,0,2,2,76532
283485,0,0,0,80511
283614,0,3,3,40442
284882,0,1,1,78920
284917,0,1,1,73735
284994,0,1,1,86337
285491,0,0,0,75447
285913,1,1,2,15734
285914,2,2,4,14761
286005,0,2,2,59481
286030,1,1,2,75022
286094,0,1,1,77332
286355,0,0,0,69131
286479,0,0,0,84056
287057,0,1,1,71278
287068,0,2,2,59827
287700,0,1,1,66153
287935,0,0,0,75511
287954,0,0,0,47541
288008,0,1,1,70238
288386,0,0,0,13795
288408,1,1,2,49731
289037,0,0,0,82834
289536,0,2,2,75188
289650,0,1,1,70323
290193,0,0,0,77180
290304,2,2,4,69157
290717,0,2,2,68071
290756,0,0,0,55435
291044,0,1,1,67638
291390,0,0,0,23138
292033,1,1,2,73825
292035,1,1,2,72816
292721,1,1,2,74281
292933,0,1,1,79791
293156,0,1,1,56614
293237,0,0,0,68853
293802,0,1,1,66105
294403,2,2,4,8558
294416,0,1,1,80979
294547,0,0,0,22865
294956,0,1,1,67613
294978,0,0,0,73470
295225,0,0,0,64861
295227,0,1,1,56064
295413,0,1,1,67745
295584,1,1,2,52107
295742,0,1,1,74958
295761,0,1,1,67681
295820,0,0,0,72094
295866,1,1,2,24039
295882,0,0,0,42092
295958,1,1,2,8302
295959,1,1,2,34667
296119,1,1,2,12895
296120,1,1,2,12834
296524,0,0,0,11576
297081,0,1,1,83215
297225,0,0,0,24331
297624,0,2,2,70009
298237,0,2,2,61419
298559,0,1,1,39497
298623,0,1,1,68964
298696,1,1,2,74175
299557,0,1,1,75254
299771,0,0,0,83704
300580,0,1,1,74949
300607,0,2,2,75196
300856,0,0,0,3208
300983,1,0,1,58735
301047,0,0,0,65493
301422,0,1,1,64027
301618,0,0,0,77917
301695,0,2,2,67911
301897,0,0,0,77957
302219,0,1,1,82517
302519,0,0,0,58435
302527,1,1,2,68224
303035,0,1,1,82242
303664,1,3,4,59475
303711,0,1,1,67588
303967,0,0,0,70190
304001,0,1,1,75807
304552,0,1,1,66380
304826,0,0,0,72442
305110,0,1,1,66204
305121,0,0,0,73374
305128,0,1,1,58491
305541,0,0,0,83725
305864,0,0,0,70158
305865,1,1,2,27324
306029,0,1,1,79469
306171,0,1,1,77473
306807,1,0,1,63186
306994,0,0,0,77161
307383,0,1,1,82011
307970,0,0,0,85240
308370,1,2,3,67798
309469,0,1,1,60123
309547,0,2,2,53759
310040,1,1,2,75482
310224,0,1,1,84653
310788,0,1,1,68960
311589,0,1,1,76416
311706,0,1,1,77856
312363,0,1,1,64992
312498,0,1,1,67164
313247,0,1,1,66197
313283,0,1,1,69747
313724,0,2,2,66707
314127,0,1,1,63531
314411,0,0,0,38626
314449,1,1,2,36522
314759,0,1,1,62437
315402,1,1,2,34507
315529,0,0,0,65716
315802,0,0,0,13259
315855,0,1,1,71111
315864,0,1,1,66732
317218,0,1,1,64073
317429,0,1,1,17209
317866,1,1,2,43025
318634,0,1,1,66833
318635,1,1,2,65678
318636,1,1,2,66593
318838,0,0,0,5701
319006,0,1,1,77270
319037,0,0,0,18078
319162,0,2,2,73904
319542,3,2,5,42334
320089,0,2,2,48137
320134,0,0,0,47400
320256,3,3,6,67432
320599,0,0,0,43733
321061,0,2,2,67888
321079,0,2,2,69325
321340,0,0,0,9167
321527,0,0,0,57568
322465,0,1,1,69132
322495,0,0,0,57017
322885,0,0,0,79852
324033,0,0,0,71543
324345,0,0,0,71641
324358,0,1,1,68762
324955,0,0,0,41618
325485,0,2,2,76984
325810,0,0,0,71173
325821,0,0,0,1341
325915,1,1,2,2349
325916,1,1,2,2300
326051,1,1,2,46856
326426,0,2,2,64702
327431,0,1,1,76455
327844,0,0,0,62661
328165,0,0,0,71572
328660,0,1,1,66163
328870,0,0,0,58448
329011,0,0,0,48221
329065,0,0,0,25448
329291,0,3,3,54904
329378,0,1,1,71502
329388,0,0,0,48689
329762,0,0,0,41949
329815,0,1,1,68159
330158,0,0,0,29153
330171,1,1,2,57604
330384,0,1,1,75088
330639,0,2,2,60772
330895,0,0,0,63022
331228,0,1,1,66831
331303,0,0,0,66845
331320,0,0,0,4687
331456,0,1,1,78572
331689,0,1,1,84129
331965,1,1,2,3689
331967,1,1,2,3991
332257,0,0,0,60649
332366,0,0,0,76867
332563,0,1,1,72388
332827,0,1,1,31026
333584,0,1,1,74534
333973,0,1,1,67910
334723,0,3,3,78838
334930,0,0,0,72458
335209,0,1,1,66103
335810,0,1,1,74491
336508,0,1,1,56927
336896,0,0,0,72819
336911,0,1,1,78627
337321,1,0,1,66929
337324,0,0,0,77333
337558,0,1,1,73471
337624,0,2,2,76485
337798,0,0,0,79849
337809,0,1,1,55646
337963,0,1,1,76269
338862,0,0,0,77504
339266,0,1,1,74555
339286,0,1,1,78110
340007,0,0,0,50953
340042,0,0,0,59266
341003,0,0,0,72886
341261,0,1,1,71366
341298,0,1,1,66537
341759,0,0,0,51390
341901,0,1,1,54518
342129,0,2,2,55963
342229,0,0,0,27361
342442,0,1,1,67402
342449,0,1,1,66240
342910,1,1,2,71409
342980,0,1,1,66152
343014,0,1,1,71446
343164,1,2,3,66075
343201,1,1,2,52665
343295,0,0,0,41199
343677,0,0,0,49754
343700,0,0,0,24766
343932,0,0,0,75899
343984,1,1,2,81284
344115,0,0,0,67348
344200,0,0,0,26516
344255,1,1,2,57491
344287,0,2,2,56531
344380,1,2,3,63196
344524,2,2,4,42461
345303,0,1,1,59516
346096,0,2,2,68657
346234,0,1,1,72705
346255,1,4,5,69890
346418,0,1,1,62325
347081,0,0,0,68765
347428,0,1,1,66912
347622,0,0,0,70879
348184,0,1,1,67660
348388,0,0,0,75068
348573,0,1,1,67394
350137,0,2,2,65982
350200,0,2,2,55103
350234,0,0,0,77163
350621,0,1,1,66299
350824,0,1,1,68720
351018,0,0,0,26883
351217,0,1,1,66246
351608,0,1,1,18954
352384,0,1,1,66340
352997,0,1,1,79385
353475,0,2,2,85384
353709,0,0,0,71494
353830,0,1,1,72516
353996,1,1,2,76911
354323,0,2,2,58334
354470,0,2,2,59255
354906,0,1,1,66067
355203,0,1,1,69566
355666,0,0,0,76471
355693,0,1,1,65466
356177,0,1,1,73020
356205,0,0,0,72352
356803,0,1,1,86030
356993,0,0,0,67184
357068,2,2,4,39792
357511,0,2,2,66300
357642,0,0,0,11079
357796,0,1,1,86319
357827,0,1,1,66979
358677,0,0,0,39428
359120,0,1,1,74234
359385,0,1,1,51325
359655,0,0,0,84254
360025,0,1,1,66474
360072,1,1,2,72699
360504,0,0,0,83985
360557,0,1,1,58304
360905,0,0,0,64541
361614,1,1,2,69248
361932,0,1,1,64608
362218,0,1,1,66642
362314,0,1,1,68192
362327,0,1,1,72956
362624,0,1,1,67125
363009,0,1,1,69599
364196,0,0,0,38610
364295,0,0,0,50117
364376,1,1,2,950
364663,0,0,0,75380
364847,0,0,0,72278
365054,0,3,3,85628
365162,0,2,2,68040
365400,0,1,1,73173
365518,1,2,3,72941
365519,1,2,3,71896
366196,0,1,1,60211
367674,1,1,2,70675
367675,1,2,3,68150
367706,0,1,1,68127
367713,0,1,1,66739
367874,0,1,1,73123
368430,0,1,1,40789
368666,0,1,1,66416
368677,0,0,0,26499
368867,0,1,1,55155
368929,0,2,2,66209
369148,0,1,1,12168
369224,0,0,0,44264
369236,0,0,0,52590
369576,0,1,1,78043
369633,0,1,1,56829
369752,0,0,0,50590
370500,0,1,1,66309
370624,0,2,2,67183
370877,0,2,2,76419
370986,0,0,0,85231
371075,0,0,0,72905
371136,0,0,0,62131
371197,0,1,1,63140
371274,0,0,0,61120
371590,0,1,1,64696
371881,0,2,2,56340
371956,0,1,1,68813
371975,0,1,1,66778
372075,0,1,1,77834
372698,0,1,1,60619
372884,0,1,1,70638
373515,0,1,1,67742
373751,0,0,0,44796
374512,0,1,1,66230
374703,0,0,0,18081
374809,0,0,0,34450
375074,0,0,0,83157
375587,0,1,1,66620
375626,0,1,1,72437
375746,0,0,0,69554
375960,0,0,0,28636
376324,0,1,1,66024
376344,1,1,2,12614
376345,1,1,2,38399
376822,0,2,2,60804
376903,0,1,1,69736
376989,1,0,1,381
377620,0,1,1,78814
377839,0,0,0,63909
377955,0,0,0,83445
378115,0,1,1,25495
378310,0,0,0,33518
378484,0,1,1,66175
378555,1,3,4,77703
378873,0,0,0,80408
379012,0,1,1,71419
379028,0,0,0,73457
379097,0,0,0,60152
379254,0,2,2,66155
379331,0,3,3,25852
379840,0,1,1,84766
380338,0,0,0,1658
380529,0,0,0,75556
381032,0,1,1,69442
381414,0,0,0,48893
381704,0,0,0,23838
381956,0,0,0,34950
382529,0,0,0,73177
382598,0,0,0,85104
383308,0,2,2,69560
383474,0,1,1,82313
383669,0,0,0,4012
383807,0,0,0,57479
384164,0,2,2,68926
384806,0,1,1,67489
384944,0,1,1,82389
384946,0,1,1,68102
385188,1,3,4,76918
385572,0,0,0,79582
385794,0,0,0,63950
385820,0,1,1,73414
386251,0,0,0,42381
386384,0,1,1,67558
386972,0,1,1,75706
387223,0,0,0,53648
387335,0,0,0,31667
387663,0,0,0,65788
387719,0,1,1,68116
387811,0,1,1,75938
387837,0,2,2,66066
388222,1,1,2,84926
388223,1,1,2,85013
388352,0,2,2,66216
388770,0,1,1,66167
389738,0,1,1,55372
389890,0,3,3,55545
390202,0,1,1,66130
390215,0,1,1,67014
390238,0,1,1,85179
390428,0,0,0,79882
391175,0,0,0,16420
392032,0,1,1,67418
393040,0,1,1,83789
393343,0,0,0,76997
393373,1,2,3,73455
393710,0,1,1,83956
393956,0,1,1,73281
394139,0,2,2,59635
394570,0,1,1,73449
395194,0,1,1,69262
395390,0,1,1,75632
395476,0,1,1,44100
395629,0,0,0,68772
395786,0,1,1,68157
395980,0,1,1,66350
396290,0,2,2,61903
396362,0,1,1,70096
396654,0,2,2,83406
396668,1,1,2,46892
396669,1,1,2,47065
396685,0,1,1,66937
397066,0,1,1,69971
397128,1,2,3,69256
397380,0,2,2,64603
397486,0,1,1,66945
397799,0,1,1,86063
398071,0,1,1,78481
398291,0,1,1,70510
398361,0,1,1,67519
398391,0,1,1,66974
398652,0,1,1,68019
398971,1,1,2,70592
399551,0,2,2,67276
399920,0,0,0,73684
400158,0,0,0,79553
400242,0,1,1,69327
400258,0,2,2,81288
400283,0,1,1,67349
400736,0,1,1,63388
401101,0,0,0,85796
401410,0,2,2,67979
401841,0,2,2,60521
402196,0,1,1,66466
402673,0,1,1,66845
402729,0,0,0,82704
402999,0,1,1,75861
403358,0,1,1,58725
403726,0,1,1,67224
403936,0,1,1,66118
403954,0,4,4,51718
404017,0,1,1,69682
404283,0,0,0,77874
404330,0,0,0,17907
404337,0,0,0,72996
404613,1,1,2,40241
404614,1,1,2,45890
404617,1,1,2,71481
404928,1,1,2,76478
405018,0,1,1,86366
405101,0,0,0,28540
405484,0,3,3,59959
405525,0,0,0,76414
405667,0,0,0,71281
405749,0,1,1,70170
405808,0,1,1,78421
405863,2,2,4,39971
405864,1,1,2,73456
406033,0,1,1,80796
406349,0,1,1,66698
406373,0,2,2,67755
406603,0,1,1,70094
406739,0,3,3,67469
407383,0,1,1,58333
408157,0,1,1,73540
408212,0,1,1,66230
408238,0,1,1,76077
408376,0,0,0,2002
408440,0,1,1,66581
408507,1,1,2,76109
408509,0,1,1,66493
409193,0,0,0,73157
409329,0,0,0,39651
410627,0,1,1,61537
410700,0,2,2,62626
410877,0,2,2,83997
410906,0,2,2,64969
411422,0,1,1,69222
411443,0,1,1,75025
411530,0,0,0,81197
411554,0,1,1,67949
411878,0,1,1,74987
412042,0,1,1,66844
413395,0,0,0,70322
413485,0,1,1,66838
413505,0,1,1,66327
413591,0,0,0,25038
413922,0,1,1,65028
414073,0,1,1,73056
414163,0,0,0,61204
414398,0,2,2,59752
414756,0,1,1,66021
414901,0,0,0,21187
415002,0,1,1,76249
415261,0,2,2,60723
415380,0,1,1,75264
415407,0,1,1,49572
415626,0,0,0,60409
416098,0,1,1,4542
416416,0,1,1,73695
416515,0,1,1,48240
416526,0,2,2,63588
416761,0,1,1,81619
416773,0,1,1,66340
417244,1,1,2,67540
417245,1,2,3,66528
417826,0,2,2,73886
417843,0,1,1,68113
418178,0,2,2,60590
418310,0,0,0,75140
418633,0,1,1,67248
419014,0,1,1,85755
419047,0,2,2,73336
419191,0,1,1,76871
419211,0,1,1,67140
420585,0,0,0,38315
420683,0,1,1,73179
420798,0,1,1,84747
420960,0,1,1,66828
421370,0,1,1,69269
421605,1,3,4,76479
421819,0,1,1,68076
421925,0,0,0,73178
422010,0,1,1,73347
422097,0,1,1,451
422104,0,0,0,77646
422355,0,2,2,83258
422463,0,0,0,58271
422561,0,1,1,67087
422689,0,1,1,64122
422848,0,0,0,60362
423158,0,0,0,86063
423736,0,0,0,69195
423818,0,1,1,67482
423981,0,2,2,76174
424033,0,1,1,68514
424239,0,0,0,50010
424443,0,1,1,69854
424465,0,1,1,78665
424606,0,0,0,69213
424730,0,0,0,68120
424732,0,0,0,5279
424861,0,2,2,59946
425124,0,1,1,70045
425343,0,2,2,24352
425441,0,0,0,32359
425467,0,2,2,67020
426280,0,1,1,70522
426445,0,0,0,71200
426569,0,0,0,73552
426786,0,1,1,74397
427168,0,1,1,71469
427276,0,1,1,70639
428062,0,0,0,25523
428416,0,1,1,85027
428545,0,1,1,73634
428614,0,1,1,67940
428629,0,0,0,57107
429140,0,1,1,79133
429523,0,2,2,66745
429815,0,0,0,74582
430142,0,1,1,68789
430150,0,0,0,19414
430515,0,0,0,66417
430600,0,1,1,69128
430894,0,1,1,67279
431833,0,0,0,18091
431834,0,0,0,18093
431919,0,1,1,79613
432242,0,1,1,71690
432438,0,1,1,85096
432622,0,1,1,8052
432624,0,0,0,46739
432626,0,0,0,32519
432658,0,1,1,73364
433144,0,1,1,83181
433329,0,1,1,60137
433378,1,1,2,57744
433379,1,1,2,57711
433476,1,2,3,63156
433477,1,2,3,63808
433504,0,0,0,33361
434243,0,0,0,61017
434429,0,0,0,66905
434675,0,1,1,58121
434877,0,1,1,67102
434932,0,2,2,61341
435071,2,2,4,40096
435205,0,1,1,67620
435474,0,1,1,73905
435947,0,1,1,66302
436094,0,0,0,20439
436484,0,1,1,69737
436552,0,1,1,66219
436941,0,1,1,66068
437050,0,1,1,78785
437149,0,2,2,62771
437786,0,1,1,10874
437910,0,1,1,69298
437923,0,0,0,50218
438160,0,1,1,55729
438386,0,1,1,73894
438896,0,1,1,66186
440378,0,1,1,68571
440430,0,1,1,66104
440554,0,2,2,60261
441746,0,1,1,82590
442071,0,0,0,1034
442197,0,0,0,29807
442230,0,1,1,66069
443450,0,0,0,62427
443594,0,1,1,68164
443983,0,0,0,35530
444369,0,1,1,84137
444396,0,1,1,66462
444567,0,1,1,73866
445083,0,1,1,81049
445189,0,1,1,63481
445427,0,1,1,71482
445734,0,0,0,18099
445899,0,0,0,7771
446240,0,0,0,69237
446328,0,1,1,5747
446759,0,0,0,81676
446962,0,1,1,73069
447008,0,1,1,66015
447036,0,1,1,69831
447398,0,0,0,62345
447580,0,1,1,67380
447633,0,0,0,46913
447778,0,1,1,71192
447852,0,2,2,59722
448155,0,2,2,74543
448833,0,1,1,81422
449315,0,2,2,75126
449329,0,0,0,11304
449417,0,2,2,78901
449554,0,1,1,66853
450295,0,1,1,66329
450774,0,1,1,54937
451012,0,1,1,71007
451267,0,1,1,76125
451348,0,1,1,66092
451768,0,0,0,25871
452423,0,0,0,76590
452438,0,2,2,71869
452671,0,1,1,51436
453007,0,1,1,75892
453599,0,0,0,69252
453801,0,0,0,53572
453850,0,0,0,408
454065,0,1,1,75825
454734,0,0,0,69082
454814,0,1,1,67741
454931,0,0,0,18086
454953,0,0,0,23420
455039,0,2,2,68608
