S_SUPPKEY,S_NAME,S_ADDRESS,S_NATIONKEY,S_PHONE,S_ACCTBAL,S_COMMENT,nonce
-1987123204,2089657013,2105225889,-1731346620,-1874515860,145899576,-231745370,17151
1993995708,1648713923,-663732901,1434673214,584662883,-906042649,1522687324,17152
-847437362,-614220002,1734417618,-762856394,-1372387543,911071222,-1525147564,17153
-207544401,-1334346102,-1839546814,987899698,2041811445,2028245808,-1658311925,17154
1786383722,-1443999538,1700461606,-1996728716,-370622807,-1216274439,-292237392,17155
1429021104,-1260037990,-974219393,-661045713,1689030046,1114474270,-1944198336,17156
-1482987283,1535101158,1261228964,670540125,-458922345,1171333257,-721349678,17157
762628747,1993138073,626550532,-861025092,-1495549249,1901109731,-1684605195,17158
-1772100492,2109236647,1485074267,-361899957,181367822,2110284484,-328488606,17159
1331907864,-109778923,-314887827,-924648747,958759117,-498588111,-775078771,17160
1708165866,1859084715,-1513244318,871174206,331169808,1236265919,-489600106,17161
-50349471,517853035,-2009990207,1196137275,-217793547,714766228,-1144728956,17162
15655762,928109760,-1462953642,-432192928,-665997695,-1394317164,-464605284,17163
-435591558,-1226007865,838791324,1981310536,1923202834,889916854,1406468367,17164
1291073105,108479573,-1160314892,2107268083,1235259177,-344285161,-317742445,17165
224685880,17434079,1024266643,11638169,1114489752,-427853724,-1664162716,17166
537539182,-2105047363,-1190464762,857770192,1248365103,-157701407,127895967,17167
-1744916941,-49770770,-439293586,531945323,-1315363994,-1767400308,-338874571,17168
1702157007,1550501760,-1646554357,602562003,-76914015,-1449156927,1506635610,17169
345899050,1157315079,600961094,-888336320,1085792658,493906438,112213287,17170
610909799,-121628810,1562856107,-2113312225,2087539306,-252046072,154179968,17171
-240510391,-432094458,2022219036,-1883728347,-661359017,-453690119,1145686995,17172
-1656161280,904034505,1822975622,926857074,78381507,1768298994,-1649619332,17173
1372402315,-1706696284,527957262,1643206172,408088099,1695987786,-58235120,17174
1082576340,-678315264,378626814,-1806434967,1646216932,-1785780796,-464549544,17175
1731982561,-1513020648,518930798,738323921,-849271458,-781157274,-1137815644,17176
-41889912,-1524998573,808741790,778197916,-1135954649,966984072,626694955,17177
-1761801319,-2117914864,92402570,-86506844,-1281468401,842594902,1269424397,17178
-1930323663,-935446679,-1084989183,1234032074,-1822169333,-124316070,-849269180,17179
1098049602,928663234,1731417291,1516661293,-2036828562,1140023700,1321677966,17180
-953505471,-1222813995,1171261155,676839640,1159244843,1358994205,-206776259,17181
1262454502,336114356,1235237518,-1128750845,912059967,449479189,-142136982,17182
1438133302,1015511960,1193387510,-424339474,-782907364,971402782,953904303,17183
947552113,1127183135,-2032598758,-565690505,1003057297,-1246927730,2044349036,17184
1453610381,343164500,-1937323711,-519233876,-850719130,-268319546,-570954764,17185
-85484737,-1027072507,-773306022,678908548,-2143089344,-488915854,1032397477,17186
-1699006194,1872772326,778248351,-1497142643,-128735243,532097031,1612280981,17187
1239608117,918105044,318824222,674091377,179424557,-54300917,-876577340,17188
2145074411,-1887786875,1968231460,-1729224326,1484790182,729439280,830155863,17189
-1284623705,-322770925,-27503468,-1137100487,-1506866820,1948033159,-508515808,17190
-692351171,-567298708,-142211551,2068316895,-1697902566,-1923969477,972495080,17191
-2113578390,-1851789260,-84939544,506624233,-2129222588,1210446184,1862826540,17192
1683570166,1398817797,-1679752437,1888246294,-1397697560,1101597920,-1290967791,17193
1937275738,-1741712312,331193102,-742317108,-1233713266,27440688,-644769139,17194
563957080,-714693864,-1373555231,-1599700771,-256537233,674087299,-770417462,17195
-1081470240,669347096,-799483126,1722231102,441516461,491159162,-1246672877,17196
1028596740,1537511146,-1611700529,-1581004601,1835516740,257279988,-634437936,17197
-1324388201,-710828774,1364172720,936419651,-1542789816,110872996,1077659720,17198
1229659713,-1776633535,-1882930662,-417678575,1497464078,2007375069,-1697837252,17199
1595960214,-1005158896,-1822295404,-1419981976,-1526489311,1514993324,-579075886,17200
-786629872,-239680156,-912748077,2054061728,1301887498,2022301617,1201526060,17201
-371718420,-1057645723,-990622243,2092013280,-1880103667,-204366301,1954329562,17202
1492424579,-409795195,1719855961,-1903772744,-1202326771,1806791663,-429061124,17203
-953135206,2017129096,1682880010,-945647445,1413794302,1142568441,1899070365,17204
-433611601,2113535102,1265622564,-588023845,-1208836317,561068908,892805115,17205
1230625036,-1897372321,854532237,-43851127,1823617553,-1156259690,-861097639,17206
-1428919351,1364322069,759754647,1102938408,-992694308,-1936516199,-1225253982,17207
-1840927477,-509087858,973731760,-1798467947,1754371077,1077560645,322340198,17208
1305450340,87553584,1017907713,78881601,-258912710,1772632799,1346709214,17209
-410325163,-1719393055,-907613263,767878930,925220279,-835602352,-378512046,17210
-1705432305,992967629,-937270899,239710973,1843568813,749151058,-70222361,17211
-899739919,-61162489,-895001151,-1592516002,1283130020,-1168621822,237592628,17212
1254534547,1573885748,1685689983,1347999011,569743936,-265621520,-1265663064,17213
1554585569,446300399,811242796,170917390,178011251,-904800168,-978287733,17214
1603593001,704754214,1686210352,-1544269777,-1077164963,1463882546,-204909751,17215
-1014381010,1086696865,4398951,1313126174,1363271367,-1228777433,-1110709069,17216
1203659265,591839421,-2115079910,2017337716,1851089605,374259576,2096637184,17217
-451982882,834754023,1361795311,1215460150,-684259992,1828769724,-1546005127,17218
2141858645,2028532647,460879615,-1688979370,-1384984937,2071251660,-1573114160,17219
344982541,1539926195,-1382815978,-577901652,2145889022,-754524719,-1371961158,17220
996332175,-1426227170,-194333765,90743124,281644148,-1872421303,-1199783068,17221
-1100099773,-196348401,-37107412,-1636085511,2115943523,2108805053,584702187,17222
306982592,-1100104866,-388771730,1297847015,-1189355215,163911257,-1792015416,17223
82007722,-1831630502,-11587234,-1798554571,-638544080,-1113229384,-1176676150,17224
1984224103,1739003447,-1530907343,2058522430,-647926629,-1904577195,597444762,17225
-225159348,-1827218652,-559026770,934835007,-1569160704,-1649579349,1009928790,17226
748661054,-1571497343,-1326724363,1170193148,-2034873278,384569075,1226096434,17227
-26223758,831471824,1172256808,-262223681,369169585,-83166326,778104683,17228
1930161996,1260611248,589814096,358815684,568403390,1524455333,-882772990,17229
-1988092842,-804614814,-1876917941,1590671341,1032971789,-1308472479,940499829,17230
-981743338,1020047082,-1181598838,873855457,453481310,820113276,289959825,17231
346824126,-601831254,-350030261,-1026335503,-1206928505,-373803871,-415249922,17232
-1895873707,956913141,770135596,-1480691156,-203172539,-634937785,-1218530821,17233
-1870826978,-1655965299,1532282947,-1298089015,1670703377,1562602015,1150804618,17234
1315198601,-710290300,-929727925,-643366732,1559197995,1532069988,1973767206,17235
-372719710,-2049366372,-582474322,-2011580539,-1284674312,-421983307,844443547,17236
1126614562,-858005844,-1383404223,1972514980,-1407823594,108235915,1234002460,17237
-719361385,2060109288,-436016930,756212561,-2103814556,485296175,1282271362,17238
-2001599225,1776377169,2059261730,-406420583,1627640251,459205073,514589731,17239
498932589,-286991775,169463225,2001635578,1003985929,544347092,-916510030,17240
1497233574,-1740344370,1075602027,2130834412,1713324481,-463658831,1114164993,17241
1040610683,-2118977611,-1647947922,12955297,-1393303854,-643398375,1242511329,17242
1261094287,497089638,-1227660280,1853202855,-1033329304,1418537006,-2016595063,17243
-1291213340,-615448796,-92307403,608648308,520956512,-1407828556,1482456198,17244
785872664,-1616521288,2145774155,-710827942,-411030347,985039232,-199041867,17245
1734814193,-260649372,-819679444,1513962272,-1178461265,-1577229627,-1070513138,17246
-1222404944,109385624,-237639969,1908200155,1391578126,-456568203,-1872657274,17247
564435575,-1979204594,-1368129838,1010771669,-295032030,-12556551,279290392,17248
-454369163,1893445308,-567721187,-717373643,-614951073,1476871365,380595679,17249
-1798058788,-749743968,1210688321,1115630760,-44682199,608352549,-320283588,17250
