S_SUPPKEY,S_NAME,S_ADDRESS,S_NATIONKEY,S_PHONE,S_ACCTBAL,S_COMMENT,N1_N_NATIONKEY,N1_N_NAME,N1_N_REGIONKEY,N1_N_COMMENT,N2_N_NATIONKEY,N2_N_NAME,N2_N_REGIONKEY,N2_N_COMMENT,C_CUSTKEY,C_NAME,C_ADDRESS,C_NATIONKEY,C_PHONE,C_ACCTBAL,C_MKTSEGMENT,C_COMMENT
2,549623314,849027485,5,58126162,403268,958596215,5,529057841,0,890382161,0,765353165,0,31270863,29,183926022,535165640,0,240603373,761827,373412815,666015872
2,549623314,849027485,5,58126162,403268,958596215,5,529057841,0,890382161,0,765353165,0,31270863,48,1025924733,808883922,0,476584323,379250,1028181460,847474266
2,549623314,849027485,5,58126162,403268,958596215,5,529057841,0,890382161,0,765353165,0,31270863,73,434465220,889407255,0,853215548,428850,1028181460,61819317
2,549623314,849027485,5,58126162,403268,958596215,5,529057841,0,890382161,0,765353165,0,31270863,76,717203666,621526116,0,1022876051,574533,373412815,660756046
2,549623314,849027485,5,58126162,403268,958596215,5,529057841,0,890382161,0,765353165,0,31270863,80,389650020,602302662,0,655683936,738353,373412815,968924183
2,549623314,849027485,5,58126162,403268,958596215,5,529057841,0,890382161,0,765353165,0,31270863,86,570291407,1012677582,0,990841509,330632,750198692,475251850
4,829353804,938198330,15,991041614,464108,693080424,15,962519746,0,265433381,0,765353165,0,31270863,29,183926022,535165640,0,240603373,761827,373412815,666015872
4,829353804,938198330,15,991041614,464108,693080424,15,962519746,0,265433381,0,765353165,0,31270863,48,1025924733,808883922,0,476584323,379250,1028181460,847474266
4,829353804,938198330,15,991041614,464108,693080424,15,962519746,0,265433381,0,765353165,0,31270863,73,434465220,889407255,0,853215548,428850,1028181460,61819317
4,829353804,938198330,15,991041614,464108,693080424,15,962519746,0,265433381,0,765353165,0,31270863,76,717203666,621526116,0,1022876051,574533,373412815,660756046
4,829353804,938198330,15,991041614,464108,693080424,15,962519746,0,265433381,0,765353165,0,31270863,80,389650020,602302662,0,655683936,738353,373412815,968924183
4,829353804,938198330,15,991041614,464108,693080424,15,962519746,0,265433381,0,765353165,0,31270863,86,570291407,1012677582,0,990841509,330632,750198692,475251850
6,564123676,816784291,14,177982233,136579,447900922,14,188440933,0,29958364,0,765353165,0,31270863,29,183926022,535165640,0,240603373,761827,373412815,666015872
6,564123676,816784291,14,177982233,136579,447900922,14,188440933,0,29958364,0,765353165,0,31270863,48,1025924733,808883922,0,476584323,379250,1028181460,847474266
6,564123676,816784291,14,177982233,136579,447900922,14,188440933,0,29958364,0,765353165,0,31270863,73,434465220,889407255,0,853215548,428850,1028181460,61819317
6,564123676,816784291,14,177982233,136579,447900922,14,188440933,0,29958364,0,765353165,0,31270863,76,717203666,621526116,0,1022876051,574533,373412815,660756046
6,564123676,816784291,14,177982233,136579,447900922,14,188440933,0,29958364,0,765353165,0,31270863,80,389650020,602302662,0,655683936,738353,373412815,968924183
6,564123676,816784291,14,177982233,136579,447900922,14,188440933,0,29958364,0,765353165,0,31270863,86,570291407,1012677582,0,990841509,330632,750198692,475251850
1,792906294,317827973,17,971385163,575594,622797579,17,145165669,1,127423842,1,559044011,1,1004765669,3,1056800911,843088627,1,73713647,749812,701940545,880271096
1,792906294,317827973,17,971385163,575594,622797579,17,145165669,1,127423842,1,559044011,1,1004765669,14,959061040,122146912,1,339030647,526630,373412815,789218819
1,792906294,317827973,17,971385163,575594,622797579,17,145165669,1,127423842,1,559044011,1,1004765669,30,24937098,778810953,1,640184888,932101,1028181460,1025845452
1,792906294,317827973,17,971385163,575594,622797579,17,145165669,1,127423842,1,559044011,1,1004765669,59,423000473,655613612,1,237474603,345860,797027742,1021373874
1,792906294,317827973,17,971385163,575594,622797579,17,145165669,1,127423842,1,559044011,1,1004765669,106,864562228,957626520,1,147772690,328842,797027742,268933212
1,792906294,317827973,17,971385163,575594,622797579,17,145165669,1,127423842,1,559044011,1,1004765669,141,810151374,339694013,1,907072431,670614,373412815,74604703
1,792906294,317827973,17,971385163,575594,622797579,17,145165669,1,127423842,1,559044011,1,1004765669,144,754339410,533359831,1,1038063165,641731,797027742,36525151
3,458785,31140224,1,73682198,419239,154263564,1,559044011,1,1004765669,1,559044011,1,1004765669,3,1056800911,843088627,1,73713647,749812,701940545,880271096
3,458785,31140224,1,73682198,419239,154263564,1,559044011,1,1004765669,1,559044011,1,1004765669,14,959061040,122146912,1,339030647,526630,373412815,789218819
3,458785,31140224,1,73682198,419239,154263564,1,559044011,1,1004765669,1,559044011,1,1004765669,30,24937098,778810953,1,640184888,932101,1028181460,1025845452
3,458785,31140224,1,73682198,419239,154263564,1,559044011,1,1004765669,1,559044011,1,1004765669,59,423000473,655613612,1,237474603,345860,797027742,1021373874
3,458785,31140224,1,73682198,419239,154263564,1,559044011,1,1004765669,1,559044011,1,1004765669,106,864562228,957626520,1,147772690,328842,797027742,268933212
3,458785,31140224,1,73682198,419239,154263564,1,559044011,1,1004765669,1,559044011,1,1004765669,141,810151374,339694013,1,907072431,670614,373412815,74604703
3,458785,31140224,1,73682198,419239,154263564,1,559044011,1,1004765669,1,559044011,1,1004765669,144,754339410,533359831,1,1038063165,641731,797027742,36525151
8,292608994,956262271,17,801108420,762785,918253410,17,145165669,1,127423842,1,559044011,1,1004765669,3,1056800911,843088627,1,73713647,749812,701940545,880271096
8,292608994,956262271,17,801108420,762785,918253410,17,145165669,1,127423842,1,559044011,1,1004765669,14,959061040,122146912,1,339030647,526630,373412815,789218819
8,292608994,956262271,17,801108420,762785,918253410,17,145165669,1,127423842,1,559044011,1,1004765669,30,24937098,778810953,1,640184888,932101,1028181460,1025845452
8,292608994,956262271,17,801108420,762785,918253410,17,145165669,1,127423842,1,559044011,1,1004765669,59,423000473,655613612,1,237474603,345860,797027742,1021373874
8,292608994,956262271,17,801108420,762785,918253410,17,145165669,1,127423842,1,559044011,1,1004765669,106,864562228,957626520,1,147772690,328842,797027742,268933212
8,292608994,956262271,17,801108420,762785,918253410,17,145165669,1,127423842,1,559044011,1,1004765669,141,810151374,339694013,1,907072431,670614,373412815,74604703
8,292608994,956262271,17,801108420,762785,918253410,17,145165669,1,127423842,1,559044011,1,1004765669,144,754339410,533359831,1,1038063165,641731,797027742,36525151
10,327251235,437448823,24,477752411,389191,626155487,24,905006152,1,295815377,1,559044011,1,1004765669,3,1056800911,843088627,1,73713647,749812,701940545,880271096
10,327251235,437448823,24,477752411,389191,626155487,24,905006152,1,295815377,1,559044011,1,1004765669,14,959061040,122146912,1,339030647,526630,373412815,789218819
10,327251235,437448823,24,477752411,389191,626155487,24,905006152,1,295815377,1,559044011,1,1004765669,30,24937098,778810953,1,640184888,932101,1028181460,1025845452
10,327251235,437448823,24,477752411,389191,626155487,24,905006152,1,295815377,1,559044011,1,1004765669,59,423000473,655613612,1,237474603,345860,797027742,1021373874
10,327251235,437448823,24,477752411,389191,626155487,24,905006152,1,295815377,1,559044011,1,1004765669,106,864562228,957626520,1,147772690,328842,797027742,268933212
10,327251235,437448823,24,477752411,389191,626155487,24,905006152,1,295815377,1,559044011,1,1004765669,141,810151374,339694013,1,907072431,670614,373412815,74604703
10,327251235,437448823,24,477752411,389191,626155487,24,905006152,1,295815377,1,559044011,1,1004765669,144,754339410,533359831,1,1038063165,641731,797027742,36525151
1,792906294,317827973,17,971385163,575594,622797579,17,145165669,1,127423842,2,566619588,1,19420666,17,853716144,712467323,2,75361592,634,701940545,767189068
1,792906294,317827973,17,971385163,575594,622797579,17,145165669,1,127423842,2,566619588,1,19420666,39,712625845,744215504,2,406838173,626431,701940545,479922038
1,792906294,317827973,17,971385163,575594,622797579,17,145165669,1,127423842,2,566619588,1,19420666,47,551872894,828308774,2,703241257,27458,1028181460,451844934
1,792906294,317827973,17,971385163,575594,622797579,17,145165669,1,127423842,2,566619588,1,19420666,72,910204860,986932639,2,617109098,-36286,373412815,661760609
1,792906294,317827973,17,971385163,575594,622797579,17,145165669,1,127423842,2,566619588,1,19420666,92,45610451,402777091,2,462236563,118291,797027742,79287571
1,792906294,317827973,17,971385163,575594,622797579,17,145165669,1,127423842,2,566619588,1,19420666,101,457706074,107026214,2,552533557,747096,797027742,444283449
3,458785,31140224,1,73682198,419239,154263564,1,559044011,1,1004765669,2,566619588,1,19420666,17,853716144,712467323,2,75361592,634,701940545,767189068
3,458785,31140224,1,73682198,419239,154263564,1,559044011,1,1004765669,2,566619588,1,19420666,39,712625845,744215504,2,406838173,626431,701940545,479922038
3,458785,31140224,1,73682198,419239,154263564,1,559044011,1,1004765669,2,566619588,1,19420666,47,551872894,828308774,2,703241257,27458,1028181460,451844934
3,458785,31140224,1,73682198,419239,154263564,1,559044011,1,1004765669,2,566619588,1,19420666,72,910204860,986932639,2,617109098,-36286,373412815,661760609
3,458785,31140224,1,73682198,419239,154263564,1,559044011,1,1004765669,2,566619588,1,19420666,92,45610451,402777091,2,462236563,118291,797027742,79287571
3,458785,31140224,1,73682198,419239,154263564,1,559044011,1,1004765669,2,566619588,1,19420666,101,457706074,107026214,2,552533557,747096,797027742,444283449
8,292608994,956262271,17,801108420,762785,918253410,17,145165669,1,127423842,2,566619588,1,19420666,17,853716144,712467323,2,75361592,634,701940545,767189068
8,292608994,956262271,17,801108420,762785,918253410,17,145165669,1,127423842,2,566619588,1,19420666,39,712625845,744215504,2,406838173,626431,701940545,479922038
8,292608994,956262271,17,801108420,762785,918253410,17,145165669,1,127423842,2,566619588,1,19420666,47,551872894,828308774,2,703241257,27458,1028181460,451844934
8,292608994,956262271,17,801108420,762785,918253410,17,145165669,1,127423842,2,566619588,1,19420666,72,910204860,986932639,2,617109098,-36286,373412815,661760609
8,292608994,956262271,17,801108420,762785,918253410,17,145165669,1,127423842,2,566619588,1,19420666,92,45610451,402777091,2,462236563,118291,797027742,79287571
8,292608994,956262271,17,801108420,762785,918253410,17,145165669,1,127423842,2,566619588,1,19420666,101,457706074,107026214,2,552533557,747096,797027742,444283449
10,327251235,437448823,24,477752411,389191,626155487,24,905006152,1,295815377,2,566619588,1,19420666,17,853716144,712467323,2,75361592,634,701940545,767189068
10,327251235,437448823,24,477752411,389191,626155487,24,905006152,1,295815377,2,566619588,1,19420666,39,712625845,744215504,2,406838173,626431,701940545,479922038
10,327251235,437448823,24,477752411,389191,626155487,24,905006152,1,295815377,2,566619588,1,19420666,47,551872894,828308774,2,703241257,27458,1028181460,451844934
10,327251235,437448823,24,477752411,389191,626155487,24,905006152,1,295815377,2,566619588,1,19420666,72,910204860,986932639,2,617109098,-36286,373412815,661760609
10,327251235,437448823,24,477752411,389191,626155487,24,905006152,1,295815377,2,566619588,1,19420666,92,45610451,402777091,2,462236563,118291,797027742,79287571
10,327251235,437448823,24,477752411,389191,626155487,24,905006152,1,295815377,2,566619588,1,19420666,101,457706074,107026214,2,552533557,747096,797027742,444283449
1,792906294,317827973,17,971385163,575594,622797579,17,145165669,1,127423842,3,796895070,1,701286484,5,739067524,173766546,3,806520918,79447,750198692,701892982
1,792906294,317827973,17,971385163,575594,622797579,17,145165669,1,127423842,3,796895070,1,701286484,13,604412387,149744725,3,876397724,385734,1028181460,569481573
1,792906294,317827973,17,971385163,575594,622797579,17,145165669,1,127423842,3,796895070,1,701286484,22,135161136,932471490,3,690226169,59198,797027742,421760725
1,792906294,317827973,17,971385163,575594,622797579,17,145165669,1,127423842,3,796895070,1,701286484,23,121136273,655093846,3,828481406,333202,750198692,582149211
1,792906294,317827973,17,971385163,575594,622797579,17,145165669,1,127423842,3,796895070,1,701286484,27,320613635,391675156,3,219034178,567984,1028181460,361556986
1,792906294,317827973,17,971385163,575594,622797579,17,145165669,1,127423842,3,796895070,1,701286484,40,159190715,789937437,3,112917505,133530,1028181460,48821631
1,792906294,317827973,17,971385163,575594,622797579,17,145165669,1,127423842,3,796895070,1,701286484,64,430468515,792063090,3,375338781,-64664,1028181460,628713057
1,792906294,317827973,17,971385163,575594,622797579,17,145165669,1,127423842,3,796895070,1,701286484,122,923228950,213498536,3,201655413,786546,750198692,246182460
1,792906294,317827973,17,971385163,575594,622797579,17,145165669,1,127423842,3,796895070,1,701286484,146,256599225,514907711,3,1042811684,332868,373412815,1009509991
3,458785,31140224,1,73682198,419239,154263564,1,559044011,1,1004765669,3,796895070,1,701286484,5,739067524,173766546,3,806520918,79447,750198692,701892982
3,458785,31140224,1,73682198,419239,154263564,1,559044011,1,1004765669,3,796895070,1,701286484,13,604412387,149744725,3,876397724,385734,1028181460,569481573
3,458785,31140224,1,73682198,419239,154263564,1,559044011,1,1004765669,3,796895070,1,701286484,22,135161136,932471490,3,690226169,59198,797027742,421760725
3,458785,31140224,1,73682198,419239,154263564,1,559044011,1,1004765669,3,796895070,1,701286484,23,121136273,655093846,3,828481406,333202,750198692,582149211
3,458785,31140224,1,73682198,419239,154263564,1,559044011,1,1004765669,3,796895070,1,701286484,27,320613635,391675156,3,219034178,567984,1028181460,361556986
3,458785,31140224,1,73682198,419239,154263564,1,559044011,1,1004765669,3,796895070,1,701286484,40,159190715,789937437,3,112917505,133530,1028181460,48821631
3,458785,31140224,1,73682198,419239,154263564,1,559044011,1,1004765669,3,796895070,1,701286484,64,430468515,792063090,3,375338781,-64664,1028181460,628713057
3,458785,31140224,1,73682198,419239,154263564,1,559044011,1,1004765669,3,796895070,1,701286484,122,923228950,213498536,3,201655413,786546,750198692,246182460
3,458785,31140224,1,73682198,419239,154263564,1,559044011,1,1004765669,3,796895070,1,701286484,146,256599225,514907711,3,1042811684,332868,373412815,1009509991
8,292608994,956262271,17,801108420,762785,918253410,17,145165669,1,127423842,3,796895070,1,701286484,5,739067524,173766546,3,806520918,79447,750198692,701892982
8,292608994,956262271,17,801108420,762785,918253410,17,145165669,1,127423842,3,796895070,1,701286484,13,604412387,149744725,3,876397724,385734,1028181460,569481573
8,292608994,956262271,17,801108420,762785,918253410,17,145165669,1,127423842,3,796895070,1,701286484,22,135161136,932471490,3,690226169,59198,797027742,421760725
8,292608994,956262271,17,801108420,762785,918253410,17,145165669,1,127423842,3,796895070,1,701286484,23,121136273,655093846,3,828481406,333202,750198692,582149211
8,292608994,956262271,17,801108420,762785,918253410,17,145165669,1,127423842,3,796895070,1,701286484,27,320613635,391675156,3,219034178,567984,1028181460,361556986
8,292608994,956262271,17,801108420,762785,918253410,17,145165669,1,127423842,3,796895070,1,701286484,40,159190715,789937437,3,112917505,133530,1028181460,48821631
8,292608994,956262271,17,801108420,762785,918253410,17,145165669,1,127423842,3,796895070,1,701286484,64,430468515,792063090,3,375338781,-64664,1028181460,628713057
8,292608994,956262271,17,801108420,762785,918253410,17,145165669,1,127423842,3,796895070,1,701286484,122,923228950,213498536,3,201655413,786546,750198692,246182460
8,292608994,956262271,17,801108420,762785,918253410,17,145165669,1,127423842,3,796895070,1,701286484,146,256599225,514907711,3,1042811684,332868,373412815,1009509991
10,327251235,437448823,24,477752411,389191,626155487,24,905006152,1,295815377,3,796895070,1,701286484,5,739067524,173766546,3,806520918,79447,750198692,701892982
10,327251235,437448823,24,477752411,389191,626155487,24,905006152,1,295815377,3,796895070,1,701286484,13,604412387,149744725,3,876397724,385734,1028181460,569481573
10,327251235,437448823,24,477752411,389191,626155487,24,905006152,1,295815377,3,796895070,1,701286484,22,135161136,932471490,3,690226169,59198,797027742,421760725
10,327251235,437448823,24,477752411,389191,626155487,24,905006152,1,295815377,3,796895070,1,701286484,23,121136273,655093846,3,828481406,333202,750198692,582149211
10,327251235,437448823,24,477752411,389191,626155487,24,905006152,1,295815377,3,796895070,1,701286484,27,320613635,391675156,3,219034178,567984,1028181460,361556986
10,327251235,437448823,24,477752411,389191,626155487,24,905006152,1,295815377,3,796895070,1,701286484,40,159190715,789937437,3,112917505,133530,1028181460,48821631
10,327251235,437448823,24,477752411,389191,626155487,24,905006152,1,295815377,3,796895070,1,701286484,64,430468515,792063090,3,375338781,-64664,1028181460,628713057
10,327251235,437448823,24,477752411,389191,626155487,24,905006152,1,295815377,3,796895070,1,701286484,122,923228950,213498536,3,201655413,786546,750198692,246182460
10,327251235,437448823,24,477752411,389191,626155487,24,905006152,1,295815377,3,796895070,1,701286484,146,256599225,514907711,3,1042811684,332868,373412815,1009509991
5,64952534,366176741,11,103869805,-28383,275262022,11,319240162,4,108891028,4,715493907,4,1018635571,4,700209338,874890667,4,281597839,286683,797027742,287112169
5,64952534,366176741,11,103869805,-28383,275262022,11,319240162,4,108891028,4,715493907,4,1018635571,54,497486718,453593647,4,260814274,86890,701940545,179288707
5,64952534,366176741,11,103869805,-28383,275262022,11,319240162,4,108891028,4,715493907,4,1018635571,74,143931784,785736687,4,167482150,276443,797027742,1043943576
5,64952534,366176741,11,103869805,-28383,275262022,11,319240162,4,108891028,4,715493907,4,1018635571,128,555712430,433348378,4,101299905,-98696,750198692,741315734
5,64952534,366176741,11,103869805,-28383,275262022,11,319240162,4,108891028,4,715493907,4,1018635571,132,549230639,549881957,4,706389192,16257,750198692,681510235
5,64952534,366176741,11,103869805,-28383,275262022,11,319240162,4,108891028,4,715493907,4,1018635571,140,1071069893,162594912,4,93375774,996315,797027742,984613515
9,895777001,658451645,10,73320802,530237,726765942,10,185743883,4,261867689,4,715493907,4,1018635571,4,700209338,874890667,4,281597839,286683,797027742,287112169
9,895777001,658451645,10,73320802,530237,726765942,10,185743883,4,261867689,4,715493907,4,1018635571,54,497486718,453593647,4,260814274,86890,701940545,179288707
9,895777001,658451645,10,73320802,530237,726765942,10,185743883,4,261867689,4,715493907,4,1018635571,74,143931784,785736687,4,167482150,276443,797027742,1043943576
9,895777001,658451645,10,73320802,530237,726765942,10,185743883,4,261867689,4,715493907,4,1018635571,128,555712430,433348378,4,101299905,-98696,750198692,741315734
9,895777001,658451645,10,73320802,530237,726765942,10,185743883,4,261867689,4,715493907,4,1018635571,132,549230639,549881957,4,706389192,16257,750198692,681510235
9,895777001,658451645,10,73320802,530237,726765942,10,185743883,4,261867689,4,715493907,4,1018635571,140,1071069893,162594912,4,93375774,996315,797027742,984613515
2,549623314,849027485,5,58126162,403268,958596215,5,529057841,0,890382161,5,529057841,0,890382161,10,798437489,808791061,5,205635831,275354,750198692,908197369
2,549623314,849027485,5,58126162,403268,958596215,5,529057841,0,890382161,5,529057841,0,890382161,42,1066713302,380422618,5,620097372,872701,1028181460,744415601
2,549623314,849027485,5,58126162,403268,958596215,5,529057841,0,890382161,5,529057841,0,890382161,85,1001770604,231357394,5,608676529,338664,373412815,725868244
2,549623314,849027485,5,58126162,403268,958596215,5,529057841,0,890382161,5,529057841,0,890382161,108,603585568,972396567,5,162831275,225938,1028181460,1037047198
2,549623314,849027485,5,58126162,403268,958596215,5,529057841,0,890382161,5,529057841,0,890382161,123,442699600,1039220825,5,363350423,589783,1028181460,685802583
2,549623314,849027485,5,58126162,403268,958596215,5,529057841,0,890382161,5,529057841,0,890382161,138,299133679,842829738,5,506183044,43059,797027742,156113087
4,829353804,938198330,15,991041614,464108,693080424,15,962519746,0,265433381,5,529057841,0,890382161,10,798437489,808791061,5,205635831,275354,750198692,908197369
4,829353804,938198330,15,991041614,464108,693080424,15,962519746,0,265433381,5,529057841,0,890382161,42,1066713302,380422618,5,620097372,872701,1028181460,744415601
4,829353804,938198330,15,991041614,464108,693080424,15,962519746,0,265433381,5,529057841,0,890382161,85,1001770604,231357394,5,608676529,338664,373412815,725868244
4,829353804,938198330,15,991041614,464108,693080424,15,962519746,0,265433381,5,529057841,0,890382161,108,603585568,972396567,5,162831275,225938,1028181460,1037047198
4,829353804,938198330,15,991041614,464108,693080424,15,962519746,0,265433381,5,529057841,0,890382161,123,442699600,1039220825,5,363350423,589783,1028181460,685802583
4,829353804,938198330,15,991041614,464108,693080424,15,962519746,0,265433381,5,529057841,0,890382161,138,299133679,842829738,5,506183044,43059,797027742,156113087
6,564123676,816784291,14,177982233,136579,447900922,14,188440933,0,29958364,5,529057841,0,890382161,10,798437489,808791061,5,205635831,275354,750198692,908197369
6,564123676,816784291,14,177982233,136579,447900922,14,188440933,0,29958364,5,529057841,0,890382161,42,1066713302,380422618,5,620097372,872701,1028181460,744415601
6,564123676,816784291,14,177982233,136579,447900922,14,188440933,0,29958364,5,529057841,0,890382161,85,1001770604,231357394,5,608676529,338664,373412815,725868244
6,564123676,816784291,14,177982233,136579,447900922,14,188440933,0,29958364,5,529057841,0,890382161,108,603585568,972396567,5,162831275,225938,1028181460,1037047198
6,564123676,816784291,14,177982233,136579,447900922,14,188440933,0,29958364,5,529057841,0,890382161,123,442699600,1039220825,5,363350423,589783,1028181460,685802583
6,564123676,816784291,14,177982233,136579,447900922,14,188440933,0,29958364,5,529057841,0,890382161,138,299133679,842829738,5,506183044,43059,797027742,156113087
7,11315813,791810943,23,1051077640,682035,798884201,23,536896580,3,94114815,6,12663299,3,816830039,18,870075110,396316190,6,659230560,549443,1028181460,508708764
7,11315813,791810943,23,1051077640,682035,798884201,23,536896580,3,94114815,6,12663299,3,816830039,46,1031476016,349807479,6,214799933,574459,701940545,715635951
7,11315813,791810943,23,1051077640,682035,798884201,23,536896580,3,94114815,6,12663299,3,816830039,50,58199858,163764680,6,827269550,426613,797027742,92062675
7,11315813,791810943,23,1051077640,682035,798884201,23,536896580,3,94114815,7,646155591,3,325145718,62,999688094,849677021,7,623473329,59561,797027742,173223375
7,11315813,791810943,23,1051077640,682035,798884201,23,536896580,3,94114815,7,646155591,3,325145718,71,1060271253,211237996,7,834834334,-61119,750198692,126835422
7,11315813,791810943,23,1051077640,682035,798884201,23,536896580,3,94114815,7,646155591,3,325145718,93,774994682,467014645,7,357120243,218252,797027742,673015565
7,11315813,791810943,23,1051077640,682035,798884201,23,536896580,3,94114815,7,646155591,3,325145718,119,321542827,1059888415,7,655674539,393035,373412815,789490205
7,11315813,791810943,23,1051077640,682035,798884201,23,536896580,3,94114815,7,646155591,3,325145718,129,559808477,225088187,7,733452679,912727,750198692,460627987
7,11315813,791810943,23,1051077640,682035,798884201,23,536896580,3,94114815,7,646155591,3,325145718,136,695580638,971474707,7,496917575,-84239,373412815,1725265
5,64952534,366176741,11,103869805,-28383,275262022,11,319240162,4,108891028,10,185743883,4,261867689,16,606299054,831166561,10,851711143,468103,373412815,551498780
5,64952534,366176741,11,103869805,-28383,275262022,11,319240162,4,108891028,10,185743883,4,261867689,41,548472177,102959959,10,589189525,27095,750198692,81122026
5,64952534,366176741,11,103869805,-28383,275262022,11,319240162,4,108891028,10,185743883,4,261867689,49,58080412,277187647,10,223001803,457393,373412815,529457660
5,64952534,366176741,11,103869805,-28383,275262022,11,319240162,4,108891028,10,185743883,4,261867689,55,292749220,212078962,10,611195724,457210,797027742,482627384
5,64952534,366176741,11,103869805,-28383,275262022,11,319240162,4,108891028,10,185743883,4,261867689,56,1002271304,628821590,10,666136321,653086,373412815,658726857
5,64952534,366176741,11,103869805,-28383,275262022,11,319240162,4,108891028,10,185743883,4,261867689,104,133204033,240401202,10,569591890,-58838,373412815,427642554
5,64952534,366176741,11,103869805,-28383,275262022,11,319240162,4,108891028,10,185743883,4,261867689,105,546659027,465322969,10,60657945,909182,797027742,749604377
5,64952534,366176741,11,103869805,-28383,275262022,11,319240162,4,108891028,10,185743883,4,261867689,110,244010384,14769951,10,551032061,746299,701940545,942200752
9,895777001,658451645,10,73320802,530237,726765942,10,185743883,4,261867689,10,185743883,4,261867689,16,606299054,831166561,10,851711143,468103,373412815,551498780
9,895777001,658451645,10,73320802,530237,726765942,10,185743883,4,261867689,10,185743883,4,261867689,41,548472177,102959959,10,589189525,27095,750198692,81122026
9,895777001,658451645,10,73320802,530237,726765942,10,185743883,4,261867689,10,185743883,4,261867689,49,58080412,277187647,10,223001803,457393,373412815,529457660
9,895777001,658451645,10,73320802,530237,726765942,10,185743883,4,261867689,10,185743883,4,261867689,55,292749220,212078962,10,611195724,457210,797027742,482627384
9,895777001,658451645,10,73320802,530237,726765942,10,185743883,4,261867689,10,185743883,4,261867689,56,1002271304,628821590,10,666136321,653086,373412815,658726857
9,895777001,658451645,10,73320802,530237,726765942,10,185743883,4,261867689,10,185743883,4,261867689,104,133204033,240401202,10,569591890,-58838,373412815,427642554
9,895777001,658451645,10,73320802,530237,726765942,10,185743883,4,261867689,10,185743883,4,261867689,105,546659027,465322969,10,60657945,909182,797027742,749604377
9,895777001,658451645,10,73320802,530237,726765942,10,185743883,4,261867689,10,185743883,4,261867689,110,244010384,14769951,10,551032061,746299,701940545,942200752
5,64952534,366176741,11,103869805,-28383,275262022,11,319240162,4,108891028,11,319240162,4,108891028,52,749902188,199806749,11,982273298,563028,750198692,628614943
5,64952534,366176741,11,103869805,-28383,275262022,11,319240162,4,108891028,11,319240162,4,108891028,84,600973151,270567321,11,258510769,517471,373412815,1008094998
5,64952534,366176741,11,103869805,-28383,275262022,11,319240162,4,108891028,11,319240162,4,108891028,131,177759885,35988995,11,534137668,859553,750198692,317345255
5,64952534,366176741,11,103869805,-28383,275262022,11,319240162,4,108891028,11,319240162,4,108891028,134,987180522,314377204,11,814495129,460889,1028181460,724055480
5,64952534,366176741,11,103869805,-28383,275262022,11,319240162,4,108891028,11,319240162,4,108891028,148,120951395,335387568,11,608291700,213560,750198692,672328102
9,895777001,658451645,10,73320802,530237,726765942,10,185743883,4,261867689,11,319240162,4,108891028,52,749902188,199806749,11,982273298,563028,750198692,628614943
9,895777001,658451645,10,73320802,530237,726765942,10,185743883,4,261867689,11,319240162,4,108891028,84,600973151,270567321,11,258510769,517471,373412815,1008094998
9,895777001,658451645,10,73320802,530237,726765942,10,185743883,4,261867689,11,319240162,4,108891028,131,177759885,35988995,11,534137668,859553,750198692,317345255
9,895777001,658451645,10,73320802,530237,726765942,10,185743883,4,261867689,11,319240162,4,108891028,134,987180522,314377204,11,814495129,460889,1028181460,724055480
9,895777001,658451645,10,73320802,530237,726765942,10,185743883,4,261867689,11,319240162,4,108891028,148,120951395,335387568,11,608291700,213560,750198692,672328102
5,64952534,366176741,11,103869805,-28383,275262022,11,319240162,4,108891028,13,1024595404,4,976014296,2,1015230108,199452367,13,668160866,12165,701940545,684421444
5,64952534,366176741,11,103869805,-28383,275262022,11,319240162,4,108891028,13,1024595404,4,976014296,12,688287284,746332737,13,396436186,339649,750198692,1009796263
5,64952534,366176741,11,103869805,-28383,275262022,11,319240162,4,108891028,13,1024595404,4,976014296,24,487022382,856899437,13,355053104,925567,797027742,833193189
5,64952534,366176741,11,103869805,-28383,275262022,11,319240162,4,108891028,13,1024595404,4,976014296,58,27550083,786706686,13,655473108,647846,750198692,439669460
5,64952534,366176741,11,103869805,-28383,275262022,11,319240162,4,108891028,13,1024595404,4,976014296,145,674386938,90599228,13,551063862,974893,750198692,849587516
9,895777001,658451645,10,73320802,530237,726765942,10,185743883,4,261867689,13,1024595404,4,976014296,2,1015230108,199452367,13,668160866,12165,701940545,684421444
9,895777001,658451645,10,73320802,530237,726765942,10,185743883,4,261867689,13,1024595404,4,976014296,12,688287284,746332737,13,396436186,339649,750198692,1009796263
9,895777001,658451645,10,73320802,530237,726765942,10,185743883,4,261867689,13,1024595404,4,976014296,24,487022382,856899437,13,355053104,925567,797027742,833193189
9,895777001,658451645,10,73320802,530237,726765942,10,185743883,4,261867689,13,1024595404,4,976014296,58,27550083,786706686,13,655473108,647846,750198692,439669460
9,895777001,658451645,10,73320802,530237,726765942,10,185743883,4,261867689,13,1024595404,4,976014296,145,674386938,90599228,13,551063862,974893,750198692,849587516
2,549623314,849027485,5,58126162,403268,958596215,5,529057841,0,890382161,14,188440933,0,29958364,89,468529770,948964647,14,106551305,153076,373412815,1009632679
2,549623314,849027485,5,58126162,403268,958596215,5,529057841,0,890382161,14,188440933,0,29958364,114,153518526,420731790,14,296030952,102746,373412815,483223115
4,829353804,938198330,15,991041614,464108,693080424,15,962519746,0,265433381,14,188440933,0,29958364,89,468529770,948964647,14,106551305,153076,373412815,1009632679
4,829353804,938198330,15,991041614,464108,693080424,15,962519746,0,265433381,14,188440933,0,29958364,114,153518526,420731790,14,296030952,102746,373412815,483223115
6,564123676,816784291,14,177982233,136579,447900922,14,188440933,0,29958364,14,188440933,0,29958364,89,468529770,948964647,14,106551305,153076,373412815,1009632679
6,564123676,816784291,14,177982233,136579,447900922,14,188440933,0,29958364,14,188440933,0,29958364,114,153518526,420731790,14,296030952,102746,373412815,483223115
2,549623314,849027485,5,58126162,403268,958596215,5,529057841,0,890382161,15,962519746,0,265433381,1,344882864,682453024,15,684099442,71156,1028181460,960303019
2,549623314,849027485,5,58126162,403268,958596215,5,529057841,0,890382161,15,962519746,0,265433381,32,42617135,948840554,15,120905608,347153,1028181460,156874928
2,549623314,849027485,5,58126162,403268,958596215,5,529057841,0,890382161,15,962519746,0,265433381,34,3104980,1067983329,15,829251106,858970,750198692,421313236
2,549623314,849027485,5,58126162,403268,958596215,5,529057841,0,890382161,15,962519746,0,265433381,53,1039100764,494421651,15,378811987,411364,750198692,860477758
2,549623314,849027485,5,58126162,403268,958596215,5,529057841,0,890382161,15,962519746,0,265433381,79,620373923,918253789,15,1003789897,512128,797027742,999752886
2,549623314,849027485,5,58126162,403268,958596215,5,529057841,0,890382161,15,962519746,0,265433381,95,516470774,709679413,15,640996999,532738,797027742,363255963
2,549623314,849027485,5,58126162,403268,958596215,5,529057841,0,890382161,15,962519746,0,265433381,99,794810505,699092591,15,91343235,408865,750198692,410817534
2,549623314,849027485,5,58126162,403268,958596215,5,529057841,0,890382161,15,962519746,0,265433381,107,392705759,421077337,15,489730719,251415,701940545,177090971
4,829353804,938198330,15,991041614,464108,693080424,15,962519746,0,265433381,15,962519746,0,265433381,1,344882864,682453024,15,684099442,71156,1028181460,960303019
4,829353804,938198330,15,991041614,464108,693080424,15,962519746,0,265433381,15,962519746,0,265433381,32,42617135,948840554,15,120905608,347153,1028181460,156874928
4,829353804,938198330,15,991041614,464108,693080424,15,962519746,0,265433381,15,962519746,0,265433381,34,3104980,1067983329,15,829251106,858970,750198692,421313236
4,829353804,938198330,15,991041614,464108,693080424,15,962519746,0,265433381,15,962519746,0,265433381,53,1039100764,494421651,15,378811987,411364,750198692,860477758
4,829353804,938198330,15,991041614,464108,693080424,15,962519746,0,265433381,15,962519746,0,265433381,79,620373923,918253789,15,1003789897,512128,797027742,999752886
4,829353804,938198330,15,991041614,464108,693080424,15,962519746,0,265433381,15,962519746,0,265433381,95,516470774,709679413,15,640996999,532738,797027742,363255963
4,829353804,938198330,15,991041614,464108,693080424,15,962519746,0,265433381,15,962519746,0,265433381,99,794810505,699092591,15,91343235,408865,750198692,410817534
4,829353804,938198330,15,991041614,464108,693080424,15,962519746,0,265433381,15,962519746,0,265433381,107,392705759,421077337,15,489730719,251415,701940545,177090971
6,564123676,816784291,14,177982233,136579,447900922,14,188440933,0,29958364,15,962519746,0,265433381,1,344882864,682453024,15,684099442,71156,1028181460,960303019
6,564123676,816784291,14,177982233,136579,447900922,14,188440933,0,29958364,15,962519746,0,265433381,32,42617135,948840554,15,120905608,347153,1028181460,156874928
6,564123676,816784291,14,177982233,136579,447900922,14,188440933,0,29958364,15,962519746,0,265433381,34,3104980,1067983329,15,829251106,858970,750198692,421313236
6,564123676,816784291,14,177982233,136579,447900922,14,188440933,0,29958364,15,962519746,0,265433381,53,1039100764,494421651,15,378811987,411364,750198692,860477758
6,564123676,816784291,14,177982233,136579,447900922,14,188440933,0,29958364,15,962519746,0,265433381,79,620373923,918253789,15,1003789897,512128,797027742,999752886
6,564123676,816784291,14,177982233,136579,447900922,14,188440933,0,29958364,15,962519746,0,265433381,95,516470774,709679413,15,640996999,532738,797027742,363255963
6,564123676,816784291,14,177982233,136579,447900922,14,188440933,0,29958364,15,962519746,0,265433381,99,794810505,699092591,15,91343235,408865,750198692,410817534
6,564123676,816784291,14,177982233,136579,447900922,14,188440933,0,29958364,15,962519746,0,265433381,107,392705759,421077337,15,489730719,251415,701940545,177090971
2,549623314,849027485,5,58126162,403268,958596215,5,529057841,0,890382161,16,955736169,0,65419046,44,887943873,42803029,16,1039187690,731594,701940545,799104151
2,549623314,849027485,5,58126162,403268,958596215,5,529057841,0,890382161,16,955736169,0,65419046,88,953471690,697688042,16,79260142,803144,701940545,482661569
2,549623314,849027485,5,58126162,403268,958596215,5,529057841,0,890382161,16,955736169,0,65419046,90,653318838,521996478,16,768530439,735423,1028181460,214269665
2,549623314,849027485,5,58126162,403268,958596215,5,529057841,0,890382161,16,955736169,0,65419046,109,801531451,535507939,16,73678354,-71610,1028181460,749445956
2,549623314,849027485,5,58126162,403268,958596215,5,529057841,0,890382161,16,955736169,0,65419046,116,298634164,338973376,16,415140788,840399,1028181460,976257529
2,549623314,849027485,5,58126162,403268,958596215,5,529057841,0,890382161,16,955736169,0,65419046,137,623328853,1057340552,16,701050650,783830,750198692,1000140840
2,549623314,849027485,5,58126162,403268,958596215,5,529057841,0,890382161,16,955736169,0,65419046,143,865809474,155019022,16,540667147,218650,797027742,962123771
4,829353804,938198330,15,991041614,464108,693080424,15,962519746,0,265433381,16,955736169,0,65419046,44,887943873,42803029,16,1039187690,731594,701940545,799104151
4,829353804,938198330,15,991041614,464108,693080424,15,962519746,0,265433381,16,955736169,0,65419046,88,953471690,697688042,16,79260142,803144,701940545,482661569
4,829353804,938198330,15,991041614,464108,693080424,15,962519746,0,265433381,16,955736169,0,65419046,90,653318838,521996478,16,768530439,735423,1028181460,214269665
4,829353804,938198330,15,991041614,464108,693080424,15,962519746,0,265433381,16,955736169,0,65419046,109,801531451,535507939,16,73678354,-71610,1028181460,749445956
4,829353804,938198330,15,991041614,464108,693080424,15,962519746,0,265433381,16,955736169,0,65419046,116,298634164,338973376,16,415140788,840399,1028181460,976257529
4,829353804,938198330,15,991041614,464108,693080424,15,962519746,0,265433381,16,955736169,0,65419046,137,623328853,1057340552,16,701050650,783830,750198692,1000140840
4,829353804,938198330,15,991041614,464108,693080424,15,962519746,0,265433381,16,955736169,0,65419046,143,865809474,155019022,16,540667147,218650,797027742,962123771
6,564123676,816784291,14,177982233,136579,447900922,14,188440933,0,29958364,16,955736169,0,65419046,44,887943873,42803029,16,1039187690,731594,701940545,799104151
6,564123676,816784291,14,177982233,136579,447900922,14,188440933,0,29958364,16,955736169,0,65419046,88,953471690,697688042,16,79260142,803144,701940545,482661569
6,564123676,816784291,14,177982233,136579,447900922,14,188440933,0,29958364,16,955736169,0,65419046,90,653318838,521996478,16,768530439,735423,1028181460,214269665
6,564123676,816784291,14,177982233,136579,447900922,14,188440933,0,29958364,16,955736169,0,65419046,109,801531451,535507939,16,73678354,-71610,1028181460,749445956
6,564123676,816784291,14,177982233,136579,447900922,14,188440933,0,29958364,16,955736169,0,65419046,116,298634164,338973376,16,415140788,840399,1028181460,976257529
6,564123676,816784291,14,177982233,136579,447900922,14,188440933,0,29958364,16,955736169,0,65419046,137,623328853,1057340552,16,701050650,783830,750198692,1000140840
6,564123676,816784291,14,177982233,136579,447900922,14,188440933,0,29958364,16,955736169,0,65419046,143,865809474,155019022,16,540667147,218650,797027742,962123771
1,792906294,317827973,17,971385163,575594,622797579,17,145165669,1,127423842,17,145165669,1,127423842,8,922454654,11853917,17,342305859,681974,1028181460,844824201
1,792906294,317827973,17,971385163,575594,622797579,17,145165669,1,127423842,17,145165669,1,127423842,33,1050330417,681023168,17,678408199,-7856,701940545,233884410
1,792906294,317827973,17,971385163,575594,622797579,17,145165669,1,127423842,17,145165669,1,127423842,35,838315206,970339776,17,936827836,122824,750198692,831183110
1,792906294,317827973,17,971385163,575594,622797579,17,145165669,1,127423842,17,145165669,1,127423842,61,754492610,99266246,17,63893436,153624,373412815,1071371457
1,792906294,317827973,17,971385163,575594,622797579,17,145165669,1,127423842,17,145165669,1,127423842,77,824012780,958172237,17,860353878,173887,1028181460,653253715
1,792906294,317827973,17,971385163,575594,622797579,17,145165669,1,127423842,17,145165669,1,127423842,97,135469562,256852182,17,351137718,216448,701940545,611744579
1,792906294,317827973,17,971385163,575594,622797579,17,145165669,1,127423842,17,145165669,1,127423842,121,1022863173,231361516,17,736496255,642832,1028181460,1027337841
1,792906294,317827973,17,971385163,575594,622797579,17,145165669,1,127423842,17,145165669,1,127423842,133,727108991,150278347,17,63836414,231467,701940545,136299243
3,458785,31140224,1,73682198,419239,154263564,1,559044011,1,1004765669,17,145165669,1,127423842,8,922454654,11853917,17,342305859,681974,1028181460,844824201
3,458785,31140224,1,73682198,419239,154263564,1,559044011,1,1004765669,17,145165669,1,127423842,33,1050330417,681023168,17,678408199,-7856,701940545,233884410
3,458785,31140224,1,73682198,419239,154263564,1,559044011,1,1004765669,17,145165669,1,127423842,35,838315206,970339776,17,936827836,122824,750198692,831183110
3,458785,31140224,1,73682198,419239,154263564,1,559044011,1,1004765669,17,145165669,1,127423842,61,754492610,99266246,17,63893436,153624,373412815,1071371457
3,458785,31140224,1,73682198,419239,154263564,1,559044011,1,1004765669,17,145165669,1,127423842,77,824012780,958172237,17,860353878,173887,1028181460,653253715
3,458785,31140224,1,73682198,419239,154263564,1,559044011,1,1004765669,17,145165669,1,127423842,97,135469562,256852182,17,351137718,216448,701940545,611744579
3,458785,31140224,1,73682198,419239,154263564,1,559044011,1,1004765669,17,145165669,1,127423842,121,1022863173,231361516,17,736496255,642832,1028181460,1027337841
3,458785,31140224,1,73682198,419239,154263564,1,559044011,1,1004765669,17,145165669,1,127423842,133,727108991,150278347,17,63836414,231467,701940545,136299243
8,292608994,956262271,17,801108420,762785,918253410,17,145165669,1,127423842,17,145165669,1,127423842,8,922454654,11853917,17,342305859,681974,1028181460,844824201
8,292608994,956262271,17,801108420,762785,918253410,17,145165669,1,127423842,17,145165669,1,127423842,33,1050330417,681023168,17,678408199,-7856,701940545,233884410
8,292608994,956262271,17,801108420,762785,918253410,17,145165669,1,127423842,17,145165669,1,127423842,35,838315206,970339776,17,936827836,122824,750198692,831183110
8,292608994,956262271,17,801108420,762785,918253410,17,145165669,1,127423842,17,145165669,1,127423842,61,754492610,99266246,17,63893436,153624,373412815,1071371457
8,292608994,956262271,17,801108420,762785,918253410,17,145165669,1,127423842,17,145165669,1,127423842,77,824012780,958172237,17,860353878,173887,1028181460,653253715
8,292608994,956262271,17,801108420,762785,918253410,17,145165669,1,127423842,17,145165669,1,127423842,97,135469562,256852182,17,351137718,216448,701940545,611744579
8,292608994,956262271,17,801108420,762785,918253410,17,145165669,1,127423842,17,145165669,1,127423842,121,1022863173,231361516,17,736496255,642832,1028181460,1027337841
8,292608994,956262271,17,801108420,762785,918253410,17,145165669,1,127423842,17,145165669,1,127423842,133,727108991,150278347,17,63836414,231467,701940545,136299243
10,327251235,437448823,24,477752411,389191,626155487,24,905006152,1,295815377,17,145165669,1,127423842,8,922454654,11853917,17,342305859,681974,1028181460,844824201
10,327251235,437448823,24,477752411,389191,626155487,24,905006152,1,295815377,17,145165669,1,127423842,33,1050330417,681023168,17,678408199,-7856,701940545,233884410
10,327251235,437448823,24,477752411,389191,626155487,24,905006152,1,295815377,17,145165669,1,127423842,35,838315206,970339776,17,936827836,122824,750198692,831183110
10,327251235,437448823,24,477752411,389191,626155487,24,905006152,1,295815377,17,145165669,1,127423842,61,754492610,99266246,17,63893436,153624,373412815,1071371457
10,327251235,437448823,24,477752411,389191,626155487,24,905006152,1,295815377,17,145165669,1,127423842,77,824012780,958172237,17,860353878,173887,1028181460,653253715
10,327251235,437448823,24,477752411,389191,626155487,24,905006152,1,295815377,17,145165669,1,127423842,97,135469562,256852182,17,351137718,216448,701940545,611744579
10,327251235,437448823,24,477752411,389191,626155487,24,905006152,1,295815377,17,145165669,1,127423842,121,1022863173,231361516,17,736496255,642832,1028181460,1027337841
10,327251235,437448823,24,477752411,389191,626155487,24,905006152,1,295815377,17,145165669,1,127423842,133,727108991,150278347,17,63836414,231467,701940545,136299243
7,11315813,791810943,23,1051077640,682035,798884201,23,536896580,3,94114815,19,265967242,3,771550216,43,478796485,934229825,19,568927324,990428,797027742,601147576
7,11315813,791810943,23,1051077640,682035,798884201,23,536896580,3,94114815,19,265967242,3,771550216,102,439683675,457889710,19,539126985,846217,1028181460,402880984
7,11315813,791810943,23,1051077640,682035,798884201,23,536896580,3,94114815,19,265967242,3,771550216,112,393301874,810229851,19,328341035,295335,373412815,902998973
7,11315813,791810943,23,1051077640,682035,798884201,23,536896580,3,94114815,19,265967242,3,771550216,125,92991123,67914840,19,355422631,-23412,373412815,525899414
7,11315813,791810943,23,1051077640,682035,798884201,23,536896580,3,94114815,19,265967242,3,771550216,135,150421830,825760544,19,658066008,873291,373412815,100118401
7,11315813,791810943,23,1051077640,682035,798884201,23,536896580,3,94114815,19,265967242,3,771550216,149,214351635,185516839,19,978252470,895965,701940545,969008612
5,64952534,366176741,11,103869805,-28383,275262022,11,319240162,4,108891028,20,649759269,4,75182531,6,731495698,4216090,20,983329100,763857,701940545,342509650
5,64952534,366176741,11,103869805,-28383,275262022,11,319240162,4,108891028,20,649759269,4,75182531,81,661888009,246121027,20,769190578,202371,1028181460,612521615
5,64952534,366176741,11,103869805,-28383,275262022,11,319240162,4,108891028,20,649759269,4,75182531,100,680582292,278848172,20,961971707,988989,373412815,932507320
9,895777001,658451645,10,73320802,530237,726765942,10,185743883,4,261867689,20,649759269,4,75182531,6,731495698,4216090,20,983329100,763857,701940545,342509650
9,895777001,658451645,10,73320802,530237,726765942,10,185743883,4,261867689,20,649759269,4,75182531,81,661888009,246121027,20,769190578,202371,1028181460,612521615
9,895777001,658451645,10,73320802,530237,726765942,10,185743883,4,261867689,20,649759269,4,75182531,100,680582292,278848172,20,961971707,988989,373412815,932507320
7,11315813,791810943,23,1051077640,682035,798884201,23,536896580,3,94114815,22,125649403,3,891732657,20,734211847,858441707,22,532339678,760340,373412815,898330984
7,11315813,791810943,23,1051077640,682035,798884201,23,536896580,3,94114815,22,125649403,3,891732657,26,301541191,18181266,22,21206933,518205,701940545,834282321
7,11315813,791810943,23,1051077640,682035,798884201,23,536896580,3,94114815,22,125649403,3,891732657,66,902253673,454768570,22,586186,24277,750198692,135559007
7,11315813,791810943,23,1051077640,682035,798884201,23,536896580,3,94114815,22,125649403,3,891732657,70,440536228,805356326,22,581489182,486752,373412815,477075751
7,11315813,791810943,23,1051077640,682035,798884201,23,536896580,3,94114815,22,125649403,3,891732657,83,227218852,409881118,22,867008864,646351,1028181460,383845443
7,11315813,791810943,23,1051077640,682035,798884201,23,536896580,3,94114815,22,125649403,3,891732657,111,678303434,847033641,22,984252908,650526,797027742,588907014
7,11315813,791810943,23,1051077640,682035,798884201,23,536896580,3,94114815,22,125649403,3,891732657,126,507718371,573397685,22,121676716,100139,750198692,349422368
7,11315813,791810943,23,1051077640,682035,798884201,23,536896580,3,94114815,23,536896580,3,94114815,11,732482108,436872609,23,274108524,-27260,1028181460,230725263
7,11315813,791810943,23,1051077640,682035,798884201,23,536896580,3,94114815,23,536896580,3,94114815,15,494700658,9266525,23,737759104,278852,750198692,744366833
7,11315813,791810943,23,1051077640,682035,798884201,23,536896580,3,94114815,23,536896580,3,94114815,31,855445084,1027402851,23,969728011,523689,750198692,449809331
7,11315813,791810943,23,1051077640,682035,798884201,23,536896580,3,94114815,23,536896580,3,94114815,65,281052985,65225523,23,531840509,879516,701940545,1044095204
7,11315813,791810943,23,1051077640,682035,798884201,23,536896580,3,94114815,23,536896580,3,94114815,87,820503995,863203704,23,274470524,632754,373412815,953055338
1,792906294,317827973,17,971385163,575594,622797579,17,145165669,1,127423842,24,905006152,1,295815377,117,384063702,985671822,24,541752539,395083,373412815,870291770
3,458785,31140224,1,73682198,419239,154263564,1,559044011,1,1004765669,24,905006152,1,295815377,117,384063702,985671822,24,541752539,395083,373412815,870291770
8,292608994,956262271,17,801108420,762785,918253410,17,145165669,1,127423842,24,905006152,1,295815377,117,384063702,985671822,24,541752539,395083,373412815,870291770
10,327251235,437448823,24,477752411,389191,626155487,24,905006152,1,295815377,24,905006152,1,295815377,117,384063702,985671822,24,541752539,395083,373412815,870291770
