FO_FROM,FO_TO
621,5695
2149,3604
2149,9324
4,2303
4,1118
4,1379
4,1551
4,5899
12580,3369
1825,4
14368,4
14368,14375
16363,4
19827,4
23610,4
23610,722
23610,10945
23610,10950
23610,23616
23610,783
23610,510
23610,3919
25024,510
26238,26251
722,23610
722,23120
18270,4
14825,10179
2298,32772
2298,1694
2298,4582
2298,1262
2298,5114
2298,16431
2298,32780
12042,7856
12042,25661
12042,33548
12042,33551
33962,4
5695,621
5695,4
8633,2149
8633,4
41378,3369
41378,16649
2426,4
2426,42137
2426,2325
2426,1118
2426,1551
2426,40176
19335,4
44119,4
44119,37318
44119,38602
44119,22814
2303,4
32772,2298
32772,1262
33833,4665
33833,50218
33833,50219
33833,50222
33833,3604
33833,50231
33833,2173
33833,50241
33833,26092
33833,50266
33833,38819
33833,50295
6982,2374
6982,47460
6982,4412
6982,6078
6982,26072
6982,50910
6982,13123
6982,12751
6982,13808
6982,18506
6982,35184
6982,50952
6982,50962
6982,23976
6982,37001
6982,23979
6982,24215
8755,28107
8755,33849
42311,531
52944,4
53144,4
7394,4
7394,9514
7394,28390
1694,2298
1694,1711
1694,1262
21565,50353
21565,38204
28107,8755
28107,1118
28107,26043
31082,8755
39606,53613
39606,63144
20457,2173
23116,12641
23116,65032
4582,65644
4582,1262
14544,8702
36950,4
63386,8702
37308,5393
37308,62353
51682,14570
71133,19535
27357,4
10945,14368
10945,23610
10945,10950
10945,7801
10945,66917
10945,77457
10945,77464
78109,58870
11256,51853
11256,6078
11256,36521
11256,79185
11256,30096
70408,63644
70408,4475
11029,6078
11029,11050
50353,21565
50353,21608
50353,23713
4310,47309
4310,8702
4310,7617
4310,14170
4310,3369
4310,541
4310,2173
4310,4394
82781,4
82781,16578
24593,4
14054,510
87889,87890
63644,70408
63644,4475
77346,4
89922,16649
90366,3369
90366,510
90366,16649
30671,4
30671,531
65644,2298
65644,4582
65644,1262
65644,1400
50862,92219
85847,4
27959,4
93596,93601
64528,4
64528,26486
11744,4
11744,531
95455,4
96537,42180
45677,4
45677,1262
72388,6053
72388,27676
47309,4310
58488,4
97301,4
97301,99364
42119,4
42119,3604
22743,4
73371,4
73371,7801
18966,5393
18966,94830
18966,5899
18966,64965
101238,39124
101238,3604
101238,12751
101238,67382
1358,1359
1358,1386
62551,94062
7856,4
7856,12042
7856,25661
7856,33551
1359,1358
1359,1386
6338,4
6338,6269
6338,28548
6338,28383
6338,66383
6338,40973
6338,93171
71485,8702
71485,104057
29963,4
8702,14544
8702,33360
35207,31961
35207,35209
35207,531
35207,103787
105363,510
5087,4665
5087,50219
5087,28548
5087,80084
5087,5123
5087,51853
5087,27484
5087,3604
5087,531
5087,75083
5087,13790
5087,5157
5087,106209
5087,106211
5087,70301
5087,106217
5087,106221
9514,4
9514,7394
9514,6999
9514,1118
9514,4475
9514,5899
9514,16649
106644,4
106644,3369
18973,531
108380,52730
108380,510
108380,108383
18975,4
42137,4
42137,2426
42137,26486
42137,5899
1711,1694
28245,6645
28245,28390
28245,531
6269,4
6269,6338
6269,51856
23284,82861
71246,531
71246,4798
94062,62551
94062,113135
94062,95835
52322,4
52322,11978
52322,74936
102804,4
117051,510
1262,2298
1262,15911
6999,4
6999,16869
118513,116633
118513,118514
118513,57434
43939,50315
119282,4
119282,3604
119282,38327
10950,23610
10950,10945
120131,80818
53575,4
53575,16801
53575,92274
53575,46733
53575,89805
53575,39885
53575,12751
53575,13808
53575,26092
53575,39889
3172,65187
18852,3369
31961,35207
31961,121887
122087,122106
44316,4
44316,4665
44316,16970
44316,16770
33849,8755
34148,24658
34148,531
36634,12843
36634,14517
36634,7801
118365,3604
118365,40973
118365,53967
118365,80101
118365,123165
11978,21782
11978,43996
4319,4
4319,23116
4319,3369
4319,8497
43896,531
15911,1262
55976,68939
55976,7801
55976,531
55976,39885
31351,16578
31351,48226
19535,71133
18987,129929
130791,786
131538,50218
131538,86903
131538,39124
12843,4
12843,11744
12843,6078
12843,1805
4665,5087
4665,44316
4665,439
4665,50219
4665,5114
4665,5123
4665,11876
4665,27484
4665,3604
4665,26398
4665,92153
4665,104567
4665,121586
4665,13808
4665,88963
4665,5157
4665,109246
4665,81405
23774,4
92221,1711
92221,541
92221,10053
92221,132596
104521,3369
104521,16649
69308,1551
69308,510
133810,3369
439,4665
439,11876
439,3604
439,26398
439,75083
439,43716
439,13123
439,12751
439,13808
439,57648
4884,56426
4884,16528
128811,59173
118326,4
18906,531
18906,123982
18906,134352
2325,4
2325,2426
2325,1805
1118,621
1118,4
1118,2426
1118,9514
19860,531
19860,36914
137188,510
1379,4
1379,1551
50218,33833
50218,131538
50218,50231
50218,42251
50218,8897
50218,50241
50218,138591
50218,38819
50218,50295
50218,49184
97385,15717
1126,4
140970,4
40851,4
17244,4
17244,23120
17244,8497
17244,141253
56426,39124
56426,57993
56426,89805
42289,43515
142408,531
142644,4
23616,23610
23616,3919
23616,77464
62086,22566
62086,531
51652,4
51652,14170
51652,134290
111627,12891
111627,18895
111627,105170
68539,148421
68539,531
148526,8702
74936,4
74936,8755
74936,52322
149346,4
24821,8755
24821,14570
24821,64987
24821,21006
24821,132125
80077,80084
50219,33833
50219,5087
50219,4665
50219,5114
50219,5123
50219,25907
50219,6835
50219,27484
50219,149691
50219,89805
50219,98453
50219,8966
119840,3604
131430,26486
43420,4
43420,3369
43420,510
150704,3369
13968,1711
13968,5114
13968,104571
12641,23116
12641,65032
152095,510
113232,22566
783,8497
23120,3369
23120,8497
457,621
457,6999
457,13808
120050,153386
120050,58294
50315,8702
50315,43939
50315,50319
50315,61732
73788,4
73788,531
79338,510
48084,19048
99364,97301
2374,4
2374,5123
2374,43716
2374,78328
155471,4
786,4665
786,783
786,57721
15717,1262
15717,15911
15717,97385
15717,16431
22566,4
22566,2303
22566,62086
22566,113232
22566,37657
22566,5393
22566,26486
22566,1805
22566,137490
26043,8755
26043,28107
22036,18057
1386,1358
1386,1359
22567,4
22567,5695
22567,510
28548,6338
28548,56903
28548,40973
1147,4
1147,1160
1147,531
157276,5695
87890,4
87890,1262
20488,4
20488,4475
20488,8966
27682,2298
67601,3369
71148,1912
158315,4
158315,16770
86903,56426
86903,11876
86903,3604
86903,121586
86903,138591
86903,64911
86903,31850
86903,84647
86903,67382
159981,159983
93252,6645
93252,6658
93252,69269
93252,3066
93252,130621
93252,73367
93252,6672
93252,93279
93252,6701
154573,93269
154573,6669
154573,121932
154573,160038
154573,93314
154573,6704
154573,160055
154573,93336
154573,93337
154573,154584
107006,4
107006,26486
107006,100196
61687,3369
35619,23200
25661,12042
25661,7856
25661,42418
25661,33548
25661,160612
25661,129929
25661,40581
161069,510
101209,30030
68939,3604
162536,3369
162536,16649
128344,57254
128344,66279
128344,162569
54738,510
143704,531
28572,1262
133528,99573
155105,4
155105,3604
20031,17520
22502,28673
59602,8755
153566,1805
37657,22566
37657,37694
165791,6658
165791,6708
82861,23284
35985,4
165957,4665
6645,93252
6645,6658
6645,3066
6645,130621
6645,93274
6645,6669
6645,73367
6645,130622
6645,6672
6645,160038
6645,6677
6645,93293
6645,9231
6645,6692
6645,39089
6645,93308
6645,6701
6645,93321
6645,165978
9131,4
166842,3369
50222,33833
44989,8702
44989,167290
44989,49184
6551,4
6551,5114
77982,6053
17600,26486
17600,140089
168124,3369
168124,16649
168623,83479
168623,9351
168623,24919
144568,4475
169031,3369
169031,531
24658,34148
24658,36705
24658,6053
1160,531
1160,23200
1160,3919
61293,83970
61293,45431
61293,107442
7617,4310
170141,26486
5114,2298
5114,28548
5114,5123
5114,26092
110592,4
110592,457
110592,68939
110592,26486
110592,43676
110592,531
28951,439
28951,5192
28951,3604
28951,26398
28951,28993
28951,23200
28951,39885
28951,12751
28951,13808
28951,64911
28951,10179
28951,29021
28951,103447
28951,100127
28951,67382
30422,1400
9288,100414
54656,4
54656,2298
54656,1262
54656,3604
21782,4
21782,11978
21782,171691
21782,43322
160176,531
43055,43056
43055,71909
172534,3369
172534,531
14164,7801
14164,11135
5393,22566
22505,4
22505,78347
22505,3066
22505,9208
142069,16431
175911,4412
175911,170661
176388,3369
35209,35207
78347,4
78347,22505
78347,28254
80592,4665
80592,26092
47460,6982
47460,78770
47460,13123
47460,15508
47460,12751
47460,67371
47460,39889
97382,43676
18626,168365
18626,6078
18626,26375
18626,28673
18626,26398
18626,27394
18626,29012
18626,171145
64257,51816
64257,64327
179239,510
2517,37265
2517,104567
2517,170702
2517,40973
2517,132829
2517,64965
2517,144338
2517,128871
2517,93488
2517,179622
2517,35839
2517,42909
2517,60845
2517,123165
2517,81674
121801,57254
121801,66279
121801,98639
121801,93601
121801,179799
43899,43896
89619,4
89619,106666
70629,71485
71897,19640
24513,510
180842,3369
180842,510
12879,29648
12879,12891
12879,10179
12879,29021
87770,179322
80084,4
80084,5087
80084,80077
52730,108380
18861,510
11992,531
1551,4
43056,43055
43056,71909
17513,42418
27381,5393
27381,2733
27381,76920
75578,3369
75578,76920
145550,510
145550,5157
145550,123568
42418,25661
42418,17513
4519,41152
4519,31436
71072,101977
71072,26963
183569,4
16801,53575
16801,92274
16801,3604
16801,121586
16801,39885
16801,89807
16801,12751
16801,13808
16801,39889
16801,64911
16801,103447
16801,67382
134023,3369
134023,16649
26417,42959
26417,36810
28958,12891
28958,28993
63365,31607
87639,4
5123,4665
5123,27484
5123,3604
5123,26398
5123,2173
5123,106570
5123,53967
5123,51177
5123,84647
38937,9208
38937,123165
57254,128344
57254,121801
57254,66279
57254,98639
57254,80818
57254,93601
137059,3604
137059,24919
28383,6338
28383,5393
28383,62001
28383,166945
29648,12879
29648,12891
29648,65774
29648,52293
29648,29012
29648,36521
29648,10179
29648,84225
29648,29021
29648,67504
29648,44308
29648,67515
29648,75470
26486,4
135916,4
4475,4
4475,70408
4475,63644
1912,5123
1912,2173
16970,11029
16970,44316
16970,6078
16970,7801
16970,11050
16970,13123
16970,4394
7684,510
16431,2298
16431,15717
16431,169614
16431,16770
16431,531
16431,16433
16431,126099
28962,6338
28962,12891
28962,44933
28962,65774
28962,65919
28962,40973
28962,29012
28962,10053
28962,10168
28962,10179
28962,67503
28962,10241
28962,67504
28962,35839
28962,15885
28962,44308
28962,67515
28962,57367
28962,67517
89248,4
57977,4884
57977,56426
57977,16528
57977,95037
57977,49184
14570,16528
53189,8755
53189,50319
190403,4
190403,531
51853,5087
191005,94880
183449,11876
149249,3369
138041,531
192017,3369
27983,64911
192414,50512
66279,121801
66279,57254
66279,98639
66279,93601
66279,179799
114351,1711
192913,3369
192913,16649
4412,118370
4412,40973
4412,58294
4412,35839
79657,37308
79657,87330
79657,43597
79657,77138
79657,20327
47321,32433
92274,3604
92274,109994
92274,12751
92274,13808
92274,103447
92274,53967
130080,510
130080,8497
30351,28578
194408,177943
16528,4884
16528,56426
16528,57977
16528,14570
16528,39124
194952,531
174678,195517
174678,195518
174678,195520
50319,50315
50319,53189
79743,6078
196530,3369
196530,196531
196530,16649
44799,6078
44799,91965
197061,86903
197061,26486
14170,4310
14170,51652
14170,510
25907,53575
25907,439
25907,50219
25907,28548
25907,80084
25907,11876
25907,6835
25907,26092
25907,5157
145287,47498
197923,14170
197923,152400
28331,11876
28331,3604
28390,7394
28390,28245
28390,11876
28390,109527
28333,4
110442,8755
196130,47499
196130,9208
125640,67062
133265,3369
133265,16649
19048,4
19048,76132
42335,83479
42335,24919
3369,23120
3369,182979
3369,16649
53393,4
88078,3369
200645,199226
46031,23116
46031,3369
46031,16649
94830,4
94830,18966
94830,51652
94830,5393
65106,3369
118370,4412
118370,3604
188676,3369
201307,531
201308,4
201308,510
128817,510
83970,61293
83970,171691
83970,39514
83970,107442
130535,510
130535,107353
202476,202479
202476,202480
202476,202482
14517,4
90459,510
139198,3604
139198,12751
171049,3369
5021,60587
5021,10284
5021,138663
5021,138666
5021,25018
168365,18626
168365,26375
178008,3369
64987,56426
64987,24821
64987,16528
64987,39124
64987,64729
64987,132125
64987,73813
187094,3369
138766,4665
138766,11876
138766,3604
138766,26398
138766,73710
138766,13808
138766,106569
138766,10179
138766,204932
1400,4
1400,26972
17520,4
17520,20031
17520,72252
17520,108801
35245,8755
6078,11029
6078,11050
6078,50910
6078,35809
58870,510
98829,4
98829,531
98829,16649
98829,16022
133017,4
133017,1358
133017,1359
133017,1386
148421,68539
200881,132436
11876,4665
11876,183449
11876,92274
11876,25907
11876,28390
11876,207704
11876,3604
11876,75083
11876,11135
11876,13808
11876,207707
11876,171000
11876,51177
11876,80101
11876,207711
207933,3369
39124,8755
39124,56426
39124,16528
39124,64987
39124,148237
39124,182906
39124,64729
39124,31850
39124,208328
39124,116323
68498,11135
169614,16431
169614,16770
169614,531
199981,7394
31140,97293
31140,136726
31140,16022
73861,171071
73861,80163
209664,3369
209664,16649
198531,50434
198531,204290
26375,4
26375,18626
26375,27381
26375,168365
182007,531
210904,4
210904,3604
171050,3369
171050,42831
211369,12751
78041,3369
97154,9208
212363,3369
212726,26963
212805,149346
17561,4
17561,1805
16936,4
16936,7394
16936,6835
16936,1805
16936,16091
510,4
213439,3369
213518,213519
7801,36634
7801,14164
7801,16970
7801,16770
7801,2173
7801,13808
7801,3636
7801,145888
78043,510
55807,510
130582,510
24890,214857
214999,3369
176199,13790
19640,71897
19640,11135
207704,11876
207704,23200
43676,4
11047,11050
11047,173131
97293,31140
97293,136726
216211,4
216211,138173
51071,5393
51071,51177
171071,73861
216817,510
16770,158315
16770,16431
16770,169614
16770,7801
16770,67371
103759,13123
103759,12751
103759,13808
146704,3604
146704,106570
6835,4
6835,25907
6835,16936
78770,47460
78770,92274
78770,15508
43810,43812
219218,24919
27484,4665
27484,12751
32641,1551
65187,510
219774,510
133250,14570
118988,4
162855,11029
162855,26629
162855,16091
162855,10335
220523,100414
144977,3369
26072,13123
26072,12751
26072,18506
26072,220796
26072,26092
26072,37001
50041,3604
50041,84647
88816,27252
124298,3369
53100,3604
221496,3369
221496,16649
5899,4
221823,4
148122,8497
57623,51580
12792,621
16869,6999
222421,43597
139112,12751
139112,39889
205891,3369
31187,50910
31187,13790
31187,16304
31187,13808
62118,3369
140815,223914
37265,2517
37265,96291
215024,101977
77602,3369
77602,156007
44524,78328
62877,3546
62877,3369
62877,118927
85441,223914
133574,3369
133574,6053
51166,39889
42959,4
42959,26417
225122,3369
98625,531
209129,13123
22682,4
22682,510
225714,12751
18057,48226
28673,171145
182424,3604
47402,32780
81181,25907
81181,89805
81181,12751
81181,26092
81181,224595
3604,439
3604,92274
3604,11876
3604,26398
3604,121586
3604,13808
3604,64911
3604,84647
3604,124398
107743,31351
107743,6078
107743,11050
107743,1805
107743,51241
107743,23979
144815,31351
11050,11029
11050,16970
11050,6078
11050,48226
148602,3369
148602,510
228379,3369
51856,6338
51856,6269
51856,19643
81602,3369
81602,42831
81602,64965
81602,186184
16578,82781
16578,31351
16578,17183
16578,23979
167547,3369
229706,3369
19643,51856
37412,3369
230276,3369
134283,3604
230462,510
29459,4
29459,510
230753,4
33548,12042
33548,7856
33548,25661
33548,33551
32780,2298
32780,47402
159983,7394
136726,31140
136726,23976
60857,122711
60857,144247
18665,11876
18665,3604
18665,531
18665,36810
6658,93252
6658,6645
6658,3066
6658,130621
6658,6669
6658,73367
6658,6672
6658,6677
6658,93279
6658,9231
6658,39089
211529,3369
225572,12751
28829,11135
131388,4412
131388,164744
131388,59000
131388,40973
131388,132829
131388,82741
131388,147993
131388,96291
131388,64965
131388,42909
9324,2149
9324,6078
50910,6982
50910,6078
50910,11876
50910,31187
50910,35809
50910,160629
50910,26629
50910,13123
50910,39885
50910,12751
50910,18506
50910,57648
50910,24215
50910,16022
63070,3369
63070,92037
63070,2173
173781,4
212866,51166
36705,24658
36705,3369
50114,32641
50114,26398
50114,16091
50114,39889
50114,22240
34167,510
34167,27484
40176,2426
26398,4665
26398,439
26398,92274
26398,3604
26398,115038
26398,104567
26398,13808
26398,64911
26398,53967
26398,84647
26398,67382
149691,5087
149691,4665
149691,50219
149691,5123
149691,4412
149691,27484
149691,51166
149691,3604
149691,73710
149691,12751
149691,26092
149691,39889
149691,92688
149691,106209
93106,59000
93106,147993
93106,108133
93106,168935
93106,69642
93106,123165
181364,104059
69269,93252
69269,27818
69269,9231
51580,57623
186030,214025
237221,3369
50570,37318
50570,68539
137584,78750
185374,4665
185374,26486
185374,16649
185374,169664
141722,3369
50322,4
50322,531
50322,45431
182979,3369
182979,238481
65474,4
65474,73813
238911,3369
238911,16649
99707,15885
99707,177265
239052,4
151045,67382
239144,3369
37361,4
115038,26398
115038,13808
115038,104571
115038,42831
115038,16016
115038,22240
93195,4
43812,43810
96937,3369
173391,3369
173391,173392
75083,5087
75083,4665
75083,439
75083,5123
75083,11876
75083,3604
75083,13790
75083,2173
75083,12751
75083,13808
41152,4519
41152,24215
242089,4
195555,531
33551,7856
33551,33548
242626,3369
35809,6078
35809,50910
35809,27818
35809,44933
35809,51241
35809,134107
35809,18506
541,3369
541,51319
541,80888
164744,4412
164744,131388
24629,510
168677,3369
168677,16649
43716,4
43716,439
43716,26398
43716,53967
27252,88816
27252,64606
27252,16016
27252,30096
104541,39885
195886,103447
49605,5123
245543,77616
92037,3369
92037,63070
92037,16649
92037,245607
92037,96734
92037,216374
92037,138089
92037,243643
92037,15885
92037,11962
75580,1400
213163,223789
16433,16431
50434,3369
50434,198531
50434,16649
78328,5123
78328,44524
78328,72252
78328,46418
78328,138663
53478,63480
53478,63486
53478,113395
81173,2733
28993,28951
28993,229691
2733,27381
2733,1805
2733,27394
14375,14368
247996,147324
247996,147325
72252,17520
72252,78328
72252,35184
248156,510
248466,9288
248466,100414
248489,26963
248527,3369
248971,4
248971,1262
147228,17283
249095,510
129336,3369
129336,510
244093,5114
13790,439
13790,27484
13790,31187
13790,3604
13790,13123
13790,12751
13790,13808
13790,51177
250519,3369
78750,510
78750,137584
68221,50910
190284,3369
190284,81181
190284,190296
48768,3369
30539,23120
30539,151979
30539,107585
185591,510
252235,3369
144646,51166
144646,12751
160629,6078
160629,50910
160629,18506
77700,92221
77700,5393
77700,64965
77700,35839
77700,42909
77700,10284
77700,93339
223914,140815
223914,18057
196531,196530
196531,16649
252636,3369
252636,16649
23200,4665
23200,1160
23200,28951
23200,92153
23200,13808
23200,39889
50231,33833
50231,50218
50231,104571
50231,38819
215785,3369
253403,3369
92153,4665
175567,3369
63480,53478
63480,63486
66917,10945
66917,23120
66917,8497
76920,28548
76920,75578
255055,510
255217,3369
150912,57114
154833,4
256016,73813
183768,16649
185057,4
173392,3369
173392,173391
173392,16649
104567,4665
104567,2517
104567,5123
104567,26398
104567,16304
104567,104571
104567,22240
104567,232850
104567,101109
187918,439
187918,11876
187918,3604
187918,26398
187918,13790
187918,12751
187918,18506
187918,51177
187918,22240
187918,206354
46260,50353
42251,50218
42251,31607
202648,3369
9951,51319
9951,59000
9951,40973
9951,132827
9951,132829
9951,82741
9951,147993
9951,164151
9951,186184
9951,108133
9951,35839
9951,15885
9951,168935
9951,69642
9951,25284
9951,147997
9951,93171
9951,143554
9951,123165
9951,81674
229230,3369
229230,25018
242386,258313
242386,258317
258526,3369
258538,3369
115005,4
115005,5123
115005,28390
115005,3604
115005,16649
115005,53967
56903,28548
56903,5393
81202,23120
259593,3369
259593,16649
28596,219303
73709,27484
73709,168585
73709,51241
73709,17172
73709,26092
73709,74765
16304,31187
16304,50910
16304,75083
16304,104567
16304,104571
16304,22240
172473,510
217029,439
217029,53967
147324,247996
112582,3369
40056,531
110093,129341
110093,128871
110093,81933
51319,6338
51319,2517
51319,4412
51319,541
51319,9951
51319,59000
51319,40973
51319,132827
51319,132829
51319,82741
51319,147993
51319,96291
51319,64965
51319,144338
51319,108133
51319,35839
51319,42909
51319,69642
51319,261145
51319,123165
51319,81674
261212,2298
261212,261698
95586,135555
47498,145287
47498,3066
47498,121932
47498,9229
142826,80281
142826,53800
142826,53859
198639,81181
198639,15885
262151,3369
262258,3369
68223,20358
68223,182043
122711,60857
70524,101977
195059,6658
195059,3066
262576,3369
222831,50434
168585,73709
168585,26092
83479,42335
83479,9351
83479,24919
83479,242840
230483,3369
130153,531
264874,3369
264874,510
166476,3369
166476,531
166476,214025
166476,189779
158065,531
265367,3369
265367,50434
47499,196130
224237,531
265531,3369
265813,265816
116940,122663
116940,108920
266037,3369
4798,71246
163684,14570
163684,62564
22313,94880
8897,50218
8897,531
8897,47615
266557,189779
31032,50434
266825,2298
73710,4665
73710,5123
73710,138766
73710,26092
73710,5157
73710,106569
208355,48768
9351,12751
9351,24919
170702,2517
170702,3369
170702,510
170702,120250
26629,50910
26629,12751
26629,30097
267206,3369
3066,4
3066,93252
3066,6658
3066,47498
60201,26486
60201,134290
58769,4
58769,5123
58769,3604
160612,25661
160612,12751
171691,21782
171691,83970
191049,1262
40255,57993
214025,186030
214025,166476
214025,93480
214025,182497
81699,3369
268170,4
268263,23116
268263,22502
268263,15885
268545,3369
47615,23120
47615,8897
46733,37308
46733,53575
46733,5114
46733,3604
46733,38602
46733,22814
46733,7185
46733,26092
46733,62353
46733,74376
27818,31607
52210,111592
270306,3369
192128,56426
255849,4
44933,3604
201649,3369
93269,93337
272099,48768
86932,531
86932,167
132436,64528
132436,200881
272273,3604
119704,119705
272348,272349
272516,3369
199234,531
272765,3369
13123,6982
13123,11029
13123,439
13123,16970
13123,6078
13123,11876
13123,103759
13123,27484
13123,26398
13123,13790
13123,51241
13123,12751
13123,13808
13123,18506
13123,39889
13123,50962
13123,57648
13123,51177
273860,4
65774,29648
65774,28962
65774,12891
65774,10168
65774,10179
274049,3369
105828,4
105828,531
138173,36810
261698,261212
87268,6078
129924,4665
129924,28390
129924,11876
129924,3604
129924,13123
129924,12751
11135,14164
11135,11876
11135,68498
11135,19640
11135,18895
275554,23120
1805,12843
1805,5393
1805,1551
1805,20358
1805,6078
1805,16936
157599,6078
106880,12510
219490,16801
219490,11876
219490,3604
219490,39885
219490,12751
219490,13808
219490,39889
219490,64911
219490,103447
219490,166174
219490,84647
198128,69269
198128,9208
198128,9231
101977,71072
101977,70524
26972,1400
199748,510
24410,531
100771,1912
276745,3369
133854,531
133854,98430
277329,3369
277659,3369
277659,50434
255911,3369
255911,16649
36970,12891
16649,457
16649,3369
59000,6338
59000,4412
59000,131388
59000,93106
59000,9951
59000,51319
59000,40973
59000,48226
59000,132827
59000,132829
59000,82741
59000,124378
59000,143517
59000,96291
59000,64965
59000,34790
59000,144338
59000,108133
59000,122529
59000,35839
59000,42909
59000,15885
59000,168935
59000,143546
59000,93171
59000,143554
59000,123165
59000,10381
59000,81674
278040,3369
278040,16649
80163,73861
80163,531
278775,510
77846,42335
77846,9351
77846,211640
77846,24919
142835,162721
142835,131640
142835,53859
73365,6645
73365,6658
73365,170925
73365,93274
73365,6672
73365,160038
73365,6677
73365,93279
73365,6692
73365,204518
73365,39089
73365,93308
73365,93314
73365,6701
73365,6704
73365,95848
73365,154584
73365,224480
136801,278251
279050,3369
279143,3369
57993,56426
57993,40255
108383,108380
108383,4412
108383,3369
108383,16649
108383,12751
108383,107585
126658,42831
124549,4
119705,119704
260997,279602
160633,6078
160633,40581
279771,3369
53718,53787
279805,3369
233404,5123
233404,75083
233404,26092
233404,94269
280425,3369
280425,16649
27394,18626
27394,2733
202689,3604
202689,26398
202689,84647
280645,3369
15508,47460
15508,78770
15508,76132
107693,4412
107693,82741
107693,84647
281188,3369
38599,43597
38599,162268
206507,3369
281493,4
258313,242386
258313,258317
100306,9288
282095,3369
282200,94880
278251,136801
278251,43597
278251,20327
27916,531
74938,135427
164493,8755
44086,3604
44086,282758
44086,84647
37983,92274
37983,3604
283284,3369
283284,16649
142002,531
142002,66002
283614,3604
283614,13808
283614,53967
93249,3369
62883,4
62883,4665
176481,4665
176481,3604
176481,23214
176481,124398
178396,71485
45431,61293
45431,50322
45431,95829
143579,4
3624,4
284917,50434
116633,118513
116633,234621
116633,95235
32433,47321
32433,26092
38602,7185
38602,26092
286005,3369
286005,16649
153386,120050
153386,4412
153386,5192
153386,12891
153386,531
286094,3369
99573,133528
99573,1912
99573,3369
247775,4
131967,23116
131967,3369
131967,16649
47220,13808
287068,3369
287068,16649
26963,71072
26963,4475
26963,212726
26963,248489
21608,50353
21608,122663
287700,3369
43515,27484
43515,13808
22814,44119
22814,3604
22814,162268
22814,77138
22814,62353
22814,53967
22814,84647
82686,82689
288008,3369
87330,77138
87330,162325
170925,6645
170925,6658
121887,46418
60587,5021
66383,5393
66383,27381
66383,70301
66383,186184
66383,110577
33097,5123
33097,3604
65919,14825
65919,28962
65919,67517
50512,192414
87074,6658
129341,6338
129341,6078
129341,510
129341,110093
129341,126714
129341,147993
289650,3369
103787,35207
77562,50241
153003,531
155034,3369
155034,6078
290717,3369
290717,16649
119769,85090
119769,53810
119769,53819
119769,131640
119769,53859
119769,142992
264041,4665
199845,228311
167290,44989
139359,4
40973,12042
40973,6338
40973,118365
40973,28548
40973,5393
40973,2517
40973,28962
40973,4412
40973,131388
40973,9951
40973,51319
40973,59000
40973,48226
40973,132827
40973,139726
40973,62001
40973,132829
40973,82741
40973,124378
40973,96291
40973,64965
40973,144338
40973,93488
40973,186184
40973,108133
40973,67504
40973,137652
40973,122529
40973,35839
40973,42909
40973,15885
40973,168935
40973,120250
40973,60845
40973,69642
40973,200332
40973,147997
40973,93171
40973,123165
40973,10381
292033,292035
129929,25661
129929,6078
129929,12751
129929,26092
129929,67382
158289,2912
292933,3369
47223,30030
293156,74938
109994,92274
109994,3604
152407,33728
152407,439
152407,146642
293802,3369
214087,43515
63483,35809
98100,201893
98100,145501
234955,3369
234955,16649
82461,38602
295227,4
295413,15885
48226,31351
48226,18057
48226,11050
48226,40973
48226,175569
48226,16091
48226,30096
48226,23979
295742,3369
295761,3369
22181,1262
295866,149268
92499,531
295958,295959
56536,27357
56536,122711
296119,296120
148232,8755
118970,4
118970,167306
47619,4
9208,38937
9208,3604
9208,9231
9208,71430
297081,3369
91992,78347
91992,28254
79460,209567
76132,19048
76132,15508
76132,12751
93480,214025
93480,182497
93480,189779
93480,93488
130621,93252
130621,6658
130621,9231
59072,78406
118574,4
118574,4412
118574,53718
102661,67062
112862,2374
112862,78328
112862,138663
74745,210119
299557,94880
2173,4310
2173,5123
2173,26092
89805,4
89805,439
89805,56426
89805,3604
89805,13123
89805,51241
89805,12751
89805,13808
89805,26092
89805,64911
89805,67382
93274,6645
93274,6658
93274,73365
93274,130621
93274,6669
93274,6672
93274,271995
93274,160038
93274,93279
93274,93293
93274,6692
93274,39089
93274,93308
93274,6701
93274,93321
93274,160055
93274,93337
73442,4412
300580,3369
6669,6645
6669,6658
6669,130621
6669,73367
6669,130622
6669,6672
6669,6677
6669,93279
6669,93293
6669,6692
6669,39089
6669,93308
3919,23610
3919,23616
3919,1160
3919,531
3919,195096
64367,4475
64367,3604
83119,28673
302219,531
302527,286030
132827,4412
132827,9951
132827,16649
132827,59000
132827,40973
132827,132829
132827,124378
132827,42831
132827,64965
132827,144338
132827,108133
132827,35839
132827,168935
132827,69642
132827,143554
132827,123165
132827,10381
132827,81674
245607,3369
245607,92037
245607,16649
121586,3604
121586,12751
121586,39889
121586,64911
121586,84647
215859,16649
197024,303664
233730,4
303711,3369
73367,93252
73367,6645
73367,6658
73367,69269
73367,130621
73367,6669
73367,130622
73367,6672
73367,6677
73367,93279
73367,93293
73367,9231
73367,6692
73367,39089
73367,93308
73367,6701
73367,93321
73367,95848
73367,93337
304001,3369
50241,439
50241,50218
50241,16801
50241,92274
50241,3604
50241,43716
50241,13790
50241,13123
50241,39885
50241,12751
50241,13808
50241,247125
50241,134333
50241,22240
144247,60857
134290,60201
108801,17520
304552,3369
51241,107743
51241,35809
51241,27252
51241,73709
51241,13123
51241,89805
51241,12751
51241,13808
65851,3369
305110,3369
78406,59072
139726,2517
139726,4412
139726,40973
139726,64965
139726,35839
139726,84112
306029,3369
62001,5393
62001,28383
62001,40973
162721,142835
162721,53819
162721,131640
28254,78347
126714,129341
126714,17172
126714,40581
308370,3369
308370,175569
35249,8755
198907,3369
2912,158289
162863,12751
162863,67382
215171,510
309469,24919
309547,3604
309547,10053
130622,6645
130622,6658
130622,6669
130622,73367
130622,6672
130622,93293
130622,6692
130622,39089
130622,93308
130622,93317
130622,109391
130622,93339
130622,10381
187228,24919
310040,213897
289536,4
289536,3369
310788,3369
164745,14825
73034,99919
62564,8755
62564,163684
132829,6982
132829,2517
132829,4412
132829,3604
132829,131388
132829,9951
132829,51319
132829,13123
132829,59000
132829,40973
132829,132827
132829,65851
132829,110388
132829,54755
132829,96291
132829,64965
132829,144338
132829,35839
132829,42909
132829,37001
132829,15885
132829,143554
311589,3369
165992,3369
311706,3369
7185,38602
113078,76165
82741,131388
82741,9951
82741,51319
82741,59000
82741,107693
82741,40973
82741,147993
82741,124378
82741,64965
82741,124379
82741,35839
82741,42909
82741,69642
82741,93171
82741,10381
82741,81674
147993,131388
147993,93106
147993,9951
147993,129341
147993,82741
147993,64965
147993,122529
147993,168935
147993,69642
147993,93171
147993,81674
177943,194408
177943,130153
312498,3369
121932,154573
121932,6645
121932,47498
121932,9208
121932,93293
121932,9229
6672,6645
6672,6658
6672,6677
210100,510
294956,3369
39885,47460
39885,16801
39885,92274
39885,104541
39885,12751
39885,13808
39885,110170
39885,39889
39885,103447
39885,23214
39885,84647
39885,67382
39885,124398
313247,3369
85090,531
85090,119769
85090,143211
110388,132829
36474,3604
36474,1805
36474,36810
49217,176859
255850,88078
140109,55976
140109,4665
140109,1551
140109,5123
214857,24890
124086,95235
99919,73034
99919,130757
52293,29648
52293,12891
52293,10091
52293,10179
271995,93274
271995,6672
271995,9231
315864,3369
93481,23910
93481,189779
93481,93488
160038,6645
160038,6658
160038,93269
160038,73365
160038,93274
160038,6669
160038,73367
160038,6677
160038,6692
160038,39089
160038,93308
160038,93314
160038,6701
160038,165978
160038,6708
160038,143977
126878,4665
126878,531
133812,170925
133812,9208
186091,6053
186091,27676
317218,4
317429,64911
6677,6645
6677,6658
6677,6672
6677,39089
93279,93252
93279,6658
93279,73365
93279,93274
93279,6669
93279,73367
93279,6677
93279,93293
93279,39089
93279,93314
93279,6701
38517,35184
38517,317866
89807,47460
89807,16801
89807,92274
89807,6078
89807,11876
89807,3604
89807,13123
89807,109994
89807,12751
89807,13808
89807,10053
89807,16091
89807,67371
89807,64911
89807,103447
89807,53967
89807,51177
89807,100127
89807,10335
89807,67382
297624,3369
297624,53967
147036,6078
136907,1262
136907,510
136907,531
318635,318636
12751,439
12751,47460
12751,103759
12751,27484
12751,50910
12751,13790
12751,13123
12751,89805
12751,51241
12751,39885
12751,13808
12751,18506
12751,39889
12751,64911
12751,30097
12751,24215
12751,67382
12751,124398
319006,3369
4804,531
80952,4
80952,154573
80952,6645
80952,6658
80952,47499
80952,3066
80952,73365
80952,9208
80952,6669
80952,73367
80952,6672
80952,160038
80952,93279
80952,9231
80952,6692
80952,39089
80952,93308
80952,6701
80952,6708
134107,35809
235712,3369
235712,16649
105041,7684
319162,3369
319162,16649
185595,64528
185595,4475
13808,439
13808,92274
13808,11876
13808,3604
13808,26398
13808,23200
13808,13123
13808,39885
13808,12751
13808,39889
13808,64911
13808,53967
13808,67382
183976,167290
183976,4394
320089,4665
320089,5123
250393,3369
195517,174678
195517,195518
195517,320256
301422,4
41051,80592
41051,16649
29012,10179
29012,67504
29012,57367
321079,3369
321079,16649
245308,3369
245308,16649
18506,6982
18506,50910
18506,13123
18506,12751
18506,46056
18506,23976
18506,57648
18506,37001
18506,25284
18506,24215
18506,67382
77457,10945
91965,44799
91965,51166
91965,18057
91965,18506
91965,26092
65223,14570
10053,126571
175569,48226
175569,308370
138830,188408
106741,531
169664,4
169664,4665
169664,439
169664,50219
169664,20358
169664,185374
169664,23200
169664,1805
163149,4665
163149,26398
178634,67062
236423,4
324358,3369
196491,1400
271518,3369
271518,50434
159620,5123
159620,13790
159620,12751
159620,26092
235399,5192
235399,35184
113135,94062
325915,325916
326051,116323
56543,18057
70889,531
223789,213163
303664,3369
303664,16649
303664,197024
118274,71485
118274,13808
64723,8755
64723,33356
88963,4665
220796,26072
36521,11256
36521,29648
36521,11050
36521,54755
164151,9951
164151,179254
70111,18057
214507,3369
88838,92274
88838,3604
88838,12751
88838,39889
88838,64911
88838,103447
88838,84647
88838,67382
328660,3369
23910,93481
98453,6982
98453,5087
98453,4665
98453,50219
98453,5123
98453,25907
98453,27484
98453,26072
98453,3604
98453,50910
98453,12751
98453,13808
98453,18506
98453,26092
98453,39889
98453,100127
110170,39885
110170,12751
110170,39889
16091,17183
153793,158097
43996,4
43996,8755
43996,11978
294403,147510
294403,190062
3636,26398
329815,3369
26092,53575
26092,4665
26092,5114
26092,25907
26092,27484
26092,51166
26092,26398
26092,73709
26092,73710
26092,46733
26092,38602
26092,39889
100316,64729
56132,4
56132,105407
56132,44524
279207,3369
279207,330171
46418,78328
46418,145108
330384,3604
170661,175911
170661,3604
170661,75409
170661,53967
170661,84647
330639,3369
330639,16649
96734,92037
331228,46418
106666,4
106666,1118
106666,89619
106666,3369
331456,3369
331689,531
59356,265408
142125,152095
331965,331967
332563,48768
74765,73709
74765,12751
74765,26092
8966,33833
8966,4665
8966,50219
8966,20488
8966,5123
8966,16970
8966,92274
8966,25907
8966,28390
8966,11876
8966,39124
8966,6835
8966,51166
8966,26398
8966,73710
8966,2173
8966,121586
8966,12751
8966,13808
8966,26092
8966,106570
8966,103447
8966,51177
8966,23214
333584,3369
63486,53478
63486,63480
104571,33833
104571,13968
104571,28390
104571,3604
104571,115038
104571,13790
104571,50231
104571,104567
104571,16304
104571,16649
104571,22240
104571,50295
104571,101109
149268,295866
149268,59343
149268,147510
243282,122087
243282,319542
333973,3369
21006,24821
21006,116633
21006,60049
21006,95235
35184,6982
35184,72252
35184,1805
35184,38517
35184,98311
35184,23979
35184,193112
64413,138666
13815,11992
93293,6645
93293,6658
93293,6669
93293,73367
93293,130622
93293,121932
93293,6672
93293,6677
93293,93279
93293,6692
93293,39089
93293,93308
93293,6701
93293,93321
93293,93337
67371,47460
67371,16770
67371,3604
67371,89807
67371,12751
67371,103447
67371,67382
93294,6672
93294,6677
11223,28673
335209,3369
18895,111627
18895,11135
37694,22566
37694,37657
37694,5393
37694,12751
254611,9231
254611,6704
254611,93336
53281,8702
9229,47498
9229,121932
115567,8702
6053,3604
6053,27676
124378,4412
124378,59000
124378,40973
124378,132827
124378,82741
124378,64965
124378,144338
124378,108133
124378,35839
124378,42909
124378,80101
124378,69642
124378,123165
124378,81674
47517,47499
47517,9208
47517,47519
47517,9231
336508,4
77058,76165
250626,3369
315855,3369
298237,3369
298237,16649
162952,21782
43597,77138
43597,20327
336911,3369
30030,4
30030,9351
30030,47223
30030,337321
30030,205159
182497,214025
182497,81699
182497,93480
182497,189779
182497,93488
117033,125436
337809,4
279602,260997
305128,12751
133111,26417
133111,3369
133111,175719
138591,50218
138591,56426
138591,86903
138591,39124
138591,3604
138591,50241
219007,531
256772,50434
339286,3604
42831,5393
42831,171050
42831,81602
42831,115038
42831,2733
42831,1805
42831,126658
42831,132827
42831,206392
42831,58294
42831,122529
42831,228311
273752,3369
19295,6078
118514,118513
260375,288408
108653,6078
108653,48768
213792,16801
213792,3604
213792,39885
243349,3369
209567,79460
341298,3369
142862,53800
124110,8755
342129,26486
342129,3369
155398,3369
155398,16649
342449,3369
123982,18906
343014,3369
343201,100414
135427,74938
274649,3369
48985,4
162085,100414
10091,531
10091,52293
164116,1551
164116,12510
344287,4
344287,26054
8497,23120
319542,253094
319542,344524
143517,3604
9231,9208
113319,152985
25183,4
25183,510
179882,531
77616,18665
345303,300983
171145,18626
171145,28673
97881,3604
148237,56426
148237,64987
148237,39124
148237,3604
148237,64729
148237,31850
148237,132125
152400,197923
152400,3369
39889,47460
39889,3604
39889,13123
39889,39885
39889,12751
39889,13808
39889,23214
39889,67382
346096,3369
346096,16649
109113,510
109113,28539
269512,81241
11516,95455
11516,5192
11516,138665
38204,21565
347428,3369
271643,4665
64606,27252
17183,16091
51992,531
64998,56426
64998,38819
211640,77846
348573,3369
240896,48768
216374,541
216374,92037
216374,80888
216374,10284
111592,14570
111592,52210
111592,263870
65032,23116
65032,12641
65032,8497
350200,4
350200,28254
279316,13808
128270,76165
77138,22814
77138,87330
77138,43597
77138,20327
33356,64723
351217,3369
243571,8702
122729,3369
210119,3369
210119,74745
351608,38602
149403,76165
242724,3369
145408,99919
145408,76165
202479,202476
182906,39124
182906,64911
182906,116323
5157,4665
352384,3369
350824,3369
156007,3369
156007,77602
272693,3604
272693,26398
272693,13123
272693,40973
53302,8755
53302,87987
353475,3369
353475,16649
35015,14570
111181,21782
111181,43322
329291,4
329291,23214
329291,124398
353996,152985
354906,3369
206392,42831
271112,4
298559,12751
228656,3369
129505,26092
129505,35839
6692,93252
6692,6645
6692,73365
6692,170925
6692,93274
6692,6669
6692,73367
6692,130622
6692,6672
6692,160038
6692,6677
6692,93279
6692,93293
6692,93308
6692,6701
6692,93321
6692,95848
6692,93337
327431,67062
54755,97293
54755,11050
54755,60857
54755,132829
54755,36521
54755,95660
54755,193112
54755,143912
54755,122190
264063,9288
356177,3369
167306,118970
204518,73365
204518,6692
204518,109391
318636,318635
295584,59343
301695,3369
301695,16649
356803,3369
95829,45431
357796,510
357827,3369
72135,20849
253094,319542
253094,344524
46056,6078
46056,27252
46056,18506
46056,50962
46056,126814
92688,39885
92688,64911
92688,103447
92688,175065
92688,100127
92688,346255
92688,132857
92688,84647
141204,3369
352997,3369
143211,85090
143211,53787
143211,53800
143211,53859
359120,531
96291,3369
96291,37265
96291,131388
96291,9951
96291,51319
96291,59000
96291,40973
96291,132829
96291,64965
96291,34790
96291,124379
96291,179622
96291,122529
96291,35839
96291,42909
96291,15885
96291,168935
96291,93171
96291,123165
61732,73813
77464,10945
77464,23616
359385,3369
43322,21782
63090,3369
360025,3369
50266,26092
50266,64911
166454,1711
166454,5192
166454,3369
166454,541
166454,106209
166454,176859
166454,126479
100414,9288
100414,343201
100414,162085
105834,531
81105,10269
279985,3604
279985,10053
50952,6982
50952,16091
195999,3369
21804,4
207261,3369
199693,6645
199693,6658
199693,6669
199693,6672
199693,6677
199693,6692
199693,39089
199693,6701
59173,128811
95644,36521
95644,16016
95644,24215
167769,12751
167769,30437
167769,80101
361932,510
193604,3369
300607,250519
300607,48768
362218,3369
84752,439
84752,3604
84752,26398
362314,3369
362327,3369
362624,3369
12692,3369
12692,16649
12692,130712
322465,12641
60049,56426
60049,14570
60049,64987
60049,116633
60049,21006
60049,95235
118927,3369
118927,62877
286030,302527
363009,3369
229083,6677
158584,104889
39089,6645
39089,6658
39089,73365
39089,93274
39089,73367
39089,130622
39089,160038
39089,6677
39089,93279
39089,93314
39089,93317
39089,199695
190295,3369
190295,16649
73591,3369
73591,16649
124342,4
64965,40973
365054,12641
365054,23120
365054,8497
82689,82686
93308,6645
93308,73365
93308,93274
93308,6669
93308,73367
93308,130622
93308,160038
93308,80952
93308,93293
93308,6692
93308,6701
93308,93317
93308,93321
93308,95848
93308,93337
93308,6708
167739,3369
167739,16649
365400,3369
28866,12879
28866,28962
28866,120327
34790,2517
34790,59000
34790,96291
34790,64965
34790,120250
76165,87449
177672,23116
177672,12641
177672,65032
44415,6053
366196,50434
70654,56426
125419,125427
125419,290304
126231,531
144499,26486
144499,47321
144499,2173
138089,4
138089,92037
138089,9208
122663,116940
122663,97979
122663,108920
341901,100414
106209,5087
106209,4665
106209,5123
106209,27484
106209,3604
106209,149691
106209,13808
106209,26092
106209,166454
106209,103447
106209,175065
106209,109246
106209,71430
106209,75470
106209,100127
314449,23713
190296,3369
190296,190284
190296,16649
367674,367675
342442,3369
367706,3369
59343,3604
59343,149268
59343,250401
59343,295584
59343,147510
59343,175283
229624,3369
191510,4
191510,531
191510,1805
191510,16649
208997,121586
282758,3604
282758,44086
368666,3369
64911,4665
64911,439
64911,86903
64911,28951
64911,16801
64911,5123
64911,27983
64911,92274
64911,11876
64911,3604
64911,26398
64911,44933
64911,89805
64911,121586
64911,39885
64911,89807
64911,12751
64911,13808
64911,88838
64911,39889
64911,50266
64911,76165
64911,103447
64911,53967
64911,42179
64911,42180
64911,116323
64911,84647
64911,67382
368867,510
368929,22313
368929,94880
69034,3369
190887,3369
190887,16649
369576,8755
97979,122663
97979,208641
43352,3604
370500,3369
229691,28993
229691,10179
204290,3369
204290,198531
67062,125640
67062,3369
204230,3369
371197,510
57721,786
173406,3369
173406,187094
173406,16649
10168,28962
10168,10091
10168,10273
10168,67515
10168,75470
10168,67517
152985,140157
152985,113319
152985,353996
371590,4
371881,4
371881,58488
371956,3369
371975,3369
372075,510
144338,2517
144338,4412
144338,51319
144338,59000
144338,40973
144338,132827
144338,132829
144338,124378
144338,200332
144338,93171
144338,81674
236113,3369
236113,83479
236113,9351
372884,3369
54873,12891
111185,21782
111185,111181
331967,331965
95660,122190
38532,16649
79185,11256
79185,12751
373515,3369
98430,19048
98430,133854
98430,51177
339266,3369
3933,3604
106211,5087
106211,4665
28578,30351
374512,3369
195518,174678
195518,195517
195518,320256
50962,6982
50962,439
50962,26398
50962,13123
50962,12751
50962,13808
50962,39889
50962,46056
172389,23713
172389,63839
360072,80818
98639,121801
98639,57254
98639,66279
98639,93601
98639,179799
375626,3369
105170,111627
80035,3604
239074,3369
239074,16649
370624,23120
370624,8497
10179,14825
10179,28951
10179,12879
10179,29648
10179,12891
10179,43716
10179,43515
10179,52293
10179,29012
10179,229691
10179,29021
10179,67504
10179,44308
376324,3369
376344,376345
38327,3604
38327,77616
38327,51177
38327,36810
38327,86995
376822,3369
376822,16649
376903,3369
99258,3604
99258,376989
23713,50353
23713,314449
212781,258751
189779,266557
189779,93481
189779,182497
189779,93488
207707,11876
377620,531
171000,11876
147510,294403
147510,59343
92219,4
92219,50862
144339,3369
173131,3369
173131,121586
378484,3369
93314,154573
93314,73365
93314,160038
93314,93279
93314,39089
93314,6701
93314,6704
93314,93337
93314,154584
93314,224480
6701,93252
6701,6645
6701,6658
6701,73365
6701,93274
6701,73367
6701,160038
6701,93279
6701,80952
6701,6692
6701,199693
6701,93308
6701,93314
6701,93317
6701,199695
6701,93321
6701,6704
6701,180597
6701,93337
6701,154584
379254,3369
379254,16649
207722,3369
184615,364376
201893,98100
201893,145501
93317,6658
93317,130622
93317,6672
93317,39089
93317,93308
93317,6701
28539,109113
84225,29648
84225,12891
84225,10179
247581,12510
23976,6982
23976,136726
23976,13123
23976,12751
23976,18506
23976,16091
23976,37001
23976,23979
119553,20358
381032,3369
106570,3604
103550,4665
202480,202476
202480,202482
213519,213518
213519,279983
58939,8794
58939,39124
58939,45463
29021,28951
29021,12879
29021,29648
29021,12891
29021,29012
29021,10179
29021,95697
29021,67517
109391,6658
109391,130622
149737,83479
149737,9351
149737,24919
73725,439
73725,28673
375587,3369
66002,142002
272656,531
80818,120131
80818,57254
80818,360072
80818,198347
80818,243025
80818,344255
128871,2517
128871,3369
128871,110093
368430,3604
114104,5123
114104,3604
113395,53478
113395,113400
217322,47499
217322,93337
124379,96291
124379,100414
124379,194069
145501,98100
145501,201893
383474,3369
314759,16649
287057,71485
190062,294403
16016,6078
16016,28673
16016,27252
16016,106748
16016,145918
16016,24215
175719,3369
175719,133111
53787,53718
53787,143211
53787,53800
53787,131640
367675,3369
367675,367674
384164,12641
384164,23120
330171,279207
384806,3369
284994,531
80888,5192
80888,541
80888,216374
80888,132596
126458,13808
126458,22240
384946,3369
106748,16016
106748,24215
93488,2517
93488,40973
93488,93480
93488,93481
93488,182497
93488,189779
93488,67504
71909,43055
71909,43056
88491,3369
208641,14570
342910,208328
65159,39124
65159,64911
65159,116323
209611,10053
385820,3369
199226,200645
143528,3604
353830,3369
355203,3369
199695,93252
199695,6645
199695,6658
199695,3066
199695,93269
199695,93274
199695,6669
199695,130622
199695,6672
199695,6677
199695,6692
199695,39089
199695,6701
386972,3369
98311,35184
329378,71485
214042,3369
354323,78347
354323,28254
134554,5393
134554,531
134554,33946
70301,11256
70301,5393
70301,66383
70301,40973
70301,185735
70301,186184
70301,122529
70301,120250
70301,207711
291044,3369
387719,3369
387811,3369
369148,59343
387837,3369
387837,16649
244191,3369
77864,4
77864,5087
77864,4665
77864,439
77864,26398
77864,13123
77864,6053
77864,27676
77864,22240
14333,531
388222,388223
388352,3369
388352,16649
152912,305865
223917,5192
223917,3369
179322,87770
179322,3369
337963,182906
388770,3369
93321,93252
93321,6645
93321,6658
93321,93269
93321,73367
93321,6672
93321,6677
93321,93279
93321,93293
93321,39089
93321,93308
93321,6701
208716,8755
62576,8755
234621,116633
234621,63279
61740,8755
61740,20358
61740,1805
61740,59356
61740,61732
238481,3369
238481,182979
125427,125419
389738,4
334723,12891
334723,3369
334723,16649
202482,202476
202482,202480
179622,24658
179622,2517
179622,4412
179622,3369
179622,26629
179622,16649
179622,96291
179622,42909
179622,93171
130712,27381
390202,3369
390238,3369
101906,4
76471,531
24299,6078
122756,2733
133067,4
133067,40581
213897,310040
213897,67062
175283,59343
200371,3369
64729,8702
64729,56426
64729,14570
64729,64987
64729,39124
64729,13808
64729,148237
258751,212781
392032,3369
379012,3369
120327,28866
120327,54873
120327,10273
120327,75467
120327,75470
256774,159983
80281,142826
80281,53800
80281,53819
264232,3369
264232,16649
53800,142826
53800,142862
53800,143211
53800,53787
53800,80281
53800,131640
53800,53859
393040,3369
61742,8755
27676,6053
103447,53575
103447,28951
103447,16801
103447,92274
103447,11876
103447,3604
103447,219490
103447,121586
103447,39885
103447,89807
103447,12751
103447,13808
103447,88838
103447,8966
103447,67371
103447,39889
103447,92688
103447,64911
103447,27676
103447,315402
103447,100127
103447,84647
103447,67382
103447,206362
93601,66279
93601,98639
317866,38517
102406,14570
393710,3369
393956,52361
277321,3369
277321,16649
394139,3369
394139,16649
196162,190847
151979,30539
151979,13013
394570,3369
134352,18906
360557,12751
95697,29021
95697,115818
143654,510
395194,3369
209474,4
355693,16649
175065,26092
175065,92688
175065,106209
175065,106217
395390,6053
40581,25661
40581,160633
40581,126714
40581,16091
40581,133067
40581,15885
40581,179254
173412,3369
395476,3369
186184,118365
186184,9951
186184,66383
186184,40973
186184,70301
306171,3369
395980,3369
395786,3369
108133,93106
108133,9951
108133,51319
108133,59000
108133,40973
108133,132827
108133,124378
108133,60845
108133,143546
108133,93171
108133,143554
396290,3369
396290,50434
396362,3369
62353,37308
62353,46733
62353,38602
62353,22814
181800,531
396654,3369
396654,16649
396685,3369
239203,531
109246,4665
109246,5114
109246,25907
109246,3604
109246,12751
109246,13808
109246,26092
109246,106209
109246,75470
109246,93171
397066,3369
10241,14825
10241,12879
10241,28962
10241,12891
10241,10179
10241,10273
10241,67517
67504,6338
67504,29648
67504,4412
67504,12891
67504,11876
67504,3604
67504,531
67504,213163
67504,13123
67504,65919
67504,12751
67504,29012
67504,88838
67504,18895
67504,64965
67504,58294
67504,10168
67504,10179
67504,23976
67504,93488
67504,67503
67504,10273
67504,67517
217948,3369
115966,37983
191445,3369
149467,12751
149467,39889
99393,4
99393,439
137652,3604
137652,2173
397380,3369
397380,16649
379840,3369
105544,12751
105544,105545
397486,3369
337624,3369
337624,16649
397799,531
398071,208641
398291,3369
398361,3369
398391,3369
398652,3369
31850,8755
31850,56426
31850,86903
31850,39124
31850,64729
43712,134290
43712,398971
166945,28383
166945,510
33142,531
33142,11516
53967,3604
53967,26398
53967,13808
53967,67382
29559,4
29559,36950
29559,2325
29559,208997
26251,26238
30096,6078
30096,27252
30096,48226
30096,16091
140089,22502
140089,13013
399551,3369
399551,16649
207121,11876
208472,50434
110463,56426
110463,16528
110463,39124
400242,3369
171763,16016
171763,236064
400258,4
400258,3369
342980,3369
400283,3369
112018,31850
86271,344380
142623,30539
132125,56426
132125,24821
132125,64987
132125,39124
132125,148237
298696,393373
65253,116633
73813,64987
73813,65474
73813,256016
73813,61732
134333,3604
76940,4665
76940,27484
76940,10179
45463,58939
45463,184039
173138,224480
173138,378555
176859,49217
176859,129505
176859,166454
176859,58294
279983,213519
151054,531
220954,26072
220954,3604
312363,4
221069,48768
95037,57977
168283,531
6704,154573
6704,6645
6704,6658
6704,93269
6704,198128
6704,73365
6704,9208
6704,93274
6704,6669
6704,73367
6704,130622
6704,6672
6704,271995
6704,6677
6704,93293
6704,254611
6704,6692
6704,39089
6704,93314
6704,6701
6704,93317
6704,109391
6704,93336
6704,93337
6704,6708
6704,154584
401841,3369
401841,16649
109648,3604
109648,73034
109648,64911
109648,87449
122529,11256
122529,6338
122529,5393
122529,59000
122529,40973
122529,147993
122529,42831
122529,96291
122529,70301
53810,119769
53810,53859
53810,228557
243643,3369
243643,92037
71430,9208
71430,12751
71430,106209
71430,143977
402673,3369
145918,16016
145918,171763
145918,4394
57648,439
57648,16578
57648,50910
57648,13123
57648,18506
57648,130757
402999,3604
402196,3369
20327,43597
20327,77138
126571,10053
126571,182043
403358,510
320256,195517
320256,195518
320256,195520
94880,3369
94880,22313
403726,3369
35839,11256
35839,2517
35839,28962
35839,4412
35839,3369
35839,13790
35839,9951
35839,51319
35839,59000
35839,40973
35839,132827
35839,139726
35839,132829
35839,82741
35839,124378
35839,129505
35839,96291
35839,64965
35839,23976
35839,42909
35839,93171
35839,123165
35839,81674
403936,3369
213592,76165
403954,3604
403954,23214
403954,67382
403954,124398
36914,19860
404017,3369
110577,6338
110577,66383
240547,3369
95848,6645
95848,6658
95848,73365
95848,93274
95848,6669
95848,73367
95848,6677
95848,93279
95848,93293
95848,6692
95848,39089
95848,93308
95848,93314
95848,6701
95848,93337
95848,6708
141756,3369
404613,404614
132847,3369
132847,16649
158955,192086
158955,404928
180597,6658
180597,47499
180597,73365
180597,47517
180597,6701
405018,3369
214046,4475
344524,319542
344524,253094
240922,48768
107442,61293
107442,83970
274266,108920
42850,5087
42850,4665
42850,439
42850,5123
42850,3604
42850,26398
42850,12751
42850,13808
42850,26092
42850,53967
130733,6338
126814,6982
126814,439
126814,13123
126814,13808
126814,46056
396668,396669
396669,396668
42909,2517
42909,4412
42909,131388
42909,77700
42909,51319
42909,59000
42909,40973
42909,132829
42909,82741
42909,124378
42909,96291
42909,64965
42909,179622
42909,35839
405749,3369
405808,67062
383308,3369
383308,16649
406033,3369
252733,510
97227,64729
406349,3369
406373,3369
406373,16649
107585,30539
107585,108383
51177,439
51177,5123
51177,11876
51177,13790
51177,13123
51177,13808
51177,100127
406739,3369
406739,22313
406739,94880
145888,7801
145888,43515
145888,135555
164139,3369
42179,12751
42179,64911
42179,42180
42179,84647
248899,3369
318634,3369
80101,118365
80101,4665
80101,439
80101,5123
80101,92274
80101,28390
80101,11876
80101,3604
80101,26398
80101,2173
80101,12751
80101,13808
80101,124378
80101,167769
80101,103447
80101,207711
80101,67382
146642,33728
146642,152407
165978,6645
165978,6658
165978,160038
165978,6708
37001,26072
37001,18506
37001,23976
52936,44933
52936,13808
52936,42179
52936,42180
15885,151159
10273,122087
10273,5192
10273,12891
10273,10168
10273,120327
10273,10241
10273,67504
10273,44308
10273,67517
408157,531
408212,3369
408238,3369
179254,164151
179254,228656
53819,119769
53819,162721
53819,80281
53819,53859
272349,3369
272349,272348
408440,3369
405864,408507
408509,94880
81241,269512
357511,3369
357511,35839
400736,3369
118814,531
343984,116686
109527,16801
109527,28390
109527,3604
109527,12751
109527,13808
109527,26092
109527,67382
113400,8702
113400,113395
376345,376344
198347,80818
44308,29648
44308,28962
44308,26629
44308,65774
44308,10179
44308,10273
44308,67517
122106,122087
23979,6982
23979,139112
23979,107743
23979,16578
23979,48226
23979,38517
23979,18506
23979,16091
23979,35184
23979,23976
23979,37001
23979,10335
102461,95235
410700,3369
410700,16649
388223,388222
410877,3369
410877,16649
193679,3369
390215,3369
95728,1805
95728,95660
404614,404613
411422,3369
411443,3369
131640,142835
131640,53718
131640,119769
131640,162721
131640,53787
131640,53800
131640,53859
411554,3369
191607,38602
191607,87330
191607,166174
277858,16649
168935,2517
168935,6078
168935,93106
168935,9951
168935,59000
168935,40973
168935,132827
168935,147993
168935,96291
184805,4
184805,4665
184805,27484
184805,3604
184805,12751
184805,13808
412042,3369
194069,124379
244043,36810
46996,38819
38819,33833
38819,50218
38819,50231
38819,46996
30097,12751
398971,43712
36810,18665
36810,138173
36810,38327
36810,93171
367713,3369
408507,405864
10284,3369
10284,5021
10284,32641
10284,541
10284,77700
10284,33946
10284,216374
10284,80888
10284,120250
10284,25018
413505,3369
365518,3369
365518,365519
141253,17244
413922,50434
64375,13808
414073,3369
341261,14570
95235,60049
67515,28962
67515,10168
67515,67517
414756,3369
298623,3369
160055,20358
160055,154584
160055,11962
415002,67062
415261,3369
415261,16649
67868,75467
75467,120327
75467,67868
138663,5021
138663,78328
138663,112862
138663,11516
138663,15885
138663,138666
135265,120250
173415,3369
23214,39889
105545,13790
105545,105544
116686,14570
116686,343984
81933,76920
81933,110093
296120,296119
416098,3604
195096,3919
416416,3369
416515,53967
416526,3369
416526,16649
258317,242386
258317,258313
416761,3369
416773,3369
193112,35184
193112,10335
193112,10343
410627,16649
195520,174678
195520,320256
417244,417245
17283,147228
162386,126500
417826,3369
417826,16649
417843,3369
177265,27381
177265,99707
177265,205159
410906,3369
410906,16649
120250,5087
120250,170702
120250,40973
120250,10053
120250,34790
120250,70301
120250,10284
120250,135265
418178,3369
418178,16649
166174,219490
166174,39885
418633,3369
401410,3369
401410,16649
419014,3369
93336,154573
93336,6645
93336,160038
93336,254611
93336,6704
93336,224480
419047,4412
419047,3369
313283,510
57367,28962
57367,12891
57367,29012
57367,10179
419191,3369
419211,3369
116284,56426
292721,260323
102477,16528
102477,39124
63839,172389
63839,75689
106217,5087
106217,175065
151159,15885
337558,531
132478,4
93337,6645
93337,6658
93337,93269
93337,93274
93337,73367
93337,6672
93337,93279
93337,6692
93337,39089
93337,93308
93337,93314
93337,6701
93337,93321
93337,6708
93337,224480
75470,4665
75470,5123
75470,29648
75470,11876
75470,73710
75470,26092
75470,106209
75470,10168
75470,109246
75470,15885
295959,295958
42180,12751
42180,64911
42180,42179
42180,52936
42180,84647
126099,16431
126099,531
6708,165791
6708,6645
6708,93274
6708,73367
6708,6672
6708,160038
6708,6692
6708,39089
6708,93308
6708,6704
6708,95848
6708,165978
6708,93337
397128,3369
397128,216365
22240,439
22240,50114
22240,115038
22240,104567
22240,187918
22240,13123
22240,13808
22240,104571
22240,126458
126479,97560
420683,3369
4394,26417
4394,16970
4394,158097
81666,32641
420960,3369
315402,39889
159116,95235
159116,82679
279049,8755
185993,3369
185993,16649
421370,3369
74376,25907
74376,46733
74376,26092
260323,292721
307383,783
67517,28962
67517,12891
67517,73710
67517,13123
67517,65919
67517,2173
67517,10168
67517,29021
67517,67503
67517,10241
67517,67504
67517,10273
67517,44308
67517,67515
67517,108920
67517,25284
67517,182254
221430,4
143912,6669
143912,6677
143912,93317
143912,16022
421605,3369
421605,16649
421605,385188
421819,3369
313724,3369
313724,16649
422010,531
60845,4
60845,2517
60845,64965
60845,123165
200711,3369
200711,273816
305865,152912
350621,3369
422355,3369
422355,16649
422561,3369
125393,3369
125393,343164
422689,43515
378115,137174
284882,8497
33360,8702
393373,14570
393373,298696
31436,4519
84112,4412
154584,93252
154584,154573
154584,47499
154584,73365
154584,93314
154584,6701
154584,6704
154584,160055
115818,43515
216483,44726
365162,3369
365162,250519
423818,3369
423981,3369
423981,531
424033,3369
208328,39124
208328,182906
208328,342910
208328,404617
54312,1912
175804,15885
175804,135555
424443,3369
424465,3369
125436,47517
125436,117033
164503,113232
164503,137490
424861,3369
424861,16649
285913,285914
404617,208328
425124,3369
243025,80818
235296,3369
43332,4
43332,5157
43332,100127
425343,3604
425343,67382
37240,4
145108,46418
425467,22313
425467,94880
70057,4475
70057,58294
344380,12751
344380,86271
236064,171763
314127,306807
93339,77700
93339,130622
75689,4
75689,63839
426280,3369
50295,33833
50295,50218
50295,50231
50295,104571
50295,38819
332827,12510
57434,118513
5506,3604
426786,67062
100127,89807
100127,98453
100127,51177
100127,207711
427168,3369
427276,3369
389890,3369
389890,12751
389890,67382
367874,3369
175035,3369
11962,92037
11962,122529
11962,160055
428416,3369
428545,3604
428614,3369
111730,3604
257364,4665
257364,3369
257364,3604
257364,16649
63144,49184
429140,3369
417245,48768
417245,417244
288408,260375
223125,3604
223125,13808
223125,84647
223125,67382
354470,5123
354470,26092
184039,45463
294416,59343
429523,3369
429523,16649
53859,142826
53859,142835
53859,119769
53859,143211
53859,53800
53859,53810
53859,53819
53859,131640
82679,159116
10335,11029
10335,31351
10335,27252
10335,26629
10335,38517
10335,89807
10335,16091
10335,58294
10335,23979
10335,160055
10335,193112
10335,122190
162569,128344
143546,59000
143546,108133
143546,147997
143546,123165
137490,164503
385188,3369
385188,16649
385188,421605
430142,3369
370877,3369
370877,16649
420798,81699
159332,531
335810,14570
365519,3369
365519,365518
430894,3369
106221,5087
106221,4665
106221,5123
106221,3604
106221,2173
106221,26092
106221,50266
107353,130535
94269,233404
81405,4665
81405,12641
81405,5114
81405,5123
81405,14170
81405,7801
81405,3604
81405,13123
81405,2173
81405,13808
81405,106570
346255,51166
346255,26092
346255,92688
346255,67382
132857,92688
132857,64911
132857,84647
124454,12510
69642,2517
69642,4412
69642,93106
69642,9951
69642,51319
69642,40973
69642,132827
69642,82741
69642,124378
69642,122529
69642,84112
69642,123165
69642,81674
432242,14570
10343,89807
10343,10053
10343,36810
10343,193112
10343,10335
432438,3369
432622,59343
432658,3369
77999,12510
23243,12510
234508,3369
138665,46418
433144,3604
226555,50434
344255,80818
433329,3369
133571,12751
384944,3369
433476,433477
433476,211431
16309,30539
173422,3369
173422,16649
173422,190296
207711,11876
207711,70301
207711,80101
207711,100127
25284,26398
25284,9951
25284,18506
25284,10091
25284,67517
195541,3369
195541,12751
195541,26092
200332,40973
200332,144247
200332,144338
372698,510
130757,439
130757,26398
130757,99919
130757,13808
130757,57648
434675,510
147997,9951
147997,40973
147997,35839
147997,143546
147997,123165
434877,3369
303035,3369
93620,16649
271257,51166
405863,357068
405863,435071
433378,433379
205159,30030
205159,177265
435205,3369
138666,2374
138666,5021
138666,11516
138666,138663
435474,3604
346234,56426
224480,73365
224480,93314
224480,93337
130761,11876
130761,44933
130761,212560
130761,51177
435947,3369
275382,5123
275382,171071
122190,16091
122190,10335
436484,3369
436552,3369
263870,111592
310224,122663
190316,3369
190316,510
190316,16649
158097,153793
158097,4394
436941,3369
437050,3369
437149,3369
437149,16649
232981,5123
232981,3604
232981,13123
232981,12751
232981,13808
232981,26092
125077,5123
178337,3604
437786,226803
438160,4
285914,285913
285914,228311
190847,196162
431919,3369
438386,3369
379331,4
379331,11050
379331,13808
93171,11256
93171,6338
93171,2517
93171,26417
93171,28962
93171,3604
93171,9951
93171,35170
93171,44933
93171,59000
93171,40973
93171,82741
93171,147993
93171,96291
93171,64965
93171,144338
93171,179622
93171,108133
93171,109246
93171,35839
93171,36810
93171,69642
116323,92274
116323,39124
116323,326051
116323,182906
116323,64911
438896,3369
386384,23120
184623,122939
261145,3369
123568,145550
24215,6982
24215,41152
24215,13123
24215,12751
24215,13808
24215,16016
24215,106748
433477,433476
433477,211431
265816,265813
343164,3369
343164,125393
204111,10367
440378,3369
10367,170952
10367,204111
440430,3369
440554,3369
440554,3604
147325,247996
357068,405863
357068,435071
407383,12751
321061,3369
321061,16649
422097,4
111732,49184
276891,12751
135555,36634
135555,16970
135555,7801
135555,95586
135555,145888
135555,175804
273816,200711
24919,42335
24919,83479
24919,9351
162325,38602
162325,87330
162325,10367
162325,361614
206354,187918
206354,12751
206354,13808
437910,162541
435071,405863
435071,357068
224595,81181
441746,166629
346418,510
369633,124398
364376,184615
350137,3369
350137,16649
187903,1805
442230,3369
406603,16649
434932,3369
434932,16649
122193,159620
122193,12510
232850,3604
232850,104567
104889,158584
411878,59356
142992,119769
182254,28962
182254,12891
182254,65919
182254,29012
182254,10168
182254,10179
182254,67503
182254,67517
242840,83479
182043,68223
182043,126571
443594,3369
143554,9951
143554,59000
143554,40973
143554,132827
143554,132829
143554,64965
143554,108133
143554,81674
44726,216483
404928,158955
200968,3369
208279,20358
221339,1551
221339,3369
444369,3369
414398,4
414398,84647
444396,3369
326426,3369
326426,16649
378555,3369
378555,153793
378555,173138
444567,3369
104057,71485
445083,3369
445189,211431
445427,3369
413485,3369
228557,53800
228557,53810
325916,325915
361614,162325
208623,3369
208623,16649
152579,510
446328,154584
141367,71485
25018,5021
405484,3369
405484,16649
405484,173415
199121,9208
199121,9231
446962,3369
447008,3369
84647,4665
84647,92274
84647,11876
84647,3604
84647,121586
84647,39885
84647,12751
84647,13808
84647,88838
84647,39889
84647,64911
84647,67382
84647,124398
447036,3369
415407,192414
123165,118365
123165,2517
123165,38937
123165,3604
123165,93106
123165,9951
123165,184994
123165,59000
123165,40973
123165,132827
123165,64965
123165,143546
123165,69642
290304,125419
290304,228311
415380,3369
447580,3369
10381,4412
10381,59000
10381,40973
10381,132827
10381,82741
10381,35839
10381,11962
10381,69642
10381,123165
10381,81674
447778,3369
447852,3369
447852,16649
126500,10269
126500,162386
448155,3369
448155,16649
67382,27484
67382,12751
67382,13808
67382,39889
67382,103447
67382,124398
262501,3369
325485,202476
325485,202479
448833,67062
430600,3369
202439,3369
202439,35809
202439,277858
449315,3369
449315,16649
449417,3369
449417,16649
449554,3369
81674,2517
81674,4412
81674,9951
81674,59000
81674,40973
81674,132827
81674,82741
81674,147993
81674,124378
81674,64965
81674,144338
81674,53967
81674,69642
81674,123165
81674,10381
124398,3604
124398,12751
124398,39889
450295,3369
86995,38327
204932,138766
204932,73710
204932,106569
450774,4
233128,171691
451012,3369
228311,199845
228311,42831
228311,10269
228311,285914
228311,290304
179799,121801
179799,66279
179799,93601
216365,397128
451267,3369
451348,3369
64327,64257
49184,50218
49184,86903
49184,57977
49184,63144
49184,111732
433379,433378
196662,3369
348184,3369
171095,12751
452438,3369
452438,16649
452671,26486
65528,3369
155554,2149
453007,3369
185901,3369
185901,541
185901,100127
206362,4665
206362,13808
206362,64911
206362,103447
206362,67382
101109,26398
101109,104567
101109,104571
101109,22240
292035,292033
454065,531
454814,3369
132596,6338
132596,92221
132596,5393
132596,541
132596,80888
132596,120250
132596,11962
132596,185901
455039,3369
455039,16649
