SP_B,SP_C
1,10103
1,10104
1,10105
1,10106
1,10107
1,10108
1,10109
1,10110
1,10111
1,10112
1,10113
1,10114
1,10115
1,10116
1,10117
1,10118
1,10119
1,10120
1,10121
1,10122
1,10123
1,10124
1,10125
1,10126
1,10127
1,10128
1,10129
1,10130
1,10131
1,10132
1,10133
1,10134
1,10135
1,10136
1,10137
1,10138
1,10139
1,10140
1,10141
1,10142
1,10143
1,10144
1,10145
1,10146
1,10147
1,10148
1,10149
1,10150
1,10151
1,10152
1,10153
1,10154
1,10155
1,10156
1,10157
1,10158
1,10159
1,10160
1,10161
1,10162
1,10163
1,10164
1,10165
1,10166
1,10167
1,10168
1,10169
1,10170
1,10171
1,10172
1,10173
1,10174
1,10175
1,10176
1,10177
1,10178
1,10179
1,10180
1,10181
1,10182
1,10183
1,10184
1,10185
1,10186
1,10187
1,10188
1,10189
1,10190
1,10191
1,10192
1,10193
1,10194
1,10195
1,10196
1,10197
1,10198
1,10199
1,10200
1,10201
1,10202
1,10203
1,10204
1,10205
1,10206
1,10207
1,10208
1,10209
1,10210
1,10211
1,10212
1,10213
1,10214
1,10215
1,10216
1,10217
1,10218
1,10219
1,10220
1,10221
1,10222
1,10223
1,10224
1,10225
1,10226
1,10227
1,10228
1,10229
1,10230
1,10231
1,10232
1,10233
1,10234
1,10235
1,10236
1,10237
1,10238
1,10239
1,10240
1,10241
1,10242
1,10243
1,10244
1,10245
1,10246
1,10247
1,10248
1,10249
1,10250
1,10251
1,10252
1,10253
1,10254
1,10255
1,10256
1,10257
1,10258
1,10259
1,10260
1,10261
1,10262
1,10263
1,10264
1,10265
1,10266
1,10267
1,10268
1,10269
1,10270
1,10271
1,10272
1,10273
1,10274
1,10275
1,10276
1,10277
1,10278
1,10279
1,10280
1,10281
1,10282
1,10283
1,10284
1,10285
1,10286
1,10287
1,10288
1,10289
1,10290
1,10291
1,10292
1,10293
1,10294
1,10295
1,10296
1,10297
1,10298
1,10299
1,10300
1,10301
1,10302
1,10303
1,10304
1,10305
1,10306
1,10307
1,10308
1,10309
1,10310
1,10311
1,10312
1,10313
1,10314
1,10315
1,10316
1,10317
1,10318
1,10319
1,10320
1,10321
1,10322
1,10323
1,10324
1,10325
1,10326
1,10327
1,10328
1,10329
1,10330
1,10331
1,10332
1,10333
1,10334
1,10335
1,10336
1,10337
1,10338
1,10339
1,10340
1,10341
1,10342
1,10343
1,10344
1,10345
1,10346
1,10347
1,10348
1,10349
1,10350
1,10351
1,10352
1,10353
1,10354
1,10355
1,10356
1,10357
1,10358
1,10359
1,10360
1,10361
1,10362
1,10363
1,10364
1,10365
1,10366
1,10367
1,10368
1,10369
1,10370
1,10371
1,10372
1,10373
1,10374
1,10375
1,10376
1,10377
1,10378
1,10379
1,10380
1,10381
1,10382
1,10383
1,10384
1,10385
1,10386
1,10387
1,10388
1,10389
1,10390
1,10391
1,10392
1,10393
1,10394
1,10395
1,10396
1,10397
1,10398
1,10399
1,10400
1,10401
1,10402
1,10403
1,10404
1,10405
1,10406
1,10407
1,10408
1,10409
1,10410
1,10411
1,10412
1,10413
1,10414
1,10415
1,10416
1,10417
1,10418
1,10419
1,10420
1,10421
1,10422
1,10423
1,10424
1,10425
1,10426
1,10427
1,10428
1,10429
1,10430
1,10431
1,10432
1,10433
1,10434
1,10435
1,10436
1,10437
1,10438
1,10439
1,10440
1,10441
1,10442
1,10443
1,10444
1,10445
1,10446
1,10447
1,10448
1,10449
1,10450
1,10451
1,10452
1,10453
1,10454
1,10455
1,10456
1,10457
1,10458
1,10459
1,10460
1,10461
1,10462
1,10463
1,10464
1,10465
1,10466
1,10467
1,10468
1,10469
1,10470
1,10471
1,10472
1,10473
1,10474
1,10475
1,10476
1,10477
1,10478
1,10479
1,10480
1,10481
1,10482
1,10483
1,10484
1,10485
1,10486
1,10487
1,10488
1,10489
1,10490
1,10491
1,10492
1,10493
1,10494
1,10495
1,10496
1,10497
1,10498
1,10499
1,10500
1,10501
1,10502
1,10503
1,10504
1,10505
1,10506
1,10507
1,10508
1,10509
1,10510
1,10511
1,10512
1,10513
1,10514
1,10515
1,10516
1,10517
1,10518
1,10519
1,10520
1,10521
1,10522
1,10523
1,10524
1,10525
1,10526
1,10527
1,10528
1,10529
1,10530
1,10531
1,10532
1,10533
1,10534
1,10535
1,10536
1,10537
1,10538
1,10539
1,10540
1,10541
1,10542
1,10543
1,10544
1,10545
1,10546
1,10547
1,10548
1,10549
1,10550
1,10551
1,10552
1,10553
1,10554
1,10555
1,10556
1,10557
1,10558
1,10559
1,10560
1,10561
1,10562
1,10563
1,10564
1,10565
1,10566
1,10567
1,10568
1,10569
1,10570
1,10571
1,10572
1,10573
1,10574
1,10575
1,10576
1,10577
1,10578
1,10579
1,10580
1,10581
1,10582
1,10583
1,10584
1,10585
1,10586
1,10587
1,10588
1,10589
1,10590
1,10591
1,10592
1,10593
1,10594
1,10595
1,10596
1,10597
1,10598
1,10599
1,10600
1,10601
1,10602
1,10603
1,10604
1,10605
1,10606
1,10607
1,10608
1,10609
1,10610
1,10611
1,10612
1,10613
1,10614
1,10615
1,10616
1,10617
1,10618
1,10619
1,10620
1,10621
1,10622
1,10623
1,10624
1,10625
1,10626
1,10627
1,10628
1,10629
1,10630
1,10631
1,10632
1,10633
1,10634
1,10635
1,10636
1,10637
1,10638
1,10639
1,10640
1,10641
1,10642
1,10643
1,10644
1,10645
1,10646
1,10647
1,10648
1,10649
1,10650
1,10651
1,10652
1,10653
1,10654
1,10655
1,10656
1,10657
1,10658
1,10659
1,10660
1,10661
1,10662
1,10663
1,10664
1,10665
1,10666
1,10667
1,10668
1,10669
1,10670
1,10671
1,10672
1,10673
1,10674
1,10675
1,10676
1,10677
1,10678
1,10679
1,10680
1,10681
1,10682
1,10683
1,10684
1,10685
1,10686
1,10687
1,10688
1,10689
1,10690
1,10691
1,10692
1,10693
1,10694
1,10695
1,10696
1,10697
1,10698
1,10699
1,10700
1,10701
1,10702
1,10703
1,10704
1,10705
1,10706
1,10707
1,10708
1,10709
1,10710
1,10711
1,10712
1,10713
1,10714
1,10715
1,10716
1,10717
1,10718
1,10719
1,10720
1,10721
1,10722
1,10723
1,10724
1,10725
1,10726
1,10727
1,10728
1,10729
1,10730
1,10731
1,10732
1,10733
1,10734
1,10735
1,10736
1,10737
1,10738
1,10739
1,10740
1,10741
1,10742
1,10743
1,10744
1,10745
1,10746
1,10747
1,10748
1,10749
1,10750
1,10751
1,10752
1,10753
1,10754
1,10755
1,10756
1,10757
1,10758
1,10759
1,10760
1,10761
1,10762
1,10763
1,10764
1,10765
1,10766
1,10767
1,10768
1,10769
1,10770
1,10771
1,10772
1,10773
1,10774
1,10775
1,10776
1,10777
1,10778
1,10779
1,10780
1,10781
1,10782
1,10783
1,10784
1,10785
1,10786
1,10787
1,10788
1,10789
1,10790
1,10791
1,10792
1,10793
1,10794
1,10795
1,10796
1,10797
1,10798
1,10799
1,10800
1,10801
1,10802
1,10803
1,10804
1,10805
1,10806
1,10807
1,10808
1,10809
1,10810
1,10811
1,10812
1,10813
1,10814
1,10815
1,10816
1,10817
1,10818
1,10819
1,10820
1,10821
1,10822
1,10823
1,10824
1,10825
1,10826
1,10827
1,10828
1,10829
1,10830
1,10831
1,10832
1,10833
1,10834
1,10835
1,10836
1,10837
1,10838
1,10839
1,10840
1,10841
1,10842
1,10843
1,10844
1,10845
1,10846
1,10847
1,10848
1,10849
1,10850
1,10851
1,10852
1,10853
1,10854
1,10855
1,10856
1,10857
1,10858
1,10859
1,10860
1,10861
1,10862
1,10863
1,10864
1,10865
1,10866
1,10867
1,10868
1,10869
1,10870
1,10871
1,10872
1,10873
1,10874
1,10875
1,10876
1,10877
1,10878
1,10879
1,10880
1,10881
1,10882
1,10883
1,10884
1,10885
1,10886
1,10887
1,10888
1,10889
1,10890
1,10891
1,10892
1,10893
1,10894
1,10895
1,10896
1,10897
1,10898
1,10899
1,10900
1,10901
1,10902
1,10903
1,10904
1,10905
1,10906
1,10907
1,10908
1,10909
1,10910
1,10911
1,10912
1,10913
1,10914
1,10915
1,10916
1,10917
1,10918
1,10919
1,10920
1,10921
1,10922
1,10923
1,10924
1,10925
1,10926
1,10927
1,10928
1,10929
1,10930
1,10931
1,10932
1,10933
1,10934
1,10935
1,10936
1,10937
1,10938
1,10939
1,10940
1,10941
1,10942
1,10943
1,10944
1,10945
1,10946
1,10947
1,10948
1,10949
1,10950
1,10951
1,10952
1,10953
1,10954
1,10955
1,10956
1,10957
1,10958
1,10959
1,10960
1,10961
1,10962
1,10963
1,10964
1,10965
1,10966
1,10967
1,10968
1,10969
1,10970
1,10971
1,10972
1,10973
1,10974
1,10975
1,10976
1,10977
1,10978
1,10979
1,10980
1,10981
1,10982
1,10983
1,10984
1,10985
1,10986
1,10987
1,10988
1,10989
1,10990
1,10991
1,10992
1,10993
1,10994
1,10995
1,10996
1,10997
1,10998
1,10999
1,11000
1,11001
1,11002
1,11003
1,11004
1,11005
1,11006
1,11007
1,11008
1,11009
1,11010
1,11011
1,11012
1,11013
1,11014
1,11015
1,11016
1,11017
1,11018
1,11019
1,11020
1,11021
1,11022
1,11023
1,11024
1,11025
1,11026
1,11027
1,11028
1,11029
1,11030
1,11031
1,11032
1,11033
1,11034
1,11035
1,11036
1,11037
1,11038
1,11039
1,11040
1,11041
1,11042
1,11043
1,11044
1,11045
1,11046
1,11047
1,11048
1,11049
1,11050
1,11051
1,11052
1,11053
1,11054
1,11055
1,11056
1,11057
1,11058
1,11059
1,11060
1,11061
1,11062
1,11063
1,11064
1,11065
1,11066
1,11067
1,11068
1,11069
1,11070
1,11071
1,11072
1,11073
1,11074
1,11075
1,11076
1,11077
1,11078
1,11079
1,11080
1,11081
1,11082
1,11083
1,11084
1,11085
1,11086
1,11087
1,11088
1,11089
1,11090
1,11091
1,11092
1,11093
1,11094
1,11095
1,11096
1,11097
1,11098
1,11099
1,11100
1,11101
1,11102
1,11103
1,11104
1,11105
1,11106
1,11107
1,11108
1,11109
1,11110
1,11111
1,11112
1,11113
1,11114
1,11115
1,11116
1,11117
1,11118
1,11119
1,11120
1,11121
1,11122
1,11123
1,11124
1,11125
1,11126
1,11127
1,11128
1,11129
1,11130
1,11131
1,11132
1,11133
1,11134
1,11135
1,11136
1,11137
1,11138
1,11139
1,11140
1,11141
1,11142
1,11143
1,11144
1,11145
1,11146
1,11147
1,11148
1,11149
1,11150
1,11151
1,11152
1,11153
1,11154
1,11155
1,11156
1,11157
1,11158
1,11159
1,11160
1,11161
1,11162
1,11163
1,11164
1,11165
1,11166
1,11167
1,11168
1,11169
1,11170
1,11171
1,11172
1,11173
1,11174
1,11175
1,11176
1,11177
1,11178
1,11179
1,11180
1,11181
1,11182
1,11183
1,11184
1,11185
1,11186
1,11187
1,11188
1,11189
1,11190
1,11191
1,11192
1,11193
1,11194
1,11195
1,11196
1,11197
1,11198
1,11199
1,11200
1,11201
1,11202
1,11203
1,11204
1,11205
1,11206
1,11207
1,11208
1,11209
1,11210
1,11211
1,11212
1,11213
1,11214
1,11215
1,11216
1,11217
1,11218
1,11219
1,11220
1,11221
1,11222
1,11223
1,11224
1,11225
1,11226
1,11227
1,11228
1,11229
1,11230
1,11231
1,11232
1,11233
1,11234
1,11235
1,11236
1,11237
1,11238
1,11239
1,11240
1,11241
1,11242
1,11243
1,11244
1,11245
1,11246
1,11247
1,11248
1,11249
1,11250
1,11251
1,11252
1,11253
1,11254
1,11255
1,11256
1,11257
1,11258
1,11259
1,11260
1,11261
1,11262
1,11263
1,11264
1,11265
1,11266
1,11267
1,11268
1,11269
1,11270
1,11271
1,11272
1,11273
1,11274
1,11275
1,11276
1,11277
1,11278
1,11279
1,11280
1,11281
1,11282
1,11283
1,11284
1,11285
1,11286
1,11287
1,11288
1,11289
1,11290
1,11291
1,11292
1,11293
1,11294
1,11295
1,11296
1,11297
1,11298
1,11299
1,11300
1,11301
1,11302
1,11303
1,11304
1,11305
1,11306
1,11307
1,11308
1,11309
1,11310
1,11311
1,11312
1,11313
1,11314
1,11315
1,11316
1,11317
1,11318
1,11319
1,11320
1,11321
1,11322
1,11323
1,11324
1,11325
1,11326
1,11327
1,11328
1,11329
1,11330
1,11331
1,11332
1,11333
1,11334
1,11335
1,11336
1,11337
1,11338
1,11339
1,11340
1,11341
1,11342
1,11343
1,11344
1,11345
1,11346
1,11347
1,11348
1,11349
1,11350
1,11351
1,11352
1,11353
1,11354
1,11355
1,11356
1,11357
1,11358
1,11359
1,11360
1,11361
1,11362
1,11363
1,11364
1,11365
1,11366
1,11367
1,11368
1,11369
1,11370
1,11371
1,11372
1,11373
1,11374
1,11375
1,11376
1,11377
1,11378
1,11379
1,11380
1,11381
1,11382
1,11383
1,11384
1,11385
1,11386
1,11387
1,11388
1,11389
1,11390
1,11391
1,11392
1,11393
1,11394
1,11395
1,11396
1,11397
1,11398
1,11399
1,11400
1,11401
1,11402
1,11403
1,11404
1,11405
1,11406
1,11407
1,11408
1,11409
1,11410
1,11411
1,11412
1,11413
1,11414
1,11415
1,11416
1,11417
1,11418
1,11419
1,11420
1,11421
1,11422
1,11423
1,11424
1,11425
1,11426
1,11427
1,11428
1,11429
1,11430
1,11431
1,11432
1,11433
1,11434
1,11435
1,11436
1,11437
1,11438
1,11439
1,11440
1,11441
1,11442
1,11443
1,11444
1,11445
1,11446
1,11447
1,11448
1,11449
1,11450
1,11451
1,11452
1,11453
1,11454
1,11455
1,11456
1,11457
1,11458
1,11459
1,11460
1,11461
1,11462
1,11463
1,11464
1,11465
1,11466
1,11467
1,11468
1,11469
1,11470
1,11471
1,11472
1,11473
1,11474
1,11475
1,11476
1,11477
1,11478
1,11479
1,11480
1,11481
1,11482
1,11483
1,11484
1,11485
1,11486
1,11487
1,11488
1,11489
1,11490
1,11491
1,11492
1,11493
1,11494
1,11495
1,11496
1,11497
1,11498
1,11499
1,11500
1,11501
1,11502
1,11503
1,11504
1,11505
1,11506
1,11507
1,11508
1,11509
1,11510
1,11511
1,11512
1,11513
1,11514
1,11515
1,11516
1,11517
1,11518
1,11519
1,11520
1,11521
1,11522
1,11523
1,11524
1,11525
1,11526
1,11527
1,11528
1,11529
1,11530
1,11531
1,11532
1,11533
1,11534
1,11535
1,11536
1,11537
1,11538
1,11539
1,11540
1,11541
1,11542
1,11543
1,11544
1,11545
1,11546
1,11547
1,11548
1,11549
1,11550
1,11551
1,11552
1,11553
1,11554
1,11555
1,11556
1,11557
1,11558
1,11559
1,11560
1,11561
1,11562
1,11563
1,11564
1,11565
1,11566
1,11567
1,11568
1,11569
1,11570
1,11571
1,11572
1,11573
1,11574
1,11575
1,11576
1,11577
1,11578
1,11579
1,11580
1,11581
1,11582
1,11583
1,11584
1,11585
1,11586
1,11587
1,11588
1,11589
1,11590
1,11591
1,11592
1,11593
1,11594
1,11595
1,11596
1,11597
1,11598
1,11599
1,11600
1,11601
1,11602
1,11603
1,11604
1,11605
1,11606
1,11607
1,11608
1,11609
1,11610
1,11611
1,11612
1,11613
1,11614
1,11615
1,11616
1,11617
1,11618
1,11619
1,11620
1,11621
1,11622
1,11623
1,11624
1,11625
1,11626
1,11627
1,11628
1,11629
1,11630
1,11631
1,11632
1,11633
1,11634
1,11635
1,11636
1,11637
1,11638
1,11639
1,11640
1,11641
1,11642
1,11643
1,11644
1,11645
1,11646
1,11647
1,11648
1,11649
1,11650
1,11651
1,11652
1,11653
1,11654
1,11655
1,11656
1,11657
1,11658
1,11659
1,11660
1,11661
1,11662
1,11663
1,11664
1,11665
1,11666
1,11667
1,11668
1,11669
1,11670
1,11671
1,11672
1,11673
1,11674
1,11675
1,11676
1,11677
1,11678
1,11679
1,11680
1,11681
1,11682
1,11683
1,11684
1,11685
1,11686
1,11687
1,11688
1,11689
1,11690
1,11691
1,11692
1,11693
1,11694
1,11695
1,11696
1,11697
1,11698
1,11699
1,11700
1,11701
1,11702
1,11703
1,11704
1,11705
1,11706
1,11707
1,11708
1,11709
1,11710
1,11711
1,11712
1,11713
1,11714
1,11715
1,11716
1,11717
1,11718
1,11719
1,11720
1,11721
1,11722
1,11723
1,11724
1,11725
1,11726
1,11727
1,11728
1,11729
1,11730
1,11731
1,11732
1,11733
1,11734
1,11735
1,11736
1,11737
1,11738
1,11739
1,11740
1,11741
1,11742
1,11743
1,11744
1,11745
1,11746
1,11747
1,11748
1,11749
1,11750
1,11751
1,11752
1,11753
1,11754
1,11755
1,11756
1,11757
1,11758
1,11759
1,11760
1,11761
1,11762
1,11763
1,11764
1,11765
1,11766
1,11767
1,11768
1,11769
1,11770
1,11771
1,11772
1,11773
1,11774
1,11775
1,11776
1,11777
1,11778
1,11779
1,11780
1,11781
1,11782
1,11783
1,11784
1,11785
1,11786
1,11787
1,11788
1,11789
1,11790
1,11791
1,11792
1,11793
1,11794
1,11795
1,11796
1,11797
1,11798
1,11799
1,11800
1,11801
1,11802
1,11803
1,11804
1,11805
1,11806
1,11807
1,11808
1,11809
1,11810
1,11811
1,11812
1,11813
1,11814
1,11815
1,11816
1,11817
1,11818
1,11819
1,11820
1,11821
1,11822
1,11823
1,11824
1,11825
1,11826
1,11827
1,11828
1,11829
1,11830
1,11831
1,11832
1,11833
1,11834
1,11835
1,11836
1,11837
1,11838
1,11839
1,11840
1,11841
1,11842
1,11843
1,11844
1,11845
1,11846
1,11847
1,11848
1,11849
1,11850
1,11851
1,11852
1,11853
1,11854
1,11855
1,11856
1,11857
1,11858
1,11859
1,11860
1,11861
1,11862
1,11863
1,11864
1,11865
1,11866
1,11867
1,11868
1,11869
1,11870
1,11871
1,11872
1,11873
1,11874
1,11875
1,11876
1,11877
1,11878
1,11879
1,11880
1,11881
1,11882
1,11883
1,11884
1,11885
1,11886
1,11887
1,11888
1,11889
1,11890
1,11891
1,11892
1,11893
1,11894
1,11895
1,11896
1,11897
1,11898
1,11899
1,11900
1,11901
1,11902
1,11903
1,11904
1,11905
1,11906
1,11907
1,11908
1,11909
1,11910
1,11911
1,11912
1,11913
1,11914
1,11915
1,11916
1,11917
1,11918
1,11919
1,11920
1,11921
1,11922
1,11923
1,11924
1,11925
1,11926
1,11927
1,11928
1,11929
1,11930
1,11931
1,11932
1,11933
1,11934
1,11935
1,11936
1,11937
1,11938
1,11939
1,11940
1,11941
1,11942
1,11943
1,11944
1,11945
1,11946
1,11947
1,11948
1,11949
1,11950
1,11951
1,11952
1,11953
1,11954
1,11955
1,11956
1,11957
1,11958
1,11959
1,11960
1,11961
1,11962
1,11963
1,11964
1,11965
1,11966
1,11967
1,11968
1,11969
1,11970
1,11971
1,11972
1,11973
1,11974
1,11975
1,11976
1,11977
1,11978
1,11979
1,11980
1,11981
1,11982
1,11983
1,11984
1,11985
1,11986
1,11987
1,11988
1,11989
1,11990
1,11991
1,11992
1,11993
1,11994
1,11995
1,11996
1,11997
1,11998
1,11999
1,12000
1,12001
1,12002
1,12003
1,12004
1,12005
1,12006
1,12007
1,12008
1,12009
1,12010
1,12011
1,12012
1,12013
1,12014
1,12015
1,12016
1,12017
1,12018
1,12019
1,12020
1,12021
1,12022
1,12023
1,12024
1,12025
1,12026
1,12027
1,12028
1,12029
1,12030
1,12031
1,12032
1,12033
1,12034
1,12035
1,12036
1,12037
1,12038
1,12039
1,12040
1,12041
1,12042
1,12043
1,12044
1,12045
1,12046
1,12047
1,12048
1,12049
1,12050
1,12051
1,12052
1,12053
1,12054
1,12055
1,12056
1,12057
1,12058
1,12059
1,12060
1,12061
1,12062
1,12063
1,12064
1,12065
1,12066
1,12067
1,12068
1,12069
1,12070
1,12071
1,12072
1,12073
1,12074
1,12075
1,12076
1,12077
1,12078
1,12079
1,12080
1,12081
1,12082
1,12083
1,12084
1,12085
1,12086
1,12087
1,12088
1,12089
1,12090
1,12091
1,12092
1,12093
1,12094
1,12095
1,12096
1,12097
1,12098
1,12099
1,12100
1,12101
1,12102
1,12103
1,12104
1,12105
1,12106
1,12107
1,12108
1,12109
1,12110
1,12111
1,12112
1,12113
1,12114
1,12115
1,12116
1,12117
1,12118
1,12119
1,12120
1,12121
1,12122
1,12123
1,12124
1,12125
1,12126
1,12127
1,12128
1,12129
1,12130
1,12131
1,12132
1,12133
1,12134
1,12135
1,12136
1,12137
1,12138
1,12139
1,12140
1,12141
1,12142
1,12143
1,12144
1,12145
1,12146
1,12147
1,12148
1,12149
1,12150
1,12151
1,12152
1,12153
1,12154
1,12155
1,12156
1,12157
1,12158
1,12159
1,12160
1,12161
1,12162
1,12163
1,12164
1,12165
1,12166
1,12167
1,12168
1,12169
1,12170
1,12171
1,12172
1,12173
1,12174
1,12175
1,12176
1,12177
1,12178
1,12179
1,12180
1,12181
1,12182
1,12183
1,12184
1,12185
1,12186
1,12187
1,12188
1,12189
1,12190
1,12191
1,12192
1,12193
1,12194
1,12195
1,12196
1,12197
1,12198
1,12199
1,12200
1,12201
1,12202
1,12203
1,12204
1,12205
1,12206
1,12207
1,12208
1,12209
1,12210
1,12211
1,12212
1,12213
1,12214
1,12215
1,12216
1,12217
1,12218
1,12219
1,12220
1,12221
1,12222
1,12223
1,12224
1,12225
1,12226
1,12227
1,12228
1,12229
1,12230
1,12231
1,12232
1,12233
1,12234
1,12235
1,12236
1,12237
1,12238
1,12239
1,12240
1,12241
1,12242
1,12243
1,12244
1,12245
1,12246
1,12247
1,12248
1,12249
1,12250
1,12251
1,12252
1,12253
1,12254
1,12255
1,12256
1,12257
1,12258
1,12259
1,12260
1,12261
1,12262
1,12263
1,12264
1,12265
1,12266
1,12267
1,12268
1,12269
1,12270
1,12271
1,12272
1,12273
1,12274
1,12275
1,12276
1,12277
1,12278
1,12279
1,12280
1,12281
1,12282
1,12283
1,12284
1,12285
1,12286
1,12287
1,12288
1,12289
1,12290
1,12291
1,12292
1,12293
1,12294
1,12295
1,12296
1,12297
1,12298
1,12299
1,12300
1,12301
1,12302
1,12303
1,12304
1,12305
1,12306
1,12307
1,12308
1,12309
1,12310
1,12311
1,12312
1,12313
1,12314
1,12315
1,12316
1,12317
1,12318
1,12319
1,12320
1,12321
1,12322
1,12323
1,12324
1,12325
1,12326
1,12327
1,12328
1,12329
1,12330
1,12331
1,12332
1,12333
1,12334
1,12335
1,12336
1,12337
1,12338
1,12339
1,12340
1,12341
1,12342
1,12343
1,12344
1,12345
1,12346
1,12347
1,12348
1,12349
1,12350
1,12351
1,12352
1,12353
1,12354
1,12355
1,12356
1,12357
1,12358
1,12359
1,12360
1,12361
1,12362
1,12363
1,12364
1,12365
1,12366
1,12367
1,12368
1,12369
1,12370
1,12371
1,12372
1,12373
1,12374
1,12375
1,12376
1,12377
1,12378
1,12379
1,12380
1,12381
1,12382
1,12383
1,12384
1,12385
1,12386
1,12387
1,12388
1,12389
1,12390
1,12391
1,12392
1,12393
1,12394
1,12395
1,12396
1,12397
1,12398
1,12399
1,12400
1,12401
1,12402
1,12403
1,12404
1,12405
1,12406
1,12407
1,12408
1,12409
1,12410
1,12411
1,12412
1,12413
1,12414
1,12415
1,12416
1,12417
1,12418
1,12419
1,12420
1,12421
1,12422
1,12423
1,12424
1,12425
1,12426
1,12427
1,12428
1,12429
1,12430
1,12431
1,12432
1,12433
1,12434
1,12435
1,12436
1,12437
1,12438
1,12439
1,12440
1,12441
1,12442
1,12443
1,12444
1,12445
1,12446
1,12447
1,12448
1,12449
1,12450
1,12451
1,12452
1,12453
1,12454
1,12455
1,12456
1,12457
1,12458
1,12459
1,12460
1,12461
1,12462
1,12463
1,12464
1,12465
1,12466
1,12467
1,12468
1,12469
1,12470
1,12471
1,12472
1,12473
1,12474
1,12475
1,12476
1,12477
1,12478
1,12479
1,12480
1,12481
1,12482
1,12483
1,12484
1,12485
1,12486
1,12487
1,12488
1,12489
1,12490
1,12491
1,12492
1,12493
1,12494
1,12495
1,12496
1,12497
1,12498
1,12499
1,12500
1,12501
1,12502
1,12503
1,12504
1,12505
1,12506
1,12507
1,12508
1,12509
1,12510
1,12511
1,12512
1,12513
1,12514
1,12515
1,12516
1,12517
1,12518
1,12519
1,12520
1,12521
1,12522
1,12523
1,12524
1,12525
1,12526
1,12527
1,12528
1,12529
1,12530
1,12531
1,12532
1,12533
1,12534
1,12535
1,12536
1,12537
1,12538
1,12539
1,12540
1,12541
1,12542
1,12543
1,12544
1,12545
1,12546
1,12547
1,12548
1,12549
1,12550
1,12551
1,12552
1,12553
1,12554
1,12555
1,12556
1,12557
1,12558
1,12559
1,12560
1,12561
1,12562
1,12563
1,12564
1,12565
1,12566
1,12567
1,12568
1,12569
1,12570
1,12571
1,12572
1,12573
1,12574
1,12575
1,12576
1,12577
1,12578
1,12579
1,12580
1,12581
1,12582
1,12583
1,12584
1,12585
1,12586
1,12587
1,12588
1,12589
1,12590
1,12591
1,12592
1,12593
1,12594
1,12595
1,12596
1,12597
1,12598
1,12599
1,12600
1,12601
1,12602
1,12603
1,12604
1,12605
1,12606
1,12607
1,12608
1,12609
1,12610
1,12611
1,12612
1,12613
1,12614
1,12615
1,12616
1,12617
1,12618
1,12619
1,12620
1,12621
1,12622
1,12623
1,12624
1,12625
1,12626
1,12627
1,12628
1,12629
1,12630
1,12631
1,12632
1,12633
1,12634
1,12635
1,12636
1,12637
1,12638
1,12639
1,12640
1,12641
1,12642
1,12643
1,12644
1,12645
1,12646
1,12647
1,12648
1,12649
1,12650
1,12651
1,12652
1,12653
1,12654
1,12655
1,12656
1,12657
1,12658
1,12659
1,12660
1,12661
1,12662
1,12663
1,12664
1,12665
1,12666
1,12667
1,12668
1,12669
1,12670
1,12671
1,12672
1,12673
1,12674
1,12675
1,12676
1,12677
1,12678
1,12679
1,12680
1,12681
1,12682
1,12683
1,12684
1,12685
1,12686
1,12687
1,12688
1,12689
1,12690
1,12691
1,12692
1,12693
1,12694
1,12695
1,12696
1,12697
1,12698
1,12699
1,12700
1,12701
1,12702
1,12703
1,12704
1,12705
1,12706
1,12707
1,12708
1,12709
1,12710
1,12711
1,12712
1,12713
1,12714
1,12715
1,12716
1,12717
1,12718
1,12719
1,12720
1,12721
1,12722
1,12723
1,12724
1,12725
1,12726
1,12727
1,12728
1,12729
1,12730
1,12731
1,12732
1,12733
1,12734
1,12735
1,12736
1,12737
1,12738
1,12739
1,12740
1,12741
1,12742
1,12743
1,12744
1,12745
1,12746
1,12747
1,12748
1,12749
1,12750
1,12751
1,12752
1,12753
1,12754
1,12755
1,12756
1,12757
1,12758
1,12759
1,12760
1,12761
1,12762
1,12763
1,12764
1,12765
1,12766
1,12767
1,12768
1,12769
1,12770
1,12771
1,12772
1,12773
1,12774
1,12775
1,12776
1,12777
1,12778
1,12779
1,12780
1,12781
1,12782
1,12783
1,12784
1,12785
1,12786
1,12787
1,12788
1,12789
1,12790
1,12791
1,12792
1,12793
1,12794
1,12795
1,12796
1,12797
1,12798
1,12799
1,12800
1,12801
1,12802
1,12803
1,12804
1,12805
1,12806
1,12807
1,12808
1,12809
1,12810
1,12811
1,12812
1,12813
1,12814
1,12815
1,12816
1,12817
1,12818
1,12819
1,12820
1,12821
1,12822
1,12823
1,12824
1,12825
1,12826
1,12827
1,12828
1,12829
1,12830
1,12831
1,12832
1,12833
1,12834
1,12835
1,12836
1,12837
1,12838
1,12839
1,12840
1,12841
1,12842
1,12843
1,12844
1,12845
1,12846
1,12847
1,12848
1,12849
1,12850
1,12851
1,12852
1,12853
1,12854
1,12855
1,12856
1,12857
1,12858
1,12859
1,12860
1,12861
1,12862
1,12863
1,12864
1,12865
1,12866
1,12867
1,12868
1,12869
1,12870
1,12871
1,12872
1,12873
1,12874
1,12875
1,12876
1,12877
1,12878
1,12879
1,12880
1,12881
1,12882
1,12883
1,12884
1,12885
1,12886
1,12887
1,12888
1,12889
1,12890
1,12891
1,12892
1,12893
1,12894
1,12895
1,12896
1,12897
1,12898
1,12899
1,12900
1,12901
1,12902
1,12903
1,12904
1,12905
1,12906
1,12907
1,12908
1,12909
1,12910
1,12911
1,12912
1,12913
1,12914
1,12915
1,12916
1,12917
1,12918
1,12919
1,12920
1,12921
1,12922
1,12923
1,12924
1,12925
1,12926
1,12927
1,12928
1,12929
1,12930
1,12931
1,12932
1,12933
1,12934
1,12935
1,12936
1,12937
1,12938
1,12939
1,12940
1,12941
1,12942
1,12943
1,12944
1,12945
1,12946
1,12947
1,12948
1,12949
1,12950
1,12951
1,12952
1,12953
1,12954
1,12955
1,12956
1,12957
1,12958
1,12959
1,12960
1,12961
1,12962
1,12963
1,12964
1,12965
1,12966
1,12967
1,12968
1,12969
1,12970
1,12971
1,12972
1,12973
1,12974
1,12975
1,12976
1,12977
1,12978
1,12979
1,12980
1,12981
1,12982
1,12983
1,12984
1,12985
1,12986
1,12987
1,12988
1,12989
1,12990
1,12991
1,12992
1,12993
1,12994
1,12995
1,12996
1,12997
1,12998
1,12999
1,13000
1,13001
1,13002
1,13003
1,13004
1,13005
1,13006
1,13007
1,13008
1,13009
1,13010
1,13011
1,13012
1,13013
1,13014
1,13015
1,13016
1,13017
1,13018
1,13019
1,13020
1,13021
1,13022
1,13023
1,13024
1,13025
1,13026
1,13027
1,13028
1,13029
1,13030
1,13031
1,13032
1,13033
1,13034
1,13035
1,13036
1,13037
1,13038
1,13039
1,13040
1,13041
1,13042
1,13043
1,13044
1,13045
1,13046
1,13047
1,13048
1,13049
1,13050
1,13051
1,13052
1,13053
1,13054
1,13055
1,13056
1,13057
1,13058
1,13059
1,13060
1,13061
1,13062
1,13063
1,13064
1,13065
1,13066
1,13067
1,13068
1,13069
1,13070
1,13071
1,13072
1,13073
1,13074
1,13075
1,13076
1,13077
1,13078
1,13079
1,13080
1,13081
1,13082
1,13083
1,13084
1,13085
1,13086
1,13087
1,13088
1,13089
1,13090
1,13091
1,13092
1,13093
1,13094
1,13095
1,13096
1,13097
1,13098
1,13099
1,13100
1,13101
1,13102
1,13103
1,13104
1,13105
1,13106
1,13107
1,13108
1,13109
1,13110
1,13111
1,13112
1,13113
1,13114
1,13115
1,13116
1,13117
1,13118
1,13119
1,13120
1,13121
1,13122
1,13123
1,13124
1,13125
1,13126
1,13127
1,13128
1,13129
1,13130
1,13131
1,13132
1,13133
1,13134
1,13135
1,13136
1,13137
1,13138
1,13139
1,13140
1,13141
1,13142
1,13143
1,13144
1,13145
1,13146
1,13147
1,13148
1,13149
1,13150
1,13151
1,13152
1,13153
1,13154
1,13155
1,13156
1,13157
1,13158
1,13159
1,13160
1,13161
1,13162
1,13163
1,13164
1,13165
1,13166
1,13167
1,13168
1,13169
1,13170
1,13171
1,13172
1,13173
1,13174
1,13175
1,13176
1,13177
1,13178
1,13179
1,13180
1,13181
1,13182
1,13183
1,13184
1,13185
1,13186
1,13187
1,13188
1,13189
1,13190
1,13191
1,13192
1,13193
1,13194
1,13195
1,13196
1,13197
1,13198
1,13199
1,13200
1,13201
1,13202
1,13203
1,13204
1,13205
1,13206
1,13207
1,13208
1,13209
1,13210
1,13211
1,13212
1,13213
1,13214
1,13215
1,13216
1,13217
1,13218
1,13219
1,13220
1,13221
1,13222
1,13223
1,13224
1,13225
1,13226
1,13227
1,13228
1,13229
1,13230
1,13231
1,13232
1,13233
1,13234
1,13235
1,13236
1,13237
1,13238
1,13239
1,13240
1,13241
1,13242
1,13243
1,13244
1,13245
1,13246
1,13247
1,13248
1,13249
1,13250
1,13251
1,13252
1,13253
1,13254
1,13255
1,13256
1,13257
1,13258
1,13259
1,13260
1,13261
1,13262
1,13263
1,13264
1,13265
1,13266
1,13267
1,13268
1,13269
1,13270
1,13271
1,13272
1,13273
1,13274
1,13275
1,13276
1,13277
1,13278
1,13279
1,13280
1,13281
1,13282
1,13283
1,13284
1,13285
1,13286
1,13287
1,13288
1,13289
1,13290
1,13291
1,13292
1,13293
1,13294
1,13295
1,13296
1,13297
1,13298
1,13299
1,13300
1,13301
1,13302
1,13303
1,13304
1,13305
1,13306
1,13307
1,13308
1,13309
1,13310
1,13311
1,13312
1,13313
1,13314
1,13315
1,13316
1,13317
1,13318
1,13319
1,13320
1,13321
1,13322
1,13323
1,13324
1,13325
1,13326
1,13327
1,13328
1,13329
1,13330
1,13331
1,13332
1,13333
1,13334
1,13335
1,13336
1,13337
1,13338
1,13339
1,13340
1,13341
1,13342
1,13343
1,13344
1,13345
1,13346
1,13347
1,13348
1,13349
1,13350
1,13351
1,13352
1,13353
1,13354
1,13355
1,13356
1,13357
1,13358
1,13359
1,13360
1,13361
1,13362
1,13363
1,13364
1,13365
1,13366
1,13367
1,13368
1,13369
1,13370
1,13371
1,13372
1,13373
1,13374
1,13375
1,13376
1,13377
1,13378
1,13379
1,13380
1,13381
1,13382
1,13383
1,13384
1,13385
1,13386
1,13387
1,13388
1,13389
1,13390
1,13391
1,13392
1,13393
1,13394
1,13395
1,13396
1,13397
1,13398
1,13399
1,13400
1,13401
1,13402
1,13403
1,13404
1,13405
1,13406
1,13407
1,13408
1,13409
1,13410
1,13411
1,13412
1,13413
1,13414
1,13415
1,13416
1,13417
1,13418
1,13419
1,13420
1,13421
1,13422
1,13423
1,13424
1,13425
1,13426
1,13427
1,13428
1,13429
1,13430
1,13431
1,13432
1,13433
1,13434
1,13435
1,13436
1,13437
1,13438
1,13439
1,13440
1,13441
1,13442
1,13443
1,13444
1,13445
1,13446
1,13447
1,13448
1,13449
1,13450
1,13451
1,13452
1,13453
1,13454
1,13455
1,13456
1,13457
1,13458
1,13459
1,13460
1,13461
1,13462
1,13463
1,13464
1,13465
1,13466
1,13467
1,13468
1,13469
1,13470
1,13471
1,13472
1,13473
1,13474
1,13475
1,13476
1,13477
1,13478
1,13479
1,13480
1,13481
1,13482
1,13483
1,13484
1,13485
1,13486
1,13487
1,13488
1,13489
1,13490
1,13491
1,13492
1,13493
1,13494
1,13495
1,13496
1,13497
1,13498
1,13499
1,13500
1,13501
1,13502
1,13503
1,13504
1,13505
1,13506
1,13507
1,13508
1,13509
1,13510
1,13511
1,13512
1,13513
1,13514
1,13515
1,13516
1,13517
1,13518
1,13519
1,13520
1,13521
1,13522
1,13523
1,13524
1,13525
1,13526
1,13527
1,13528
1,13529
1,13530
1,13531
1,13532
1,13533
1,13534
1,13535
1,13536
1,13537
1,13538
1,13539
1,13540
1,13541
1,13542
1,13543
1,13544
1,13545
1,13546
1,13547
1,13548
1,13549
1,13550
1,13551
1,13552
1,13553
1,13554
1,13555
1,13556
1,13557
1,13558
1,13559
1,13560
1,13561
1,13562
1,13563
1,13564
1,13565
1,13566
1,13567
1,13568
1,13569
1,13570
1,13571
1,13572
1,13573
1,13574
1,13575
1,13576
1,13577
1,13578
1,13579
1,13580
1,13581
1,13582
1,13583
1,13584
1,13585
1,13586
1,13587
1,13588
1,13589
1,13590
1,13591
1,13592
1,13593
1,13594
1,13595
1,13596
1,13597
1,13598
1,13599
1,13600
1,13601
1,13602
1,13603
1,13604
1,13605
1,13606
1,13607
1,13608
1,13609
1,13610
1,13611
1,13612
1,13613
1,13614
1,13615
1,13616
1,13617
1,13618
1,13619
1,13620
1,13621
1,13622
1,13623
1,13624
1,13625
1,13626
1,13627
1,13628
1,13629
1,13630
1,13631
1,13632
1,13633
1,13634
1,13635
1,13636
1,13637
1,13638
1,13639
1,13640
1,13641
1,13642
1,13643
1,13644
1,13645
1,13646
1,13647
1,13648
1,13649
1,13650
1,13651
1,13652
1,13653
1,13654
1,13655
1,13656
1,13657
1,13658
1,13659
1,13660
1,13661
1,13662
1,13663
1,13664
1,13665
1,13666
1,13667
1,13668
1,13669
1,13670
1,13671
1,13672
1,13673
1,13674
1,13675
1,13676
1,13677
1,13678
1,13679
1,13680
1,13681
1,13682
1,13683
1,13684
1,13685
1,13686
1,13687
1,13688
1,13689
1,13690
1,13691
1,13692
1,13693
1,13694
1,13695
1,13696
1,13697
1,13698
1,13699
1,13700
1,13701
1,13702
1,13703
1,13704
1,13705
1,13706
1,13707
1,13708
1,13709
1,13710
1,13711
1,13712
1,13713
1,13714
1,13715
1,13716
1,13717
1,13718
1,13719
1,13720
1,13721
1,13722
1,13723
1,13724
1,13725
1,13726
1,13727
1,13728
1,13729
1,13730
1,13731
1,13732
1,13733
1,13734
1,13735
1,13736
1,13737
1,13738
1,13739
1,13740
1,13741
1,13742
1,13743
1,13744
1,13745
1,13746
1,13747
1,13748
1,13749
1,13750
1,13751
1,13752
1,13753
1,13754
1,13755
1,13756
1,13757
1,13758
1,13759
1,13760
1,13761
1,13762
1,13763
1,13764
1,13765
1,13766
1,13767
1,13768
1,13769
1,13770
1,13771
1,13772
1,13773
1,13774
1,13775
1,13776
1,13777
1,13778
1,13779
1,13780
1,13781
1,13782
1,13783
1,13784
1,13785
1,13786
1,13787
1,13788
1,13789
1,13790
1,13791
1,13792
1,13793
1,13794
1,13795
1,13796
1,13797
1,13798
1,13799
1,13800
1,13801
1,13802
1,13803
1,13804
1,13805
1,13806
1,13807
1,13808
1,13809
1,13810
1,13811
1,13812
1,13813
1,13814
1,13815
1,13816
1,13817
1,13818
1,13819
1,13820
1,13821
1,13822
1,13823
1,13824
1,13825
1,13826
1,13827
1,13828
1,13829
1,13830
1,13831
1,13832
1,13833
1,13834
1,13835
1,13836
1,13837
1,13838
1,13839
1,13840
1,13841
1,13842
1,13843
1,13844
1,13845
1,13846
1,13847
1,13848
1,13849
1,13850
1,13851
1,13852
1,13853
1,13854
1,13855
1,13856
1,13857
1,13858
1,13859
1,13860
1,13861
1,13862
1,13863
1,13864
1,13865
1,13866
1,13867
1,13868
1,13869
1,13870
1,13871
1,13872
1,13873
1,13874
1,13875
1,13876
1,13877
1,13878
1,13879
1,13880
1,13881
1,13882
1,13883
1,13884
1,13885
1,13886
1,13887
1,13888
1,13889
1,13890
1,13891
1,13892
1,13893
1,13894
1,13895
1,13896
1,13897
1,13898
1,13899
1,13900
1,13901
1,13902
1,13903
1,13904
1,13905
1,13906
1,13907
1,13908
1,13909
1,13910
1,13911
1,13912
1,13913
1,13914
1,13915
1,13916
1,13917
1,13918
1,13919
1,13920
1,13921
1,13922
1,13923
1,13924
1,13925
1,13926
1,13927
1,13928
1,13929
1,13930
1,13931
1,13932
1,13933
1,13934
1,13935
1,13936
1,13937
1,13938
1,13939
1,13940
1,13941
1,13942
1,13943
1,13944
1,13945
1,13946
1,13947
1,13948
1,13949
1,13950
1,13951
1,13952
1,13953
1,13954
1,13955
1,13956
1,13957
1,13958
1,13959
1,13960
1,13961
1,13962
1,13963
1,13964
1,13965
1,13966
1,13967
1,13968
1,13969
1,13970
1,13971
1,13972
1,13973
1,13974
1,13975
1,13976
1,13977
1,13978
1,13979
1,13980
1,13981
1,13982
1,13983
1,13984
1,13985
1,13986
1,13987
1,13988
1,13989
1,13990
1,13991
1,13992
1,13993
1,13994
1,13995
1,13996
1,13997
1,13998
1,13999
1,14000
1,14001
1,14002
1,14003
1,14004
1,14005
1,14006
1,14007
1,14008
1,14009
1,14010
1,14011
1,14012
1,14013
1,14014
1,14015
1,14016
1,14017
1,14018
1,14019
1,14020
1,14021
1,14022
1,14023
1,14024
1,14025
1,14026
1,14027
1,14028
1,14029
1,14030
1,14031
1,14032
1,14033
1,14034
1,14035
1,14036
1,14037
1,14038
1,14039
1,14040
1,14041
1,14042
1,14043
1,14044
1,14045
1,14046
1,14047
1,14048
1,14049
1,14050
1,14051
1,14052
1,14053
1,14054
1,14055
1,14056
1,14057
1,14058
1,14059
1,14060
1,14061
1,14062
1,14063
1,14064
1,14065
1,14066
1,14067
1,14068
1,14069
1,14070
1,14071
1,14072
1,14073
1,14074
1,14075
1,14076
1,14077
1,14078
1,14079
1,14080
1,14081
1,14082
1,14083
1,14084
1,14085
1,14086
1,14087
1,14088
1,14089
1,14090
1,14091
1,14092
1,14093
1,14094
1,14095
1,14096
1,14097
1,14098
1,14099
1,14100
1,14101
1,14102
1,14103
1,14104
1,14105
1,14106
1,14107
1,14108
1,14109
1,14110
1,14111
1,14112
1,14113
1,14114
1,14115
1,14116
1,14117
1,14118
1,14119
1,14120
1,14121
1,14122
1,14123
1,14124
1,14125
1,14126
1,14127
1,14128
1,14129
1,14130
1,14131
1,14132
1,14133
1,14134
1,14135
1,14136
1,14137
1,14138
1,14139
1,14140
1,14141
1,14142
1,14143
1,14144
1,14145
1,14146
1,14147
1,14148
1,14149
1,14150
1,14151
1,14152
1,14153
1,14154
1,14155
1,14156
1,14157
1,14158
1,14159
1,14160
1,14161
1,14162
1,14163
1,14164
1,14165
1,14166
1,14167
1,14168
1,14169
1,14170
1,14171
1,14172
1,14173
1,14174
1,14175
1,14176
1,14177
1,14178
1,14179
1,14180
1,14181
1,14182
1,14183
1,14184
1,14185
1,14186
1,14187
1,14188
1,14189
1,14190
1,14191
1,14192
1,14193
1,14194
1,14195
1,14196
1,14197
1,14198
1,14199
1,14200
1,14201
1,14202
1,14203
1,14204
1,14205
1,14206
1,14207
1,14208
1,14209
1,14210
1,14211
1,14212
1,14213
1,14214
1,14215
1,14216
1,14217
1,14218
1,14219
1,14220
1,14221
1,14222
1,14223
1,14224
1,14225
1,14226
1,14227
1,14228
1,14229
1,14230
1,14231
1,14232
1,14233
1,14234
1,14235
1,14236
1,14237
1,14238
1,14239
1,14240
1,14241
1,14242
1,14243
1,14244
1,14245
1,14246
1,14247
1,14248
1,14249
1,14250
1,14251
1,14252
1,14253
1,14254
1,14255
1,14256
1,14257
1,14258
1,14259
1,14260
1,14261
1,14262
1,14263
1,14264
1,14265
1,14266
1,14267
1,14268
1,14269
1,14270
1,14271
1,14272
1,14273
1,14274
1,14275
1,14276
1,14277
1,14278
1,14279
1,14280
1,14281
1,14282
1,14283
1,14284
1,14285
1,14286
1,14287
1,14288
1,14289
1,14290
1,14291
1,14292
1,14293
1,14294
1,14295
1,14296
1,14297
1,14298
1,14299
1,14300
1,14301
1,14302
1,14303
1,14304
1,14305
1,14306
1,14307
1,14308
1,14309
1,14310
1,14311
1,14312
1,14313
1,14314
1,14315
1,14316
1,14317
1,14318
1,14319
1,14320
1,14321
1,14322
1,14323
1,14324
1,14325
1,14326
1,14327
1,14328
1,14329
1,14330
1,14331
1,14332
1,14333
1,14334
1,14335
1,14336
1,14337
1,14338
1,14339
1,14340
1,14341
1,14342
1,14343
1,14344
1,14345
1,14346
1,14347
1,14348
1,14349
1,14350
1,14351
1,14352
1,14353
1,14354
1,14355
1,14356
1,14357
1,14358
1,14359
1,14360
1,14361
1,14362
1,14363
1,14364
1,14365
1,14366
1,14367
1,14368
1,14369
1,14370
1,14371
1,14372
1,14373
1,14374
1,14375
1,14376
1,14377
1,14378
1,14379
1,14380
1,14381
1,14382
1,14383
1,14384
1,14385
1,14386
1,14387
1,14388
1,14389
1,14390
1,14391
1,14392
1,14393
1,14394
1,14395
1,14396
1,14397
1,14398
1,14399
1,14400
1,14401
1,14402
1,14403
1,14404
1,14405
1,14406
1,14407
1,14408
1,14409
1,14410
1,14411
1,14412
1,14413
1,14414
1,14415
1,14416
1,14417
1,14418
1,14419
1,14420
1,14421
1,14422
1,14423
1,14424
1,14425
1,14426
1,14427
1,14428
1,14429
1,14430
1,14431
1,14432
1,14433
1,14434
1,14435
1,14436
1,14437
1,14438
1,14439
1,14440
1,14441
1,14442
1,14443
1,14444
1,14445
1,14446
1,14447
1,14448
1,14449
1,14450
1,14451
1,14452
1,14453
1,14454
1,14455
1,14456
1,14457
1,14458
1,14459
1,14460
1,14461
1,14462
1,14463
1,14464
1,14465
1,14466
1,14467
1,14468
1,14469
1,14470
1,14471
1,14472
1,14473
1,14474
1,14475
1,14476
1,14477
1,14478
1,14479
1,14480
1,14481
1,14482
1,14483
1,14484
1,14485
1,14486
1,14487
1,14488
1,14489
1,14490
1,14491
1,14492
1,14493
1,14494
1,14495
1,14496
1,14497
1,14498
1,14499
1,14500
1,14501
1,14502
1,14503
1,14504
1,14505
1,14506
1,14507
1,14508
1,14509
1,14510
1,14511
1,14512
1,14513
1,14514
1,14515
1,14516
1,14517
1,14518
1,14519
1,14520
1,14521
1,14522
1,14523
1,14524
1,14525
1,14526
1,14527
1,14528
1,14529
1,14530
1,14531
1,14532
1,14533
1,14534
1,14535
1,14536
1,14537
1,14538
1,14539
1,14540
1,14541
1,14542
1,14543
1,14544
1,14545
1,14546
1,14547
1,14548
1,14549
1,14550
1,14551
1,14552
1,14553
1,14554
1,14555
1,14556
1,14557
1,14558
1,14559
1,14560
1,14561
1,14562
1,14563
1,14564
1,14565
1,14566
1,14567
1,14568
1,14569
1,14570
1,14571
1,14572
1,14573
1,14574
1,14575
1,14576
1,14577
1,14578
1,14579
1,14580
1,14581
1,14582
1,14583
1,14584
1,14585
1,14586
1,14587
1,14588
1,14589
1,14590
1,14591
1,14592
1,14593
1,14594
1,14595
1,14596
1,14597
1,14598
1,14599
1,14600
1,14601
1,14602
1,14603
1,14604
1,14605
1,14606
1,14607
1,14608
1,14609
1,14610
1,14611
1,14612
1,14613
1,14614
1,14615
1,14616
1,14617
1,14618
1,14619
1,14620
1,14621
1,14622
1,14623
1,14624
1,14625
1,14626
1,14627
1,14628
1,14629
1,14630
1,14631
1,14632
1,14633
1,14634
1,14635
1,14636
1,14637
1,14638
1,14639
1,14640
1,14641
1,14642
1,14643
1,14644
1,14645
1,14646
1,14647
1,14648
1,14649
1,14650
1,14651
1,14652
1,14653
1,14654
1,14655
1,14656
1,14657
1,14658
1,14659
1,14660
1,14661
1,14662
1,14663
1,14664
1,14665
1,14666
1,14667
1,14668
1,14669
1,14670
1,14671
1,14672
1,14673
1,14674
1,14675
1,14676
1,14677
1,14678
1,14679
1,14680
1,14681
1,14682
1,14683
1,14684
1,14685
1,14686
1,14687
1,14688
1,14689
1,14690
1,14691
1,14692
1,14693
1,14694
1,14695
1,14696
1,14697
1,14698
1,14699
1,14700
1,14701
1,14702
1,14703
1,14704
1,14705
1,14706
1,14707
1,14708
1,14709
1,14710
1,14711
1,14712
1,14713
1,14714
1,14715
1,14716
1,14717
1,14718
1,14719
1,14720
1,14721
1,14722
1,14723
1,14724
1,14725
1,14726
1,14727
1,14728
1,14729
1,14730
1,14731
1,14732
1,14733
1,14734
1,14735
1,14736
1,14737
1,14738
1,14739
1,14740
1,14741
1,14742
1,14743
1,14744
1,14745
1,14746
1,14747
1,14748
1,14749
1,14750
1,14751
1,14752
1,14753
1,14754
1,14755
1,14756
1,14757
1,14758
1,14759
1,14760
1,14761
1,14762
1,14763
1,14764
1,14765
1,14766
1,14767
1,14768
1,14769
1,14770
1,14771
1,14772
1,14773
1,14774
1,14775
1,14776
1,14777
1,14778
1,14779
1,14780
1,14781
1,14782
1,14783
1,14784
1,14785
1,14786
1,14787
1,14788
1,14789
1,14790
1,14791
1,14792
1,14793
1,14794
1,14795
1,14796
1,14797
1,14798
1,14799
1,14800
1,14801
1,14802
1,14803
1,14804
1,14805
1,14806
1,14807
1,14808
1,14809
1,14810
1,14811
1,14812
1,14813
1,14814
1,14815
1,14816
1,14817
1,14818
1,14819
1,14820
1,14821
1,14822
1,14823
1,14824
1,14825
1,14826
1,14827
1,14828
1,14829
1,14830
1,14831
1,14832
1,14833
1,14834
1,14835
1,14836
1,14837
1,14838
1,14839
1,14840
1,14841
1,14842
1,14843
1,14844
1,14845
1,14846
1,14847
1,14848
1,14849
1,14850
1,14851
1,14852
1,14853
1,14854
1,14855
1,14856
1,14857
1,14858
1,14859
1,14860
1,14861
1,14862
1,14863
1,14864
1,14865
1,14866
1,14867
1,14868
1,14869
1,14870
1,14871
1,14872
1,14873
1,14874
1,14875
1,14876
1,14877
1,14878
1,14879
1,14880
1,14881
1,14882
1,14883
1,14884
1,14885
1,14886
1,14887
1,14888
1,14889
1,14890
1,14891
1,14892
1,14893
1,14894
1,14895
1,14896
1,14897
1,14898
1,14899
1,14900
1,14901
1,14902
1,14903
1,14904
1,14905
1,14906
1,14907
1,14908
1,14909
1,14910
1,14911
1,14912
1,14913
1,14914
1,14915
1,14916
1,14917
1,14918
1,14919
1,14920
1,14921
1,14922
1,14923
1,14924
1,14925
1,14926
1,14927
1,14928
1,14929
1,14930
1,14931
1,14932
1,14933
1,14934
1,14935
1,14936
1,14937
1,14938
1,14939
1,14940
1,14941
1,14942
1,14943
1,14944
1,14945
1,14946
1,14947
1,14948
1,14949
1,14950
1,14951
1,14952
1,14953
1,14954
1,14955
1,14956
1,14957
1,14958
1,14959
1,14960
1,14961
1,14962
1,14963
1,14964
1,14965
1,14966
1,14967
1,14968
1,14969
1,14970
1,14971
1,14972
1,14973
1,14974
1,14975
1,14976
1,14977
1,14978
1,14979
1,14980
1,14981
1,14982
1,14983
1,14984
1,14985
1,14986
1,14987
1,14988
1,14989
1,14990
1,14991
1,14992
1,14993
1,14994
1,14995
1,14996
1,14997
1,14998
1,14999
1,15000
1,15001
1,15002
1,15003
1,15004
1,15005
1,15006
1,15007
1,15008
1,15009
1,15010
1,15011
1,15012
1,15013
1,15014
1,15015
1,15016
1,15017
1,15018
1,15019
1,15020
1,15021
1,15022
1,15023
1,15024
1,15025
1,15026
1,15027
1,15028
1,15029
1,15030
1,15031
1,15032
1,15033
1,15034
1,15035
1,15036
1,15037
1,15038
1,15039
1,15040
1,15041
1,15042
1,15043
1,15044
1,15045
1,15046
1,15047
1,15048
1,15049
1,15050
1,15051
1,15052
1,15053
1,15054
1,15055
1,15056
1,15057
1,15058
1,15059
1,15060
1,15061
1,15062
1,15063
1,15064
1,15065
1,15066
1,15067
1,15068
1,15069
1,15070
1,15071
1,15072
1,15073
1,15074
1,15075
1,15076
1,15077
1,15078
1,15079
1,15080
1,15081
1,15082
1,15083
1,15084
1,15085
1,15086
1,15087
1,15088
1,15089
1,15090
1,15091
1,15092
1,15093
1,15094
1,15095
1,15096
1,15097
1,15098
1,15099
1,15100
1,15101
1,15102
15103,2
15104,2
15105,2
15106,2
15107,2
15108,2
15109,2
15110,2
15111,2
15112,2
15113,2
15114,2
15115,2
15116,2
15117,2
15118,2
15119,2
15120,2
15121,2
15122,2
15123,2
15124,2
15125,2
15126,2
15127,2
15128,2
15129,2
15130,2
15131,2
15132,2
15133,2
15134,2
15135,2
15136,2
15137,2
15138,2
15139,2
15140,2
15141,2
15142,2
15143,2
15144,2
15145,2
15146,2
15147,2
15148,2
15149,2
15150,2
15151,2
15152,2
15153,2
15154,2
15155,2
15156,2
15157,2
15158,2
15159,2
15160,2
15161,2
15162,2
15163,2
15164,2
15165,2
15166,2
15167,2
15168,2
15169,2
15170,2
15171,2
15172,2
15173,2
15174,2
15175,2
15176,2
15177,2
15178,2
15179,2
15180,2
15181,2
15182,2
15183,2
15184,2
15185,2
15186,2
15187,2
15188,2
15189,2
15190,2
15191,2
15192,2
15193,2
15194,2
15195,2
15196,2
15197,2
15198,2
15199,2
15200,2
15201,2
15202,2
15203,2
15204,2
15205,2
15206,2
15207,2
15208,2
15209,2
15210,2
15211,2
15212,2
15213,2
15214,2
15215,2
15216,2
15217,2
15218,2
15219,2
15220,2
15221,2
15222,2
15223,2
15224,2
15225,2
15226,2
15227,2
15228,2
15229,2
15230,2
15231,2
15232,2
15233,2
15234,2
15235,2
15236,2
15237,2
15238,2
15239,2
15240,2
15241,2
15242,2
15243,2
15244,2
15245,2
15246,2
15247,2
15248,2
15249,2
15250,2
15251,2
15252,2
15253,2
15254,2
15255,2
15256,2
15257,2
15258,2
15259,2
15260,2
15261,2
15262,2
15263,2
15264,2
15265,2
15266,2
15267,2
15268,2
15269,2
15270,2
15271,2
15272,2
15273,2
15274,2
15275,2
15276,2
15277,2
15278,2
15279,2
15280,2
15281,2
15282,2
15283,2
15284,2
15285,2
15286,2
15287,2
15288,2
15289,2
15290,2
15291,2
15292,2
15293,2
15294,2
15295,2
15296,2
15297,2
15298,2
15299,2
15300,2
15301,2
15302,2
15303,2
15304,2
15305,2
15306,2
15307,2
15308,2
15309,2
15310,2
15311,2
15312,2
15313,2
15314,2
15315,2
15316,2
15317,2
15318,2
15319,2
15320,2
15321,2
15322,2
15323,2
15324,2
15325,2
15326,2
15327,2
15328,2
15329,2
15330,2
15331,2
15332,2
15333,2
15334,2
15335,2
15336,2
15337,2
15338,2
15339,2
15340,2
15341,2
15342,2
15343,2
15344,2
15345,2
15346,2
15347,2
15348,2
15349,2
15350,2
15351,2
15352,2
15353,2
15354,2
15355,2
15356,2
15357,2
15358,2
15359,2
15360,2
15361,2
15362,2
15363,2
15364,2
15365,2
15366,2
15367,2
15368,2
15369,2
15370,2
15371,2
15372,2
15373,2
15374,2
15375,2
15376,2
15377,2
15378,2
15379,2
15380,2
15381,2
15382,2
15383,2
15384,2
15385,2
15386,2
15387,2
15388,2
15389,2
15390,2
15391,2
15392,2
15393,2
15394,2
15395,2
15396,2
15397,2
15398,2
15399,2
15400,2
15401,2
15402,2
15403,2
15404,2
15405,2
15406,2
15407,2
15408,2
15409,2
15410,2
15411,2
15412,2
15413,2
15414,2
15415,2
15416,2
15417,2
15418,2
15419,2
15420,2
15421,2
15422,2
15423,2
15424,2
15425,2
15426,2
15427,2
15428,2
15429,2
15430,2
15431,2
15432,2
15433,2
15434,2
15435,2
15436,2
15437,2
15438,2
15439,2
15440,2
15441,2
15442,2
15443,2
15444,2
15445,2
15446,2
15447,2
15448,2
15449,2
15450,2
15451,2
15452,2
15453,2
15454,2
15455,2
15456,2
15457,2
15458,2
15459,2
15460,2
15461,2
15462,2
15463,2
15464,2
15465,2
15466,2
15467,2
15468,2
15469,2
15470,2
15471,2
15472,2
15473,2
15474,2
15475,2
15476,2
15477,2
15478,2
15479,2
15480,2
15481,2
15482,2
15483,2
15484,2
15485,2
15486,2
15487,2
15488,2
15489,2
15490,2
15491,2
15492,2
15493,2
15494,2
15495,2
15496,2
15497,2
15498,2
15499,2
15500,2
15501,2
15502,2
15503,2
15504,2
15505,2
15506,2
15507,2
15508,2
15509,2
15510,2
15511,2
15512,2
15513,2
15514,2
15515,2
15516,2
15517,2
15518,2
15519,2
15520,2
15521,2
15522,2
15523,2
15524,2
15525,2
15526,2
15527,2
15528,2
15529,2
15530,2
15531,2
15532,2
15533,2
15534,2
15535,2
15536,2
15537,2
15538,2
15539,2
15540,2
15541,2
15542,2
15543,2
15544,2
15545,2
15546,2
15547,2
15548,2
15549,2
15550,2
15551,2
15552,2
15553,2
15554,2
15555,2
15556,2
15557,2
15558,2
15559,2
15560,2
15561,2
15562,2
15563,2
15564,2
15565,2
15566,2
15567,2
15568,2
15569,2
15570,2
15571,2
15572,2
15573,2
15574,2
15575,2
15576,2
15577,2
15578,2
15579,2
15580,2
15581,2
15582,2
15583,2
15584,2
15585,2
15586,2
15587,2
15588,2
15589,2
15590,2
15591,2
15592,2
15593,2
15594,2
15595,2
15596,2
15597,2
15598,2
15599,2
15600,2
15601,2
15602,2
15603,2
15604,2
15605,2
15606,2
15607,2
15608,2
15609,2
15610,2
15611,2
15612,2
15613,2
15614,2
15615,2
15616,2
15617,2
15618,2
15619,2
15620,2
15621,2
15622,2
15623,2
15624,2
15625,2
15626,2
15627,2
15628,2
15629,2
15630,2
15631,2
15632,2
15633,2
15634,2
15635,2
15636,2
15637,2
15638,2
15639,2
15640,2
15641,2
15642,2
15643,2
15644,2
15645,2
15646,2
15647,2
15648,2
15649,2
15650,2
15651,2
15652,2
15653,2
15654,2
15655,2
15656,2
15657,2
15658,2
15659,2
15660,2
15661,2
15662,2
15663,2
15664,2
15665,2
15666,2
15667,2
15668,2
15669,2
15670,2
15671,2
15672,2
15673,2
15674,2
15675,2
15676,2
15677,2
15678,2
15679,2
15680,2
15681,2
15682,2
15683,2
15684,2
15685,2
15686,2
15687,2
15688,2
15689,2
15690,2
15691,2
15692,2
15693,2
15694,2
15695,2
15696,2
15697,2
15698,2
15699,2
15700,2
15701,2
15702,2
15703,2
15704,2
15705,2
15706,2
15707,2
15708,2
15709,2
15710,2
15711,2
15712,2
15713,2
15714,2
15715,2
15716,2
15717,2
15718,2
15719,2
15720,2
15721,2
15722,2
15723,2
15724,2
15725,2
15726,2
15727,2
15728,2
15729,2
15730,2
15731,2
15732,2
15733,2
15734,2
15735,2
15736,2
15737,2
15738,2
15739,2
15740,2
15741,2
15742,2
15743,2
15744,2
15745,2
15746,2
15747,2
15748,2
15749,2
15750,2
15751,2
15752,2
15753,2
15754,2
15755,2
15756,2
15757,2
15758,2
15759,2
15760,2
15761,2
15762,2
15763,2
15764,2
15765,2
15766,2
15767,2
15768,2
15769,2
15770,2
15771,2
15772,2
15773,2
15774,2
15775,2
15776,2
15777,2
15778,2
15779,2
15780,2
15781,2
15782,2
15783,2
15784,2
15785,2
15786,2
15787,2
15788,2
15789,2
15790,2
15791,2
15792,2
15793,2
15794,2
15795,2
15796,2
15797,2
15798,2
15799,2
15800,2
15801,2
15802,2
15803,2
15804,2
15805,2
15806,2
15807,2
15808,2
15809,2
15810,2
15811,2
15812,2
15813,2
15814,2
15815,2
15816,2
15817,2
15818,2
15819,2
15820,2
15821,2
15822,2
15823,2
15824,2
15825,2
15826,2
15827,2
15828,2
15829,2
15830,2
15831,2
15832,2
15833,2
15834,2
15835,2
15836,2
15837,2
15838,2
15839,2
15840,2
15841,2
15842,2
15843,2
15844,2
15845,2
15846,2
15847,2
15848,2
15849,2
15850,2
15851,2
15852,2
15853,2
15854,2
15855,2
15856,2
15857,2
15858,2
15859,2
15860,2
15861,2
15862,2
15863,2
15864,2
15865,2
15866,2
15867,2
15868,2
15869,2
15870,2
15871,2
15872,2
15873,2
15874,2
15875,2
15876,2
15877,2
15878,2
15879,2
15880,2
15881,2
15882,2
15883,2
15884,2
15885,2
15886,2
15887,2
15888,2
15889,2
15890,2
15891,2
15892,2
15893,2
15894,2
15895,2
15896,2
15897,2
15898,2
15899,2
15900,2
15901,2
15902,2
15903,2
15904,2
15905,2
15906,2
15907,2
15908,2
15909,2
15910,2
15911,2
15912,2
15913,2
15914,2
15915,2
15916,2
15917,2
15918,2
15919,2
15920,2
15921,2
15922,2
15923,2
15924,2
15925,2
15926,2
15927,2
15928,2
15929,2
15930,2
15931,2
15932,2
15933,2
15934,2
15935,2
15936,2
15937,2
15938,2
15939,2
15940,2
15941,2
15942,2
15943,2
15944,2
15945,2
15946,2
15947,2
15948,2
15949,2
15950,2
15951,2
15952,2
15953,2
15954,2
15955,2
15956,2
15957,2
15958,2
15959,2
15960,2
15961,2
15962,2
15963,2
15964,2
15965,2
15966,2
15967,2
15968,2
15969,2
15970,2
15971,2
15972,2
15973,2
15974,2
15975,2
15976,2
15977,2
15978,2
15979,2
15980,2
15981,2
15982,2
15983,2
15984,2
15985,2
15986,2
15987,2
15988,2
15989,2
15990,2
15991,2
15992,2
15993,2
15994,2
15995,2
15996,2
15997,2
15998,2
15999,2
16000,2
16001,2
16002,2
16003,2
16004,2
16005,2
16006,2
16007,2
16008,2
16009,2
16010,2
16011,2
16012,2
16013,2
16014,2
16015,2
16016,2
16017,2
16018,2
16019,2
16020,2
16021,2
16022,2
16023,2
16024,2
16025,2
16026,2
16027,2
16028,2
16029,2
16030,2
16031,2
16032,2
16033,2
16034,2
16035,2
16036,2
16037,2
16038,2
16039,2
16040,2
16041,2
16042,2
16043,2
16044,2
16045,2
16046,2
16047,2
16048,2
16049,2
16050,2
16051,2
16052,2
16053,2
16054,2
16055,2
16056,2
16057,2
16058,2
16059,2
16060,2
16061,2
16062,2
16063,2
16064,2
16065,2
16066,2
16067,2
16068,2
16069,2
16070,2
16071,2
16072,2
16073,2
16074,2
16075,2
16076,2
16077,2
16078,2
16079,2
16080,2
16081,2
16082,2
16083,2
16084,2
16085,2
16086,2
16087,2
16088,2
16089,2
16090,2
16091,2
16092,2
16093,2
16094,2
16095,2
16096,2
16097,2
16098,2
16099,2
16100,2
16101,2
16102,2
16103,2
16104,2
16105,2
16106,2
16107,2
16108,2
16109,2
16110,2
16111,2
16112,2
16113,2
16114,2
16115,2
16116,2
16117,2
16118,2
16119,2
16120,2
16121,2
16122,2
16123,2
16124,2
16125,2
16126,2
16127,2
16128,2
16129,2
16130,2
16131,2
16132,2
16133,2
16134,2
16135,2
16136,2
16137,2
16138,2
16139,2
16140,2
16141,2
16142,2
16143,2
16144,2
16145,2
16146,2
16147,2
16148,2
16149,2
16150,2
16151,2
16152,2
16153,2
16154,2
16155,2
16156,2
16157,2
16158,2
16159,2
16160,2
16161,2
16162,2
16163,2
16164,2
16165,2
16166,2
16167,2
16168,2
16169,2
16170,2
16171,2
16172,2
16173,2
16174,2
16175,2
16176,2
16177,2
16178,2
16179,2
16180,2
16181,2
16182,2
16183,2
16184,2
16185,2
16186,2
16187,2
16188,2
16189,2
16190,2
16191,2
16192,2
16193,2
16194,2
16195,2
16196,2
16197,2
16198,2
16199,2
16200,2
16201,2
16202,2
16203,2
16204,2
16205,2
16206,2
16207,2
16208,2
16209,2
16210,2
16211,2
16212,2
16213,2
16214,2
16215,2
16216,2
16217,2
16218,2
16219,2
16220,2
16221,2
16222,2
16223,2
16224,2
16225,2
16226,2
16227,2
16228,2
16229,2
16230,2
16231,2
16232,2
16233,2
16234,2
16235,2
16236,2
16237,2
16238,2
16239,2
16240,2
16241,2
16242,2
16243,2
16244,2
16245,2
16246,2
16247,2
16248,2
16249,2
16250,2
16251,2
16252,2
16253,2
16254,2
16255,2
16256,2
16257,2
16258,2
16259,2
16260,2
16261,2
16262,2
16263,2
16264,2
16265,2
16266,2
16267,2
16268,2
16269,2
16270,2
16271,2
16272,2
16273,2
16274,2
16275,2
16276,2
16277,2
16278,2
16279,2
16280,2
16281,2
16282,2
16283,2
16284,2
16285,2
16286,2
16287,2
16288,2
16289,2
16290,2
16291,2
16292,2
16293,2
16294,2
16295,2
16296,2
16297,2
16298,2
16299,2
16300,2
16301,2
16302,2
16303,2
16304,2
16305,2
16306,2
16307,2
16308,2
16309,2
16310,2
16311,2
16312,2
16313,2
16314,2
16315,2
16316,2
16317,2
16318,2
16319,2
16320,2
16321,2
16322,2
16323,2
16324,2
16325,2
16326,2
16327,2
16328,2
16329,2
16330,2
16331,2
16332,2
16333,2
16334,2
16335,2
16336,2
16337,2
16338,2
16339,2
16340,2
16341,2
16342,2
16343,2
16344,2
16345,2
16346,2
16347,2
16348,2
16349,2
16350,2
16351,2
16352,2
16353,2
16354,2
16355,2
16356,2
16357,2
16358,2
16359,2
16360,2
16361,2
16362,2
16363,2
16364,2
16365,2
16366,2
16367,2
16368,2
16369,2
16370,2
16371,2
16372,2
16373,2
16374,2
16375,2
16376,2
16377,2
16378,2
16379,2
16380,2
16381,2
16382,2
16383,2
16384,2
16385,2
16386,2
16387,2
16388,2
16389,2
16390,2
16391,2
16392,2
16393,2
16394,2
16395,2
16396,2
16397,2
16398,2
16399,2
16400,2
16401,2
16402,2
16403,2
16404,2
16405,2
16406,2
16407,2
16408,2
16409,2
16410,2
16411,2
16412,2
16413,2
16414,2
16415,2
16416,2
16417,2
16418,2
16419,2
16420,2
16421,2
16422,2
16423,2
16424,2
16425,2
16426,2
16427,2
16428,2
16429,2
16430,2
16431,2
16432,2
16433,2
16434,2
16435,2
16436,2
16437,2
16438,2
16439,2
16440,2
16441,2
16442,2
16443,2
16444,2
16445,2
16446,2
16447,2
16448,2
16449,2
16450,2
16451,2
16452,2
16453,2
16454,2
16455,2
16456,2
16457,2
16458,2
16459,2
16460,2
16461,2
16462,2
16463,2
16464,2
16465,2
16466,2
16467,2
16468,2
16469,2
16470,2
16471,2
16472,2
16473,2
16474,2
16475,2
16476,2
16477,2
16478,2
16479,2
16480,2
16481,2
16482,2
16483,2
16484,2
16485,2
16486,2
16487,2
16488,2
16489,2
16490,2
16491,2
16492,2
16493,2
16494,2
16495,2
16496,2
16497,2
16498,2
16499,2
16500,2
16501,2
16502,2
16503,2
16504,2
16505,2
16506,2
16507,2
16508,2
16509,2
16510,2
16511,2
16512,2
16513,2
16514,2
16515,2
16516,2
16517,2
16518,2
16519,2
16520,2
16521,2
16522,2
16523,2
16524,2
16525,2
16526,2
16527,2
16528,2
16529,2
16530,2
16531,2
16532,2
16533,2
16534,2
16535,2
16536,2
16537,2
16538,2
16539,2
16540,2
16541,2
16542,2
16543,2
16544,2
16545,2
16546,2
16547,2
16548,2
16549,2
16550,2
16551,2
16552,2
16553,2
16554,2
16555,2
16556,2
16557,2
16558,2
16559,2
16560,2
16561,2
16562,2
16563,2
16564,2
16565,2
16566,2
16567,2
16568,2
16569,2
16570,2
16571,2
16572,2
16573,2
16574,2
16575,2
16576,2
16577,2
16578,2
16579,2
16580,2
16581,2
16582,2
16583,2
16584,2
16585,2
16586,2
16587,2
16588,2
16589,2
16590,2
16591,2
16592,2
16593,2
16594,2
16595,2
16596,2
16597,2
16598,2
16599,2
16600,2
16601,2
16602,2
16603,2
16604,2
16605,2
16606,2
16607,2
16608,2
16609,2
16610,2
16611,2
16612,2
16613,2
16614,2
16615,2
16616,2
16617,2
16618,2
16619,2
16620,2
16621,2
16622,2
16623,2
16624,2
16625,2
16626,2
16627,2
16628,2
16629,2
16630,2
16631,2
16632,2
16633,2
16634,2
16635,2
16636,2
16637,2
16638,2
16639,2
16640,2
16641,2
16642,2
16643,2
16644,2
16645,2
16646,2
16647,2
16648,2
16649,2
16650,2
16651,2
16652,2
16653,2
16654,2
16655,2
16656,2
16657,2
16658,2
16659,2
16660,2
16661,2
16662,2
16663,2
16664,2
16665,2
16666,2
16667,2
16668,2
16669,2
16670,2
16671,2
16672,2
16673,2
16674,2
16675,2
16676,2
16677,2
16678,2
16679,2
16680,2
16681,2
16682,2
16683,2
16684,2
16685,2
16686,2
16687,2
16688,2
16689,2
16690,2
16691,2
16692,2
16693,2
16694,2
16695,2
16696,2
16697,2
16698,2
16699,2
16700,2
16701,2
16702,2
16703,2
16704,2
16705,2
16706,2
16707,2
16708,2
16709,2
16710,2
16711,2
16712,2
16713,2
16714,2
16715,2
16716,2
16717,2
16718,2
16719,2
16720,2
16721,2
16722,2
16723,2
16724,2
16725,2
16726,2
16727,2
16728,2
16729,2
16730,2
16731,2
16732,2
16733,2
16734,2
16735,2
16736,2
16737,2
16738,2
16739,2
16740,2
16741,2
16742,2
16743,2
16744,2
16745,2
16746,2
16747,2
16748,2
16749,2
16750,2
16751,2
16752,2
16753,2
16754,2
16755,2
16756,2
16757,2
16758,2
16759,2
16760,2
16761,2
16762,2
16763,2
16764,2
16765,2
16766,2
16767,2
16768,2
16769,2
16770,2
16771,2
16772,2
16773,2
16774,2
16775,2
16776,2
16777,2
16778,2
16779,2
16780,2
16781,2
16782,2
16783,2
16784,2
16785,2
16786,2
16787,2
16788,2
16789,2
16790,2
16791,2
16792,2
16793,2
16794,2
16795,2
16796,2
16797,2
16798,2
16799,2
16800,2
16801,2
16802,2
16803,2
16804,2
16805,2
16806,2
16807,2
16808,2
16809,2
16810,2
16811,2
16812,2
16813,2
16814,2
16815,2
16816,2
16817,2
16818,2
16819,2
16820,2
16821,2
16822,2
16823,2
16824,2
16825,2
16826,2
16827,2
16828,2
16829,2
16830,2
16831,2
16832,2
16833,2
16834,2
16835,2
16836,2
16837,2
16838,2
16839,2
16840,2
16841,2
16842,2
16843,2
16844,2
16845,2
16846,2
16847,2
16848,2
16849,2
16850,2
16851,2
16852,2
16853,2
16854,2
16855,2
16856,2
16857,2
16858,2
16859,2
16860,2
16861,2
16862,2
16863,2
16864,2
16865,2
16866,2
16867,2
16868,2
16869,2
16870,2
16871,2
16872,2
16873,2
16874,2
16875,2
16876,2
16877,2
16878,2
16879,2
16880,2
16881,2
16882,2
16883,2
16884,2
16885,2
16886,2
16887,2
16888,2
16889,2
16890,2
16891,2
16892,2
16893,2
16894,2
16895,2
16896,2
16897,2
16898,2
16899,2
16900,2
16901,2
16902,2
16903,2
16904,2
16905,2
16906,2
16907,2
16908,2
16909,2
16910,2
16911,2
16912,2
16913,2
16914,2
16915,2
16916,2
16917,2
16918,2
16919,2
16920,2
16921,2
16922,2
16923,2
16924,2
16925,2
16926,2
16927,2
16928,2
16929,2
16930,2
16931,2
16932,2
16933,2
16934,2
16935,2
16936,2
16937,2
16938,2
16939,2
16940,2
16941,2
16942,2
16943,2
16944,2
16945,2
16946,2
16947,2
16948,2
16949,2
16950,2
16951,2
16952,2
16953,2
16954,2
16955,2
16956,2
16957,2
16958,2
16959,2
16960,2
16961,2
16962,2
16963,2
16964,2
16965,2
16966,2
16967,2
16968,2
16969,2
16970,2
16971,2
16972,2
16973,2
16974,2
16975,2
16976,2
16977,2
16978,2
16979,2
16980,2
16981,2
16982,2
16983,2
16984,2
16985,2
16986,2
16987,2
16988,2
16989,2
16990,2
16991,2
16992,2
16993,2
16994,2
16995,2
16996,2
16997,2
16998,2
16999,2
17000,2
17001,2
17002,2
17003,2
17004,2
17005,2
17006,2
17007,2
17008,2
17009,2
17010,2
17011,2
17012,2
17013,2
17014,2
17015,2
17016,2
17017,2
17018,2
17019,2
17020,2
17021,2
17022,2
17023,2
17024,2
17025,2
17026,2
17027,2
17028,2
17029,2
17030,2
17031,2
17032,2
17033,2
17034,2
17035,2
17036,2
17037,2
17038,2
17039,2
17040,2
17041,2
17042,2
17043,2
17044,2
17045,2
17046,2
17047,2
17048,2
17049,2
17050,2
17051,2
17052,2
17053,2
17054,2
17055,2
17056,2
17057,2
17058,2
17059,2
17060,2
17061,2
17062,2
17063,2
17064,2
17065,2
17066,2
17067,2
17068,2
17069,2
17070,2
17071,2
17072,2
17073,2
17074,2
17075,2
17076,2
17077,2
17078,2
17079,2
17080,2
17081,2
17082,2
17083,2
17084,2
17085,2
17086,2
17087,2
17088,2
17089,2
17090,2
17091,2
17092,2
17093,2
17094,2
17095,2
17096,2
17097,2
17098,2
17099,2
17100,2
17101,2
17102,2
17103,2
17104,2
17105,2
17106,2
17107,2
17108,2
17109,2
17110,2
17111,2
17112,2
17113,2
17114,2
17115,2
17116,2
17117,2
17118,2
17119,2
17120,2
17121,2
17122,2
17123,2
17124,2
17125,2
17126,2
17127,2
17128,2
17129,2
17130,2
17131,2
17132,2
17133,2
17134,2
17135,2
17136,2
17137,2
17138,2
17139,2
17140,2
17141,2
17142,2
17143,2
17144,2
17145,2
17146,2
17147,2
17148,2
17149,2
17150,2
17151,2
17152,2
17153,2
17154,2
17155,2
17156,2
17157,2
17158,2
17159,2
17160,2
17161,2
17162,2
17163,2
17164,2
17165,2
17166,2
17167,2
17168,2
17169,2
17170,2
17171,2
17172,2
17173,2
17174,2
17175,2
17176,2
17177,2
17178,2
17179,2
17180,2
17181,2
17182,2
17183,2
17184,2
17185,2
17186,2
17187,2
17188,2
17189,2
17190,2
17191,2
17192,2
17193,2
17194,2
17195,2
17196,2
17197,2
17198,2
17199,2
17200,2
17201,2
17202,2
17203,2
17204,2
17205,2
17206,2
17207,2
17208,2
17209,2
17210,2
17211,2
17212,2
17213,2
17214,2
17215,2
17216,2
17217,2
17218,2
17219,2
17220,2
17221,2
17222,2
17223,2
17224,2
17225,2
17226,2
17227,2
17228,2
17229,2
17230,2
17231,2
17232,2
17233,2
17234,2
17235,2
17236,2
17237,2
17238,2
17239,2
17240,2
17241,2
17242,2
17243,2
17244,2
17245,2
17246,2
17247,2
17248,2
17249,2
17250,2
17251,2
17252,2
17253,2
17254,2
17255,2
17256,2
17257,2
17258,2
17259,2
17260,2
17261,2
17262,2
17263,2
17264,2
17265,2
17266,2
17267,2
17268,2
17269,2
17270,2
17271,2
17272,2
17273,2
17274,2
17275,2
17276,2
17277,2
17278,2
17279,2
17280,2
17281,2
17282,2
17283,2
17284,2
17285,2
17286,2
17287,2
17288,2
17289,2
17290,2
17291,2
17292,2
17293,2
17294,2
17295,2
17296,2
17297,2
17298,2
17299,2
17300,2
17301,2
17302,2
17303,2
17304,2
17305,2
17306,2
17307,2
17308,2
17309,2
17310,2
17311,2
17312,2
17313,2
17314,2
17315,2
17316,2
17317,2
17318,2
17319,2
17320,2
17321,2
17322,2
17323,2
17324,2
17325,2
17326,2
17327,2
17328,2
17329,2
17330,2
17331,2
17332,2
17333,2
17334,2
17335,2
17336,2
17337,2
17338,2
17339,2
17340,2
17341,2
17342,2
17343,2
17344,2
17345,2
17346,2
17347,2
17348,2
17349,2
17350,2
17351,2
17352,2
17353,2
17354,2
17355,2
17356,2
17357,2
17358,2
17359,2
17360,2
17361,2
17362,2
17363,2
17364,2
17365,2
17366,2
17367,2
17368,2
17369,2
17370,2
17371,2
17372,2
17373,2
17374,2
17375,2
17376,2
17377,2
17378,2
17379,2
17380,2
17381,2
17382,2
17383,2
17384,2
17385,2
17386,2
17387,2
17388,2
17389,2
17390,2
17391,2
17392,2
17393,2
17394,2
17395,2
17396,2
17397,2
17398,2
17399,2
17400,2
17401,2
17402,2
17403,2
17404,2
17405,2
17406,2
17407,2
17408,2
17409,2
17410,2
17411,2
17412,2
17413,2
17414,2
17415,2
17416,2
17417,2
17418,2
17419,2
17420,2
17421,2
17422,2
17423,2
17424,2
17425,2
17426,2
17427,2
17428,2
17429,2
17430,2
17431,2
17432,2
17433,2
17434,2
17435,2
17436,2
17437,2
17438,2
17439,2
17440,2
17441,2
17442,2
17443,2
17444,2
17445,2
17446,2
17447,2
17448,2
17449,2
17450,2
17451,2
17452,2
17453,2
17454,2
17455,2
17456,2
17457,2
17458,2
17459,2
17460,2
17461,2
17462,2
17463,2
17464,2
17465,2
17466,2
17467,2
17468,2
17469,2
17470,2
17471,2
17472,2
17473,2
17474,2
17475,2
17476,2
17477,2
17478,2
17479,2
17480,2
17481,2
17482,2
17483,2
17484,2
17485,2
17486,2
17487,2
17488,2
17489,2
17490,2
17491,2
17492,2
17493,2
17494,2
17495,2
17496,2
17497,2
17498,2
17499,2
17500,2
17501,2
17502,2
17503,2
17504,2
17505,2
17506,2
17507,2
17508,2
17509,2
17510,2
17511,2
17512,2
17513,2
17514,2
17515,2
17516,2
17517,2
17518,2
17519,2
17520,2
17521,2
17522,2
17523,2
17524,2
17525,2
17526,2
17527,2
17528,2
17529,2
17530,2
17531,2
17532,2
17533,2
17534,2
17535,2
17536,2
17537,2
17538,2
17539,2
17540,2
17541,2
17542,2
17543,2
17544,2
17545,2
17546,2
17547,2
17548,2
17549,2
17550,2
17551,2
17552,2
17553,2
17554,2
17555,2
17556,2
17557,2
17558,2
17559,2
17560,2
17561,2
17562,2
17563,2
17564,2
17565,2
17566,2
17567,2
17568,2
17569,2
17570,2
17571,2
17572,2
17573,2
17574,2
17575,2
17576,2
17577,2
17578,2
17579,2
17580,2
17581,2
17582,2
17583,2
17584,2
17585,2
17586,2
17587,2
17588,2
17589,2
17590,2
17591,2
17592,2
17593,2
17594,2
17595,2
17596,2
17597,2
17598,2
17599,2
17600,2
17601,2
17602,2
17603,2
17604,2
17605,2
17606,2
17607,2
17608,2
17609,2
17610,2
17611,2
17612,2
17613,2
17614,2
17615,2
17616,2
17617,2
17618,2
17619,2
17620,2
17621,2
17622,2
17623,2
17624,2
17625,2
17626,2
17627,2
17628,2
17629,2
17630,2
17631,2
17632,2
17633,2
17634,2
17635,2
17636,2
17637,2
17638,2
17639,2
17640,2
17641,2
17642,2
17643,2
17644,2
17645,2
17646,2
17647,2
17648,2
17649,2
17650,2
17651,2
17652,2
17653,2
17654,2
17655,2
17656,2
17657,2
17658,2
17659,2
17660,2
17661,2
17662,2
17663,2
17664,2
17665,2
17666,2
17667,2
17668,2
17669,2
17670,2
17671,2
17672,2
17673,2
17674,2
17675,2
17676,2
17677,2
17678,2
17679,2
17680,2
17681,2
17682,2
17683,2
17684,2
17685,2
17686,2
17687,2
17688,2
17689,2
17690,2
17691,2
17692,2
17693,2
17694,2
17695,2
17696,2
17697,2
17698,2
17699,2
17700,2
17701,2
17702,2
17703,2
17704,2
17705,2
17706,2
17707,2
17708,2
17709,2
17710,2
17711,2
17712,2
17713,2
17714,2
17715,2
17716,2
17717,2
17718,2
17719,2
17720,2
17721,2
17722,2
17723,2
17724,2
17725,2
17726,2
17727,2
17728,2
17729,2
17730,2
17731,2
17732,2
17733,2
17734,2
17735,2
17736,2
17737,2
17738,2
17739,2
17740,2
17741,2
17742,2
17743,2
17744,2
17745,2
17746,2
17747,2
17748,2
17749,2
17750,2
17751,2
17752,2
17753,2
17754,2
17755,2
17756,2
17757,2
17758,2
17759,2
17760,2
17761,2
17762,2
17763,2
17764,2
17765,2
17766,2
17767,2
17768,2
17769,2
17770,2
17771,2
17772,2
17773,2
17774,2
17775,2
17776,2
17777,2
17778,2
17779,2
17780,2
17781,2
17782,2
17783,2
17784,2
17785,2
17786,2
17787,2
17788,2
17789,2
17790,2
17791,2
17792,2
17793,2
17794,2
17795,2
17796,2
17797,2
17798,2
17799,2
17800,2
17801,2
17802,2
17803,2
17804,2
17805,2
17806,2
17807,2
17808,2
17809,2
17810,2
17811,2
17812,2
17813,2
17814,2
17815,2
17816,2
17817,2
17818,2
17819,2
17820,2
17821,2
17822,2
17823,2
17824,2
17825,2
17826,2
17827,2
17828,2
17829,2
17830,2
17831,2
17832,2
17833,2
17834,2
17835,2
17836,2
17837,2
17838,2
17839,2
17840,2
17841,2
17842,2
17843,2
17844,2
17845,2
17846,2
17847,2
17848,2
17849,2
17850,2
17851,2
17852,2
17853,2
17854,2
17855,2
17856,2
17857,2
17858,2
17859,2
17860,2
17861,2
17862,2
17863,2
17864,2
17865,2
17866,2
17867,2
17868,2
17869,2
17870,2
17871,2
17872,2
17873,2
17874,2
17875,2
17876,2
17877,2
17878,2
17879,2
17880,2
17881,2
17882,2
17883,2
17884,2
17885,2
17886,2
17887,2
17888,2
17889,2
17890,2
17891,2
17892,2
17893,2
17894,2
17895,2
17896,2
17897,2
17898,2
17899,2
17900,2
17901,2
17902,2
17903,2
17904,2
17905,2
17906,2
17907,2
17908,2
17909,2
17910,2
17911,2
17912,2
17913,2
17914,2
17915,2
17916,2
17917,2
17918,2
17919,2
17920,2
17921,2
17922,2
17923,2
17924,2
17925,2
17926,2
17927,2
17928,2
17929,2
17930,2
17931,2
17932,2
17933,2
17934,2
17935,2
17936,2
17937,2
17938,2
17939,2
17940,2
17941,2
17942,2
17943,2
17944,2
17945,2
17946,2
17947,2
17948,2
17949,2
17950,2
17951,2
17952,2
17953,2
17954,2
17955,2
17956,2
17957,2
17958,2
17959,2
17960,2
17961,2
17962,2
17963,2
17964,2
17965,2
17966,2
17967,2
17968,2
17969,2
17970,2
17971,2
17972,2
17973,2
17974,2
17975,2
17976,2
17977,2
17978,2
17979,2
17980,2
17981,2
17982,2
17983,2
17984,2
17985,2
17986,2
17987,2
17988,2
17989,2
17990,2
17991,2
17992,2
17993,2
17994,2
17995,2
17996,2
17997,2
17998,2
17999,2
18000,2
18001,2
18002,2
18003,2
18004,2
18005,2
18006,2
18007,2
18008,2
18009,2
18010,2
18011,2
18012,2
18013,2
18014,2
18015,2
18016,2
18017,2
18018,2
18019,2
18020,2
18021,2
18022,2
18023,2
18024,2
18025,2
18026,2
18027,2
18028,2
18029,2
18030,2
18031,2
18032,2
18033,2
18034,2
18035,2
18036,2
18037,2
18038,2
18039,2
18040,2
18041,2
18042,2
18043,2
18044,2
18045,2
18046,2
18047,2
18048,2
18049,2
18050,2
18051,2
18052,2
18053,2
18054,2
18055,2
18056,2
18057,2
18058,2
18059,2
18060,2
18061,2
18062,2
18063,2
18064,2
18065,2
18066,2
18067,2
18068,2
18069,2
18070,2
18071,2
18072,2
18073,2
18074,2
18075,2
18076,2
18077,2
18078,2
18079,2
18080,2
18081,2
18082,2
18083,2
18084,2
18085,2
18086,2
18087,2
18088,2
18089,2
18090,2
18091,2
18092,2
18093,2
18094,2
18095,2
18096,2
18097,2
18098,2
18099,2
18100,2
18101,2
18102,2
18103,2
18104,2
18105,2
18106,2
18107,2
18108,2
18109,2
18110,2
18111,2
18112,2
18113,2
18114,2
18115,2
18116,2
18117,2
18118,2
18119,2
18120,2
18121,2
18122,2
18123,2
18124,2
18125,2
18126,2
18127,2
18128,2
18129,2
18130,2
18131,2
18132,2
18133,2
18134,2
18135,2
18136,2
18137,2
18138,2
18139,2
18140,2
18141,2
18142,2
18143,2
18144,2
18145,2
18146,2
18147,2
18148,2
18149,2
18150,2
18151,2
18152,2
18153,2
18154,2
18155,2
18156,2
18157,2
18158,2
18159,2
18160,2
18161,2
18162,2
18163,2
18164,2
18165,2
18166,2
18167,2
18168,2
18169,2
18170,2
18171,2
18172,2
18173,2
18174,2
18175,2
18176,2
18177,2
18178,2
18179,2
18180,2
18181,2
18182,2
18183,2
18184,2
18185,2
18186,2
18187,2
18188,2
18189,2
18190,2
18191,2
18192,2
18193,2
18194,2
18195,2
18196,2
18197,2
18198,2
18199,2
18200,2
18201,2
18202,2
18203,2
18204,2
18205,2
18206,2
18207,2
18208,2
18209,2
18210,2
18211,2
18212,2
18213,2
18214,2
18215,2
18216,2
18217,2
18218,2
18219,2
18220,2
18221,2
18222,2
18223,2
18224,2
18225,2
18226,2
18227,2
18228,2
18229,2
18230,2
18231,2
18232,2
18233,2
18234,2
18235,2
18236,2
18237,2
18238,2
18239,2
18240,2
18241,2
18242,2
18243,2
18244,2
18245,2
18246,2
18247,2
18248,2
18249,2
18250,2
18251,2
18252,2
18253,2
18254,2
18255,2
18256,2
18257,2
18258,2
18259,2
18260,2
18261,2
18262,2
18263,2
18264,2
18265,2
18266,2
18267,2
18268,2
18269,2
18270,2
18271,2
18272,2
18273,2
18274,2
18275,2
18276,2
18277,2
18278,2
18279,2
18280,2
18281,2
18282,2
18283,2
18284,2
18285,2
18286,2
18287,2
18288,2
18289,2
18290,2
18291,2
18292,2
18293,2
18294,2
18295,2
18296,2
18297,2
18298,2
18299,2
18300,2
18301,2
18302,2
18303,2
18304,2
18305,2
18306,2
18307,2
18308,2
18309,2
18310,2
18311,2
18312,2
18313,2
18314,2
18315,2
18316,2
18317,2
18318,2
18319,2
18320,2
18321,2
18322,2
18323,2
18324,2
18325,2
18326,2
18327,2
18328,2
18329,2
18330,2
18331,2
18332,2
18333,2
18334,2
18335,2
18336,2
18337,2
18338,2
18339,2
18340,2
18341,2
18342,2
18343,2
18344,2
18345,2
18346,2
18347,2
18348,2
18349,2
18350,2
18351,2
18352,2
18353,2
18354,2
18355,2
18356,2
18357,2
18358,2
18359,2
18360,2
18361,2
18362,2
18363,2
18364,2
18365,2
18366,2
18367,2
18368,2
18369,2
18370,2
18371,2
18372,2
18373,2
18374,2
18375,2
18376,2
18377,2
18378,2
18379,2
18380,2
18381,2
18382,2
18383,2
18384,2
18385,2
18386,2
18387,2
18388,2
18389,2
18390,2
18391,2
18392,2
18393,2
18394,2
18395,2
18396,2
18397,2
18398,2
18399,2
18400,2
18401,2
18402,2
18403,2
18404,2
18405,2
18406,2
18407,2
18408,2
18409,2
18410,2
18411,2
18412,2
18413,2
18414,2
18415,2
18416,2
18417,2
18418,2
18419,2
18420,2
18421,2
18422,2
18423,2
18424,2
18425,2
18426,2
18427,2
18428,2
18429,2
18430,2
18431,2
18432,2
18433,2
18434,2
18435,2
18436,2
18437,2
18438,2
18439,2
18440,2
18441,2
18442,2
18443,2
18444,2
18445,2
18446,2
18447,2
18448,2
18449,2
18450,2
18451,2
18452,2
18453,2
18454,2
18455,2
18456,2
18457,2
18458,2
18459,2
18460,2
18461,2
18462,2
18463,2
18464,2
18465,2
18466,2
18467,2
18468,2
18469,2
18470,2
18471,2
18472,2
18473,2
18474,2
18475,2
18476,2
18477,2
18478,2
18479,2
18480,2
18481,2
18482,2
18483,2
18484,2
18485,2
18486,2
18487,2
18488,2
18489,2
18490,2
18491,2
18492,2
18493,2
18494,2
18495,2
18496,2
18497,2
18498,2
18499,2
18500,2
18501,2
18502,2
18503,2
18504,2
18505,2
18506,2
18507,2
18508,2
18509,2
18510,2
18511,2
18512,2
18513,2
18514,2
18515,2
18516,2
18517,2
18518,2
18519,2
18520,2
18521,2
18522,2
18523,2
18524,2
18525,2
18526,2
18527,2
18528,2
18529,2
18530,2
18531,2
18532,2
18533,2
18534,2
18535,2
18536,2
18537,2
18538,2
18539,2
18540,2
18541,2
18542,2
18543,2
18544,2
18545,2
18546,2
18547,2
18548,2
18549,2
18550,2
18551,2
18552,2
18553,2
18554,2
18555,2
18556,2
18557,2
18558,2
18559,2
18560,2
18561,2
18562,2
18563,2
18564,2
18565,2
18566,2
18567,2
18568,2
18569,2
18570,2
18571,2
18572,2
18573,2
18574,2
18575,2
18576,2
18577,2
18578,2
18579,2
18580,2
18581,2
18582,2
18583,2
18584,2
18585,2
18586,2
18587,2
18588,2
18589,2
18590,2
18591,2
18592,2
18593,2
18594,2
18595,2
18596,2
18597,2
18598,2
18599,2
18600,2
18601,2
18602,2
18603,2
18604,2
18605,2
18606,2
18607,2
18608,2
18609,2
18610,2
18611,2
18612,2
18613,2
18614,2
18615,2
18616,2
18617,2
18618,2
18619,2
18620,2
18621,2
18622,2
18623,2
18624,2
18625,2
18626,2
18627,2
18628,2
18629,2
18630,2
18631,2
18632,2
18633,2
18634,2
18635,2
18636,2
18637,2
18638,2
18639,2
18640,2
18641,2
18642,2
18643,2
18644,2
18645,2
18646,2
18647,2
18648,2
18649,2
18650,2
18651,2
18652,2
18653,2
18654,2
18655,2
18656,2
18657,2
18658,2
18659,2
18660,2
18661,2
18662,2
18663,2
18664,2
18665,2
18666,2
18667,2
18668,2
18669,2
18670,2
18671,2
18672,2
18673,2
18674,2
18675,2
18676,2
18677,2
18678,2
18679,2
18680,2
18681,2
18682,2
18683,2
18684,2
18685,2
18686,2
18687,2
18688,2
18689,2
18690,2
18691,2
18692,2
18693,2
18694,2
18695,2
18696,2
18697,2
18698,2
18699,2
18700,2
18701,2
18702,2
18703,2
18704,2
18705,2
18706,2
18707,2
18708,2
18709,2
18710,2
18711,2
18712,2
18713,2
18714,2
18715,2
18716,2
18717,2
18718,2
18719,2
18720,2
18721,2
18722,2
18723,2
18724,2
18725,2
18726,2
18727,2
18728,2
18729,2
18730,2
18731,2
18732,2
18733,2
18734,2
18735,2
18736,2
18737,2
18738,2
18739,2
18740,2
18741,2
18742,2
18743,2
18744,2
18745,2
18746,2
18747,2
18748,2
18749,2
18750,2
18751,2
18752,2
18753,2
18754,2
18755,2
18756,2
18757,2
18758,2
18759,2
18760,2
18761,2
18762,2
18763,2
18764,2
18765,2
18766,2
18767,2
18768,2
18769,2
18770,2
18771,2
18772,2
18773,2
18774,2
18775,2
18776,2
18777,2
18778,2
18779,2
18780,2
18781,2
18782,2
18783,2
18784,2
18785,2
18786,2
18787,2
18788,2
18789,2
18790,2
18791,2
18792,2
18793,2
18794,2
18795,2
18796,2
18797,2
18798,2
18799,2
18800,2
18801,2
18802,2
18803,2
18804,2
18805,2
18806,2
18807,2
18808,2
18809,2
18810,2
18811,2
18812,2
18813,2
18814,2
18815,2
18816,2
18817,2
18818,2
18819,2
18820,2
18821,2
18822,2
18823,2
18824,2
18825,2
18826,2
18827,2
18828,2
18829,2
18830,2
18831,2
18832,2
18833,2
18834,2
18835,2
18836,2
18837,2
18838,2
18839,2
18840,2
18841,2
18842,2
18843,2
18844,2
18845,2
18846,2
18847,2
18848,2
18849,2
18850,2
18851,2
18852,2
18853,2
18854,2
18855,2
18856,2
18857,2
18858,2
18859,2
18860,2
18861,2
18862,2
18863,2
18864,2
18865,2
18866,2
18867,2
18868,2
18869,2
18870,2
18871,2
18872,2
18873,2
18874,2
18875,2
18876,2
18877,2
18878,2
18879,2
18880,2
18881,2
18882,2
18883,2
18884,2
18885,2
18886,2
18887,2
18888,2
18889,2
18890,2
18891,2
18892,2
18893,2
18894,2
18895,2
18896,2
18897,2
18898,2
18899,2
18900,2
18901,2
18902,2
18903,2
18904,2
18905,2
18906,2
18907,2
18908,2
18909,2
18910,2
18911,2
18912,2
18913,2
18914,2
18915,2
18916,2
18917,2
18918,2
18919,2
18920,2
18921,2
18922,2
18923,2
18924,2
18925,2
18926,2
18927,2
18928,2
18929,2
18930,2
18931,2
18932,2
18933,2
18934,2
18935,2
18936,2
18937,2
18938,2
18939,2
18940,2
18941,2
18942,2
18943,2
18944,2
18945,2
18946,2
18947,2
18948,2
18949,2
18950,2
18951,2
18952,2
18953,2
18954,2
18955,2
18956,2
18957,2
18958,2
18959,2
18960,2
18961,2
18962,2
18963,2
18964,2
18965,2
18966,2
18967,2
18968,2
18969,2
18970,2
18971,2
18972,2
18973,2
18974,2
18975,2
18976,2
18977,2
18978,2
18979,2
18980,2
18981,2
18982,2
18983,2
18984,2
18985,2
18986,2
18987,2
18988,2
18989,2
18990,2
18991,2
18992,2
18993,2
18994,2
18995,2
18996,2
18997,2
18998,2
18999,2
19000,2
19001,2
19002,2
19003,2
19004,2
19005,2
19006,2
19007,2
19008,2
19009,2
19010,2
19011,2
19012,2
19013,2
19014,2
19015,2
19016,2
19017,2
19018,2
19019,2
19020,2
19021,2
19022,2
19023,2
19024,2
19025,2
19026,2
19027,2
19028,2
19029,2
19030,2
19031,2
19032,2
19033,2
19034,2
19035,2
19036,2
19037,2
19038,2
19039,2
19040,2
19041,2
19042,2
19043,2
19044,2
19045,2
19046,2
19047,2
19048,2
19049,2
19050,2
19051,2
19052,2
19053,2
19054,2
19055,2
19056,2
19057,2
19058,2
19059,2
19060,2
19061,2
19062,2
19063,2
19064,2
19065,2
19066,2
19067,2
19068,2
19069,2
19070,2
19071,2
19072,2
19073,2
19074,2
19075,2
19076,2
19077,2
19078,2
19079,2
19080,2
19081,2
19082,2
19083,2
19084,2
19085,2
19086,2
19087,2
19088,2
19089,2
19090,2
19091,2
19092,2
19093,2
19094,2
19095,2
19096,2
19097,2
19098,2
19099,2
19100,2
19101,2
19102,2
19103,2
19104,2
19105,2
19106,2
19107,2
19108,2
19109,2
19110,2
19111,2
19112,2
19113,2
19114,2
19115,2
19116,2
19117,2
19118,2
19119,2
19120,2
19121,2
19122,2
19123,2
19124,2
19125,2
19126,2
19127,2
19128,2
19129,2
19130,2
19131,2
19132,2
19133,2
19134,2
19135,2
19136,2
19137,2
19138,2
19139,2
19140,2
19141,2
19142,2
19143,2
19144,2
19145,2
19146,2
19147,2
19148,2
19149,2
19150,2
19151,2
19152,2
19153,2
19154,2
19155,2
19156,2
19157,2
19158,2
19159,2
19160,2
19161,2
19162,2
19163,2
19164,2
19165,2
19166,2
19167,2
19168,2
19169,2
19170,2
19171,2
19172,2
19173,2
19174,2
19175,2
19176,2
19177,2
19178,2
19179,2
19180,2
19181,2
19182,2
19183,2
19184,2
19185,2
19186,2
19187,2
19188,2
19189,2
19190,2
19191,2
19192,2
19193,2
19194,2
19195,2
19196,2
19197,2
19198,2
19199,2
19200,2
19201,2
19202,2
19203,2
19204,2
19205,2
19206,2
19207,2
19208,2
19209,2
19210,2
19211,2
19212,2
19213,2
19214,2
19215,2
19216,2
19217,2
19218,2
19219,2
19220,2
19221,2
19222,2
19223,2
19224,2
19225,2
19226,2
19227,2
19228,2
19229,2
19230,2
19231,2
19232,2
19233,2
19234,2
19235,2
19236,2
19237,2
19238,2
19239,2
19240,2
19241,2
19242,2
19243,2
19244,2
19245,2
19246,2
19247,2
19248,2
19249,2
19250,2
19251,2
19252,2
19253,2
19254,2
19255,2
19256,2
19257,2
19258,2
19259,2
19260,2
19261,2
19262,2
19263,2
19264,2
19265,2
19266,2
19267,2
19268,2
19269,2
19270,2
19271,2
19272,2
19273,2
19274,2
19275,2
19276,2
19277,2
19278,2
19279,2
19280,2
19281,2
19282,2
19283,2
19284,2
19285,2
19286,2
19287,2
19288,2
19289,2
19290,2
19291,2
19292,2
19293,2
19294,2
19295,2
19296,2
19297,2
19298,2
19299,2
19300,2
19301,2
19302,2
19303,2
19304,2
19305,2
19306,2
19307,2
19308,2
19309,2
19310,2
19311,2
19312,2
19313,2
19314,2
19315,2
19316,2
19317,2
19318,2
19319,2
19320,2
19321,2
19322,2
19323,2
19324,2
19325,2
19326,2
19327,2
19328,2
19329,2
19330,2
19331,2
19332,2
19333,2
19334,2
19335,2
19336,2
19337,2
19338,2
19339,2
19340,2
19341,2
19342,2
19343,2
19344,2
19345,2
19346,2
19347,2
19348,2
19349,2
19350,2
19351,2
19352,2
19353,2
19354,2
19355,2
19356,2
19357,2
19358,2
19359,2
19360,2
19361,2
19362,2
19363,2
19364,2
19365,2
19366,2
19367,2
19368,2
19369,2
19370,2
19371,2
19372,2
19373,2
19374,2
19375,2
19376,2
19377,2
19378,2
19379,2
19380,2
19381,2
19382,2
19383,2
19384,2
19385,2
19386,2
19387,2
19388,2
19389,2
19390,2
19391,2
19392,2
19393,2
19394,2
19395,2
19396,2
19397,2
19398,2
19399,2
19400,2
19401,2
19402,2
19403,2
19404,2
19405,2
19406,2
19407,2
19408,2
19409,2
19410,2
19411,2
19412,2
19413,2
19414,2
19415,2
19416,2
19417,2
19418,2
19419,2
19420,2
19421,2
19422,2
19423,2
19424,2
19425,2
19426,2
19427,2
19428,2
19429,2
19430,2
19431,2
19432,2
19433,2
19434,2
19435,2
19436,2
19437,2
19438,2
19439,2
19440,2
19441,2
19442,2
19443,2
19444,2
19445,2
19446,2
19447,2
19448,2
19449,2
19450,2
19451,2
19452,2
19453,2
19454,2
19455,2
19456,2
19457,2
19458,2
19459,2
19460,2
19461,2
19462,2
19463,2
19464,2
19465,2
19466,2
19467,2
19468,2
19469,2
19470,2
19471,2
19472,2
19473,2
19474,2
19475,2
19476,2
19477,2
19478,2
19479,2
19480,2
19481,2
19482,2
19483,2
19484,2
19485,2
19486,2
19487,2
19488,2
19489,2
19490,2
19491,2
19492,2
19493,2
19494,2
19495,2
19496,2
19497,2
19498,2
19499,2
19500,2
19501,2
19502,2
19503,2
19504,2
19505,2
19506,2
19507,2
19508,2
19509,2
19510,2
19511,2
19512,2
19513,2
19514,2
19515,2
19516,2
19517,2
19518,2
19519,2
19520,2
19521,2
19522,2
19523,2
19524,2
19525,2
19526,2
19527,2
19528,2
19529,2
19530,2
19531,2
19532,2
19533,2
19534,2
19535,2
19536,2
19537,2
19538,2
19539,2
19540,2
19541,2
19542,2
19543,2
19544,2
19545,2
19546,2
19547,2
19548,2
19549,2
19550,2
19551,2
19552,2
19553,2
19554,2
19555,2
19556,2
19557,2
19558,2
19559,2
19560,2
19561,2
19562,2
19563,2
19564,2
19565,2
19566,2
19567,2
19568,2
19569,2
19570,2
19571,2
19572,2
19573,2
19574,2
19575,2
19576,2
19577,2
19578,2
19579,2
19580,2
19581,2
19582,2
19583,2
19584,2
19585,2
19586,2
19587,2
19588,2
19589,2
19590,2
19591,2
19592,2
19593,2
19594,2
19595,2
19596,2
19597,2
19598,2
19599,2
19600,2
19601,2
19602,2
19603,2
19604,2
19605,2
19606,2
19607,2
19608,2
19609,2
19610,2
19611,2
19612,2
19613,2
19614,2
19615,2
19616,2
19617,2
19618,2
19619,2
19620,2
19621,2
19622,2
19623,2
19624,2
19625,2
19626,2
19627,2
19628,2
19629,2
19630,2
19631,2
19632,2
19633,2
19634,2
19635,2
19636,2
19637,2
19638,2
19639,2
19640,2
19641,2
19642,2
19643,2
19644,2
19645,2
19646,2
19647,2
19648,2
19649,2
19650,2
19651,2
19652,2
19653,2
19654,2
19655,2
19656,2
19657,2
19658,2
19659,2
19660,2
19661,2
19662,2
19663,2
19664,2
19665,2
19666,2
19667,2
19668,2
19669,2
19670,2
19671,2
19672,2
19673,2
19674,2
19675,2
19676,2
19677,2
19678,2
19679,2
19680,2
19681,2
19682,2
19683,2
19684,2
19685,2
19686,2
19687,2
19688,2
19689,2
19690,2
19691,2
19692,2
19693,2
19694,2
19695,2
19696,2
19697,2
19698,2
19699,2
19700,2
19701,2
19702,2
19703,2
19704,2
19705,2
19706,2
19707,2
19708,2
19709,2
19710,2
19711,2
19712,2
19713,2
19714,2
19715,2
19716,2
19717,2
19718,2
19719,2
19720,2
19721,2
19722,2
19723,2
19724,2
19725,2
19726,2
19727,2
19728,2
19729,2
19730,2
19731,2
19732,2
19733,2
19734,2
19735,2
19736,2
19737,2
19738,2
19739,2
19740,2
19741,2
19742,2
19743,2
19744,2
19745,2
19746,2
19747,2
19748,2
19749,2
19750,2
19751,2
19752,2
19753,2
19754,2
19755,2
19756,2
19757,2
19758,2
19759,2
19760,2
19761,2
19762,2
19763,2
19764,2
19765,2
19766,2
19767,2
19768,2
19769,2
19770,2
19771,2
19772,2
19773,2
19774,2
19775,2
19776,2
19777,2
19778,2
19779,2
19780,2
19781,2
19782,2
19783,2
19784,2
19785,2
19786,2
19787,2
19788,2
19789,2
19790,2
19791,2
19792,2
19793,2
19794,2
19795,2
19796,2
19797,2
19798,2
19799,2
19800,2
19801,2
19802,2
19803,2
19804,2
19805,2
19806,2
19807,2
19808,2
19809,2
19810,2
19811,2
19812,2
19813,2
19814,2
19815,2
19816,2
19817,2
19818,2
19819,2
19820,2
19821,2
19822,2
19823,2
19824,2
19825,2
19826,2
19827,2
19828,2
19829,2
19830,2
19831,2
19832,2
19833,2
19834,2
19835,2
19836,2
19837,2
19838,2
19839,2
19840,2
19841,2
19842,2
19843,2
19844,2
19845,2
19846,2
19847,2
19848,2
19849,2
19850,2
19851,2
19852,2
19853,2
19854,2
19855,2
19856,2
19857,2
19858,2
19859,2
19860,2
19861,2
19862,2
19863,2
19864,2
19865,2
19866,2
19867,2
19868,2
19869,2
19870,2
19871,2
19872,2
19873,2
19874,2
19875,2
19876,2
19877,2
19878,2
19879,2
19880,2
19881,2
19882,2
19883,2
19884,2
19885,2
19886,2
19887,2
19888,2
19889,2
19890,2
19891,2
19892,2
19893,2
19894,2
19895,2
19896,2
19897,2
19898,2
19899,2
19900,2
19901,2
19902,2
19903,2
19904,2
19905,2
19906,2
19907,2
19908,2
19909,2
19910,2
19911,2
19912,2
19913,2
19914,2
19915,2
19916,2
19917,2
19918,2
19919,2
19920,2
19921,2
19922,2
19923,2
19924,2
19925,2
19926,2
19927,2
19928,2
19929,2
19930,2
19931,2
19932,2
19933,2
19934,2
19935,2
19936,2
19937,2
19938,2
19939,2
19940,2
19941,2
19942,2
19943,2
19944,2
19945,2
19946,2
19947,2
19948,2
19949,2
19950,2
19951,2
19952,2
19953,2
19954,2
19955,2
19956,2
19957,2
19958,2
19959,2
19960,2
19961,2
19962,2
19963,2
19964,2
19965,2
19966,2
19967,2
19968,2
19969,2
19970,2
19971,2
19972,2
19973,2
19974,2
19975,2
19976,2
19977,2
19978,2
19979,2
19980,2
19981,2
19982,2
19983,2
19984,2
19985,2
19986,2
19987,2
19988,2
19989,2
19990,2
19991,2
19992,2
19993,2
19994,2
19995,2
19996,2
19997,2
19998,2
19999,2
20000,2
20001,2
20002,2
20003,2
20004,2
20005,2
20006,2
20007,2
20008,2
20009,2
20010,2
20011,2
20012,2
20013,2
20014,2
20015,2
20016,2
20017,2
20018,2
20019,2
20020,2
20021,2
20022,2
20023,2
20024,2
20025,2
20026,2
20027,2
20028,2
20029,2
20030,2
20031,2
20032,2
20033,2
20034,2
20035,2
20036,2
20037,2
20038,2
20039,2
20040,2
20041,2
20042,2
20043,2
20044,2
20045,2
20046,2
20047,2
20048,2
20049,2
20050,2
20051,2
20052,2
20053,2
20054,2
20055,2
20056,2
20057,2
20058,2
20059,2
20060,2
20061,2
20062,2
20063,2
20064,2
20065,2
20066,2
20067,2
20068,2
20069,2
20070,2
20071,2
20072,2
20073,2
20074,2
20075,2
20076,2
20077,2
20078,2
20079,2
20080,2
20081,2
20082,2
20083,2
20084,2
20085,2
20086,2
20087,2
20088,2
20089,2
20090,2
20091,2
20092,2
20093,2
20094,2
20095,2
20096,2
20097,2
20098,2
20099,2
20100,2
20101,2
20102,2
20103,20203
20104,20204
20105,20205
20106,20206
20107,20207
20108,20208
20109,20209
20110,20210
20111,20211
20112,20212
20113,20213
20114,20214
20115,20215
20116,20216
20117,20217
20118,20218
20119,20219
20120,20220
20121,20221
20122,20222
20123,20223
20124,20224
20125,20225
20126,20226
20127,20227
20128,20228
20129,20229
20130,20230
20131,20231
20132,20232
20133,20233
20134,20234
20135,20235
20136,20236
20137,20237
20138,20238
20139,20239
20140,20240
20141,20241
20142,20242
20143,20243
20144,20244
20145,20245
20146,20246
20147,20247
20148,20248
20149,20249
20150,20250
20151,20251
20152,20252
20153,20253
20154,20254
20155,20255
20156,20256
20157,20257
20158,20258
20159,20259
20160,20260
20161,20261
20162,20262
20163,20263
20164,20264
20165,20265
20166,20266
20167,20267
20168,20268
20169,20269
20170,20270
20171,20271
20172,20272
20173,20273
20174,20274
20175,20275
20176,20276
20177,20277
20178,20278
20179,20279
20180,20280
20181,20281
20182,20282
20183,20283
20184,20284
20185,20285
20186,20286
20187,20287
20188,20288
20189,20289
20190,20290
20191,20291
20192,20292
20193,20293
20194,20294
20195,20295
20196,20296
20197,20297
20198,20298
20199,20299
20200,20300
20201,20301
20202,20302
