TP_C,TP_D
2,20303
2,20304
2,20305
2,20306
2,20307
2,20308
2,20309
2,20310
2,20311
2,20312
2,20313
2,20314
2,20315
2,20316
2,20317
2,20318
2,20319
2,20320
2,20321
2,20322
2,20323
2,20324
2,20325
2,20326
2,20327
2,20328
2,20329
2,20330
2,20331
2,20332
2,20333
2,20334
2,20335
2,20336
2,20337
2,20338
2,20339
2,20340
2,20341
2,20342
2,20343
2,20344
2,20345
2,20346
2,20347
2,20348
2,20349
2,20350
2,20351
2,20352
2,20353
2,20354
2,20355
2,20356
2,20357
2,20358
2,20359
2,20360
2,20361
2,20362
2,20363
2,20364
2,20365
2,20366
2,20367
2,20368
2,20369
2,20370
2,20371
2,20372
2,20373
2,20374
2,20375
2,20376
2,20377
2,20378
2,20379
2,20380
2,20381
2,20382
2,20383
2,20384
2,20385
2,20386
2,20387
2,20388
2,20389
2,20390
2,20391
2,20392
2,20393
2,20394
2,20395
2,20396
2,20397
2,20398
2,20399
2,20400
2,20401
2,20402
2,20403
2,20404
2,20405
2,20406
2,20407
2,20408
2,20409
2,20410
2,20411
2,20412
2,20413
2,20414
2,20415
2,20416
2,20417
2,20418
2,20419
2,20420
2,20421
2,20422
2,20423
2,20424
2,20425
2,20426
2,20427
2,20428
2,20429
2,20430
2,20431
2,20432
2,20433
2,20434
2,20435
2,20436
2,20437
2,20438
2,20439
2,20440
2,20441
2,20442
2,20443
2,20444
2,20445
2,20446
2,20447
2,20448
2,20449
2,20450
2,20451
2,20452
2,20453
2,20454
2,20455
2,20456
2,20457
2,20458
2,20459
2,20460
2,20461
2,20462
2,20463
2,20464
2,20465
2,20466
2,20467
2,20468
2,20469
2,20470
2,20471
2,20472
2,20473
2,20474
2,20475
2,20476
2,20477
2,20478
2,20479
2,20480
2,20481
2,20482
2,20483
2,20484
2,20485
2,20486
2,20487
2,20488
2,20489
2,20490
2,20491
2,20492
2,20493
2,20494
2,20495
2,20496
2,20497
2,20498
2,20499
2,20500
2,20501
2,20502
2,20503
2,20504
2,20505
2,20506
2,20507
2,20508
2,20509
2,20510
2,20511
2,20512
2,20513
2,20514
2,20515
2,20516
2,20517
2,20518
2,20519
2,20520
2,20521
2,20522
2,20523
2,20524
2,20525
2,20526
2,20527
2,20528
2,20529
2,20530
2,20531
2,20532
2,20533
2,20534
2,20535
2,20536
2,20537
2,20538
2,20539
2,20540
2,20541
2,20542
2,20543
2,20544
2,20545
2,20546
2,20547
2,20548
2,20549
2,20550
2,20551
2,20552
2,20553
2,20554
2,20555
2,20556
2,20557
2,20558
2,20559
2,20560
2,20561
2,20562
2,20563
2,20564
2,20565
2,20566
2,20567
2,20568
2,20569
2,20570
2,20571
2,20572
2,20573
2,20574
2,20575
2,20576
2,20577
2,20578
2,20579
2,20580
2,20581
2,20582
2,20583
2,20584
2,20585
2,20586
2,20587
2,20588
2,20589
2,20590
2,20591
2,20592
2,20593
2,20594
2,20595
2,20596
2,20597
2,20598
2,20599
2,20600
2,20601
2,20602
2,20603
2,20604
2,20605
2,20606
2,20607
2,20608
2,20609
2,20610
2,20611
2,20612
2,20613
2,20614
2,20615
2,20616
2,20617
2,20618
2,20619
2,20620
2,20621
2,20622
2,20623
2,20624
2,20625
2,20626
2,20627
2,20628
2,20629
2,20630
2,20631
2,20632
2,20633
2,20634
2,20635
2,20636
2,20637
2,20638
2,20639
2,20640
2,20641
2,20642
2,20643
2,20644
2,20645
2,20646
2,20647
2,20648
2,20649
2,20650
2,20651
2,20652
2,20653
2,20654
2,20655
2,20656
2,20657
2,20658
2,20659
2,20660
2,20661
2,20662
2,20663
2,20664
2,20665
2,20666
2,20667
2,20668
2,20669
2,20670
2,20671
2,20672
2,20673
2,20674
2,20675
2,20676
2,20677
2,20678
2,20679
2,20680
2,20681
2,20682
2,20683
2,20684
2,20685
2,20686
2,20687
2,20688
2,20689
2,20690
2,20691
2,20692
2,20693
2,20694
2,20695
2,20696
2,20697
2,20698
2,20699
2,20700
2,20701
2,20702
2,20703
2,20704
2,20705
2,20706
2,20707
2,20708
2,20709
2,20710
2,20711
2,20712
2,20713
2,20714
2,20715
2,20716
2,20717
2,20718
2,20719
2,20720
2,20721
2,20722
2,20723
2,20724
2,20725
2,20726
2,20727
2,20728
2,20729
2,20730
2,20731
2,20732
2,20733
2,20734
2,20735
2,20736
2,20737
2,20738
2,20739
2,20740
2,20741
2,20742
2,20743
2,20744
2,20745
2,20746
2,20747
2,20748
2,20749
2,20750
2,20751
2,20752
2,20753
2,20754
2,20755
2,20756
2,20757
2,20758
2,20759
2,20760
2,20761
2,20762
2,20763
2,20764
2,20765
2,20766
2,20767
2,20768
2,20769
2,20770
2,20771
2,20772
2,20773
2,20774
2,20775
2,20776
2,20777
2,20778
2,20779
2,20780
2,20781
2,20782
2,20783
2,20784
2,20785
2,20786
2,20787
2,20788
2,20789
2,20790
2,20791
2,20792
2,20793
2,20794
2,20795
2,20796
2,20797
2,20798
2,20799
2,20800
2,20801
2,20802
2,20803
2,20804
2,20805
2,20806
2,20807
2,20808
2,20809
2,20810
2,20811
2,20812
2,20813
2,20814
2,20815
2,20816
2,20817
2,20818
2,20819
2,20820
2,20821
2,20822
2,20823
2,20824
2,20825
2,20826
2,20827
2,20828
2,20829
2,20830
2,20831
2,20832
2,20833
2,20834
2,20835
2,20836
2,20837
2,20838
2,20839
2,20840
2,20841
2,20842
2,20843
2,20844
2,20845
2,20846
2,20847
2,20848
2,20849
2,20850
2,20851
2,20852
2,20853
2,20854
2,20855
2,20856
2,20857
2,20858
2,20859
2,20860
2,20861
2,20862
2,20863
2,20864
2,20865
2,20866
2,20867
2,20868
2,20869
2,20870
2,20871
2,20872
2,20873
2,20874
2,20875
2,20876
2,20877
2,20878
2,20879
2,20880
2,20881
2,20882
2,20883
2,20884
2,20885
2,20886
2,20887
2,20888
2,20889
2,20890
2,20891
2,20892
2,20893
2,20894
2,20895
2,20896
2,20897
2,20898
2,20899
2,20900
2,20901
2,20902
2,20903
2,20904
2,20905
2,20906
2,20907
2,20908
2,20909
2,20910
2,20911
2,20912
2,20913
2,20914
2,20915
2,20916
2,20917
2,20918
2,20919
2,20920
2,20921
2,20922
2,20923
2,20924
2,20925
2,20926
2,20927
2,20928
2,20929
2,20930
2,20931
2,20932
2,20933
2,20934
2,20935
2,20936
2,20937
2,20938
2,20939
2,20940
2,20941
2,20942
2,20943
2,20944
2,20945
2,20946
2,20947
2,20948
2,20949
2,20950
2,20951
2,20952
2,20953
2,20954
2,20955
2,20956
2,20957
2,20958
2,20959
2,20960
2,20961
2,20962
2,20963
2,20964
2,20965
2,20966
2,20967
2,20968
2,20969
2,20970
2,20971
2,20972
2,20973
2,20974
2,20975
2,20976
2,20977
2,20978
2,20979
2,20980
2,20981
2,20982
2,20983
2,20984
2,20985
2,20986
2,20987
2,20988
2,20989
2,20990
2,20991
2,20992
2,20993
2,20994
2,20995
2,20996
2,20997
2,20998
2,20999
2,21000
2,21001
2,21002
2,21003
2,21004
2,21005
2,21006
2,21007
2,21008
2,21009
2,21010
2,21011
2,21012
2,21013
2,21014
2,21015
2,21016
2,21017
2,21018
2,21019
2,21020
2,21021
2,21022
2,21023
2,21024
2,21025
2,21026
2,21027
2,21028
2,21029
2,21030
2,21031
2,21032
2,21033
2,21034
2,21035
2,21036
2,21037
2,21038
2,21039
2,21040
2,21041
2,21042
2,21043
2,21044
2,21045
2,21046
2,21047
2,21048
2,21049
2,21050
2,21051
2,21052
2,21053
2,21054
2,21055
2,21056
2,21057
2,21058
2,21059
2,21060
2,21061
2,21062
2,21063
2,21064
2,21065
2,21066
2,21067
2,21068
2,21069
2,21070
2,21071
2,21072
2,21073
2,21074
2,21075
2,21076
2,21077
2,21078
2,21079
2,21080
2,21081
2,21082
2,21083
2,21084
2,21085
2,21086
2,21087
2,21088
2,21089
2,21090
2,21091
2,21092
2,21093
2,21094
2,21095
2,21096
2,21097
2,21098
2,21099
2,21100
2,21101
2,21102
2,21103
2,21104
2,21105
2,21106
2,21107
2,21108
2,21109
2,21110
2,21111
2,21112
2,21113
2,21114
2,21115
2,21116
2,21117
2,21118
2,21119
2,21120
2,21121
2,21122
2,21123
2,21124
2,21125
2,21126
2,21127
2,21128
2,21129
2,21130
2,21131
2,21132
2,21133
2,21134
2,21135
2,21136
2,21137
2,21138
2,21139
2,21140
2,21141
2,21142
2,21143
2,21144
2,21145
2,21146
2,21147
2,21148
2,21149
2,21150
2,21151
2,21152
2,21153
2,21154
2,21155
2,21156
2,21157
2,21158
2,21159
2,21160
2,21161
2,21162
2,21163
2,21164
2,21165
2,21166
2,21167
2,21168
2,21169
2,21170
2,21171
2,21172
2,21173
2,21174
2,21175
2,21176
2,21177
2,21178
2,21179
2,21180
2,21181
2,21182
2,21183
2,21184
2,21185
2,21186
2,21187
2,21188
2,21189
2,21190
2,21191
2,21192
2,21193
2,21194
2,21195
2,21196
2,21197
2,21198
2,21199
2,21200
2,21201
2,21202
2,21203
2,21204
2,21205
2,21206
2,21207
2,21208
2,21209
2,21210
2,21211
2,21212
2,21213
2,21214
2,21215
2,21216
2,21217
2,21218
2,21219
2,21220
2,21221
2,21222
2,21223
2,21224
2,21225
2,21226
2,21227
2,21228
2,21229
2,21230
2,21231
2,21232
2,21233
2,21234
2,21235
2,21236
2,21237
2,21238
2,21239
2,21240
2,21241
2,21242
2,21243
2,21244
2,21245
2,21246
2,21247
2,21248
2,21249
2,21250
2,21251
2,21252
2,21253
2,21254
2,21255
2,21256
2,21257
2,21258
2,21259
2,21260
2,21261
2,21262
2,21263
2,21264
2,21265
2,21266
2,21267
2,21268
2,21269
2,21270
2,21271
2,21272
2,21273
2,21274
2,21275
2,21276
2,21277
2,21278
2,21279
2,21280
2,21281
2,21282
2,21283
2,21284
2,21285
2,21286
2,21287
2,21288
2,21289
2,21290
2,21291
2,21292
2,21293
2,21294
2,21295
2,21296
2,21297
2,21298
2,21299
2,21300
2,21301
2,21302
2,21303
2,21304
2,21305
2,21306
2,21307
2,21308
2,21309
2,21310
2,21311
2,21312
2,21313
2,21314
2,21315
2,21316
2,21317
2,21318
2,21319
2,21320
2,21321
2,21322
2,21323
2,21324
2,21325
2,21326
2,21327
2,21328
2,21329
2,21330
2,21331
2,21332
2,21333
2,21334
2,21335
2,21336
2,21337
2,21338
2,21339
2,21340
2,21341
2,21342
2,21343
2,21344
2,21345
2,21346
2,21347
2,21348
2,21349
2,21350
2,21351
2,21352
2,21353
2,21354
2,21355
2,21356
2,21357
2,21358
2,21359
2,21360
2,21361
2,21362
2,21363
2,21364
2,21365
2,21366
2,21367
2,21368
2,21369
2,21370
2,21371
2,21372
2,21373
2,21374
2,21375
2,21376
2,21377
2,21378
2,21379
2,21380
2,21381
2,21382
2,21383
2,21384
2,21385
2,21386
2,21387
2,21388
2,21389
2,21390
2,21391
2,21392
2,21393
2,21394
2,21395
2,21396
2,21397
2,21398
2,21399
2,21400
2,21401
2,21402
2,21403
2,21404
2,21405
2,21406
2,21407
2,21408
2,21409
2,21410
2,21411
2,21412
2,21413
2,21414
2,21415
2,21416
2,21417
2,21418
2,21419
2,21420
2,21421
2,21422
2,21423
2,21424
2,21425
2,21426
2,21427
2,21428
2,21429
2,21430
2,21431
2,21432
2,21433
2,21434
2,21435
2,21436
2,21437
2,21438
2,21439
2,21440
2,21441
2,21442
2,21443
2,21444
2,21445
2,21446
2,21447
2,21448
2,21449
2,21450
2,21451
2,21452
2,21453
2,21454
2,21455
2,21456
2,21457
2,21458
2,21459
2,21460
2,21461
2,21462
2,21463
2,21464
2,21465
2,21466
2,21467
2,21468
2,21469
2,21470
2,21471
2,21472
2,21473
2,21474
2,21475
2,21476
2,21477
2,21478
2,21479
2,21480
2,21481
2,21482
2,21483
2,21484
2,21485
2,21486
2,21487
2,21488
2,21489
2,21490
2,21491
2,21492
2,21493
2,21494
2,21495
2,21496
2,21497
2,21498
2,21499
2,21500
2,21501
2,21502
2,21503
2,21504
2,21505
2,21506
2,21507
2,21508
2,21509
2,21510
2,21511
2,21512
2,21513
2,21514
2,21515
2,21516
2,21517
2,21518
2,21519
2,21520
2,21521
2,21522
2,21523
2,21524
2,21525
2,21526
2,21527
2,21528
2,21529
2,21530
2,21531
2,21532
2,21533
2,21534
2,21535
2,21536
2,21537
2,21538
2,21539
2,21540
2,21541
2,21542
2,21543
2,21544
2,21545
2,21546
2,21547
2,21548
2,21549
2,21550
2,21551
2,21552
2,21553
2,21554
2,21555
2,21556
2,21557
2,21558
2,21559
2,21560
2,21561
2,21562
2,21563
2,21564
2,21565
2,21566
2,21567
2,21568
2,21569
2,21570
2,21571
2,21572
2,21573
2,21574
2,21575
2,21576
2,21577
2,21578
2,21579
2,21580
2,21581
2,21582
2,21583
2,21584
2,21585
2,21586
2,21587
2,21588
2,21589
2,21590
2,21591
2,21592
2,21593
2,21594
2,21595
2,21596
2,21597
2,21598
2,21599
2,21600
2,21601
2,21602
2,21603
2,21604
2,21605
2,21606
2,21607
2,21608
2,21609
2,21610
2,21611
2,21612
2,21613
2,21614
2,21615
2,21616
2,21617
2,21618
2,21619
2,21620
2,21621
2,21622
2,21623
2,21624
2,21625
2,21626
2,21627
2,21628
2,21629
2,21630
2,21631
2,21632
2,21633
2,21634
2,21635
2,21636
2,21637
2,21638
2,21639
2,21640
2,21641
2,21642
2,21643
2,21644
2,21645
2,21646
2,21647
2,21648
2,21649
2,21650
2,21651
2,21652
2,21653
2,21654
2,21655
2,21656
2,21657
2,21658
2,21659
2,21660
2,21661
2,21662
2,21663
2,21664
2,21665
2,21666
2,21667
2,21668
2,21669
2,21670
2,21671
2,21672
2,21673
2,21674
2,21675
2,21676
2,21677
2,21678
2,21679
2,21680
2,21681
2,21682
2,21683
2,21684
2,21685
2,21686
2,21687
2,21688
2,21689
2,21690
2,21691
2,21692
2,21693
2,21694
2,21695
2,21696
2,21697
2,21698
2,21699
2,21700
2,21701
2,21702
2,21703
2,21704
2,21705
2,21706
2,21707
2,21708
2,21709
2,21710
2,21711
2,21712
2,21713
2,21714
2,21715
2,21716
2,21717
2,21718
2,21719
2,21720
2,21721
2,21722
2,21723
2,21724
2,21725
2,21726
2,21727
2,21728
2,21729
2,21730
2,21731
2,21732
2,21733
2,21734
2,21735
2,21736
2,21737
2,21738
2,21739
2,21740
2,21741
2,21742
2,21743
2,21744
2,21745
2,21746
2,21747
2,21748
2,21749
2,21750
2,21751
2,21752
2,21753
2,21754
2,21755
2,21756
2,21757
2,21758
2,21759
2,21760
2,21761
2,21762
2,21763
2,21764
2,21765
2,21766
2,21767
2,21768
2,21769
2,21770
2,21771
2,21772
2,21773
2,21774
2,21775
2,21776
2,21777
2,21778
2,21779
2,21780
2,21781
2,21782
2,21783
2,21784
2,21785
2,21786
2,21787
2,21788
2,21789
2,21790
2,21791
2,21792
2,21793
2,21794
2,21795
2,21796
2,21797
2,21798
2,21799
2,21800
2,21801
2,21802
2,21803
2,21804
2,21805
2,21806
2,21807
2,21808
2,21809
2,21810
2,21811
2,21812
2,21813
2,21814
2,21815
2,21816
2,21817
2,21818
2,21819
2,21820
2,21821
2,21822
2,21823
2,21824
2,21825
2,21826
2,21827
2,21828
2,21829
2,21830
2,21831
2,21832
2,21833
2,21834
2,21835
2,21836
2,21837
2,21838
2,21839
2,21840
2,21841
2,21842
2,21843
2,21844
2,21845
2,21846
2,21847
2,21848
2,21849
2,21850
2,21851
2,21852
2,21853
2,21854
2,21855
2,21856
2,21857
2,21858
2,21859
2,21860
2,21861
2,21862
2,21863
2,21864
2,21865
2,21866
2,21867
2,21868
2,21869
2,21870
2,21871
2,21872
2,21873
2,21874
2,21875
2,21876
2,21877
2,21878
2,21879
2,21880
2,21881
2,21882
2,21883
2,21884
2,21885
2,21886
2,21887
2,21888
2,21889
2,21890
2,21891
2,21892
2,21893
2,21894
2,21895
2,21896
2,21897
2,21898
2,21899
2,21900
2,21901
2,21902
2,21903
2,21904
2,21905
2,21906
2,21907
2,21908
2,21909
2,21910
2,21911
2,21912
2,21913
2,21914
2,21915
2,21916
2,21917
2,21918
2,21919
2,21920
2,21921
2,21922
2,21923
2,21924
2,21925
2,21926
2,21927
2,21928
2,21929
2,21930
2,21931
2,21932
2,21933
2,21934
2,21935
2,21936
2,21937
2,21938
2,21939
2,21940
2,21941
2,21942
2,21943
2,21944
2,21945
2,21946
2,21947
2,21948
2,21949
2,21950
2,21951
2,21952
2,21953
2,21954
2,21955
2,21956
2,21957
2,21958
2,21959
2,21960
2,21961
2,21962
2,21963
2,21964
2,21965
2,21966
2,21967
2,21968
2,21969
2,21970
2,21971
2,21972
2,21973
2,21974
2,21975
2,21976
2,21977
2,21978
2,21979
2,21980
2,21981
2,21982
2,21983
2,21984
2,21985
2,21986
2,21987
2,21988
2,21989
2,21990
2,21991
2,21992
2,21993
2,21994
2,21995
2,21996
2,21997
2,21998
2,21999
2,22000
2,22001
2,22002
2,22003
2,22004
2,22005
2,22006
2,22007
2,22008
2,22009
2,22010
2,22011
2,22012
2,22013
2,22014
2,22015
2,22016
2,22017
2,22018
2,22019
2,22020
2,22021
2,22022
2,22023
2,22024
2,22025
2,22026
2,22027
2,22028
2,22029
2,22030
2,22031
2,22032
2,22033
2,22034
2,22035
2,22036
2,22037
2,22038
2,22039
2,22040
2,22041
2,22042
2,22043
2,22044
2,22045
2,22046
2,22047
2,22048
2,22049
2,22050
2,22051
2,22052
2,22053
2,22054
2,22055
2,22056
2,22057
2,22058
2,22059
2,22060
2,22061
2,22062
2,22063
2,22064
2,22065
2,22066
2,22067
2,22068
2,22069
2,22070
2,22071
2,22072
2,22073
2,22074
2,22075
2,22076
2,22077
2,22078
2,22079
2,22080
2,22081
2,22082
2,22083
2,22084
2,22085
2,22086
2,22087
2,22088
2,22089
2,22090
2,22091
2,22092
2,22093
2,22094
2,22095
2,22096
2,22097
2,22098
2,22099
2,22100
2,22101
2,22102
2,22103
2,22104
2,22105
2,22106
2,22107
2,22108
2,22109
2,22110
2,22111
2,22112
2,22113
2,22114
2,22115
2,22116
2,22117
2,22118
2,22119
2,22120
2,22121
2,22122
2,22123
2,22124
2,22125
2,22126
2,22127
2,22128
2,22129
2,22130
2,22131
2,22132
2,22133
2,22134
2,22135
2,22136
2,22137
2,22138
2,22139
2,22140
2,22141
2,22142
2,22143
2,22144
2,22145
2,22146
2,22147
2,22148
2,22149
2,22150
2,22151
2,22152
2,22153
2,22154
2,22155
2,22156
2,22157
2,22158
2,22159
2,22160
2,22161
2,22162
2,22163
2,22164
2,22165
2,22166
2,22167
2,22168
2,22169
2,22170
2,22171
2,22172
2,22173
2,22174
2,22175
2,22176
2,22177
2,22178
2,22179
2,22180
2,22181
2,22182
2,22183
2,22184
2,22185
2,22186
2,22187
2,22188
2,22189
2,22190
2,22191
2,22192
2,22193
2,22194
2,22195
2,22196
2,22197
2,22198
2,22199
2,22200
2,22201
2,22202
2,22203
2,22204
2,22205
2,22206
2,22207
2,22208
2,22209
2,22210
2,22211
2,22212
2,22213
2,22214
2,22215
2,22216
2,22217
2,22218
2,22219
2,22220
2,22221
2,22222
2,22223
2,22224
2,22225
2,22226
2,22227
2,22228
2,22229
2,22230
2,22231
2,22232
2,22233
2,22234
2,22235
2,22236
2,22237
2,22238
2,22239
2,22240
2,22241
2,22242
2,22243
2,22244
2,22245
2,22246
2,22247
2,22248
2,22249
2,22250
2,22251
2,22252
2,22253
2,22254
2,22255
2,22256
2,22257
2,22258
2,22259
2,22260
2,22261
2,22262
2,22263
2,22264
2,22265
2,22266
2,22267
2,22268
2,22269
2,22270
2,22271
2,22272
2,22273
2,22274
2,22275
2,22276
2,22277
2,22278
2,22279
2,22280
2,22281
2,22282
2,22283
2,22284
2,22285
2,22286
2,22287
2,22288
2,22289
2,22290
2,22291
2,22292
2,22293
2,22294
2,22295
2,22296
2,22297
2,22298
2,22299
2,22300
2,22301
2,22302
2,22303
2,22304
2,22305
2,22306
2,22307
2,22308
2,22309
2,22310
2,22311
2,22312
2,22313
2,22314
2,22315
2,22316
2,22317
2,22318
2,22319
2,22320
2,22321
2,22322
2,22323
2,22324
2,22325
2,22326
2,22327
2,22328
2,22329
2,22330
2,22331
2,22332
2,22333
2,22334
2,22335
2,22336
2,22337
2,22338
2,22339
2,22340
2,22341
2,22342
2,22343
2,22344
2,22345
2,22346
2,22347
2,22348
2,22349
2,22350
2,22351
2,22352
2,22353
2,22354
2,22355
2,22356
2,22357
2,22358
2,22359
2,22360
2,22361
2,22362
2,22363
2,22364
2,22365
2,22366
2,22367
2,22368
2,22369
2,22370
2,22371
2,22372
2,22373
2,22374
2,22375
2,22376
2,22377
2,22378
2,22379
2,22380
2,22381
2,22382
2,22383
2,22384
2,22385
2,22386
2,22387
2,22388
2,22389
2,22390
2,22391
2,22392
2,22393
2,22394
2,22395
2,22396
2,22397
2,22398
2,22399
2,22400
2,22401
2,22402
2,22403
2,22404
2,22405
2,22406
2,22407
2,22408
2,22409
2,22410
2,22411
2,22412
2,22413
2,22414
2,22415
2,22416
2,22417
2,22418
2,22419
2,22420
2,22421
2,22422
2,22423
2,22424
2,22425
2,22426
2,22427
2,22428
2,22429
2,22430
2,22431
2,22432
2,22433
2,22434
2,22435
2,22436
2,22437
2,22438
2,22439
2,22440
2,22441
2,22442
2,22443
2,22444
2,22445
2,22446
2,22447
2,22448
2,22449
2,22450
2,22451
2,22452
2,22453
2,22454
2,22455
2,22456
2,22457
2,22458
2,22459
2,22460
2,22461
2,22462
2,22463
2,22464
2,22465
2,22466
2,22467
2,22468
2,22469
2,22470
2,22471
2,22472
2,22473
2,22474
2,22475
2,22476
2,22477
2,22478
2,22479
2,22480
2,22481
2,22482
2,22483
2,22484
2,22485
2,22486
2,22487
2,22488
2,22489
2,22490
2,22491
2,22492
2,22493
2,22494
2,22495
2,22496
2,22497
2,22498
2,22499
2,22500
2,22501
2,22502
2,22503
2,22504
2,22505
2,22506
2,22507
2,22508
2,22509
2,22510
2,22511
2,22512
2,22513
2,22514
2,22515
2,22516
2,22517
2,22518
2,22519
2,22520
2,22521
2,22522
2,22523
2,22524
2,22525
2,22526
2,22527
2,22528
2,22529
2,22530
2,22531
2,22532
2,22533
2,22534
2,22535
2,22536
2,22537
2,22538
2,22539
2,22540
2,22541
2,22542
2,22543
2,22544
2,22545
2,22546
2,22547
2,22548
2,22549
2,22550
2,22551
2,22552
2,22553
2,22554
2,22555
2,22556
2,22557
2,22558
2,22559
2,22560
2,22561
2,22562
2,22563
2,22564
2,22565
2,22566
2,22567
2,22568
2,22569
2,22570
2,22571
2,22572
2,22573
2,22574
2,22575
2,22576
2,22577
2,22578
2,22579
2,22580
2,22581
2,22582
2,22583
2,22584
2,22585
2,22586
2,22587
2,22588
2,22589
2,22590
2,22591
2,22592
2,22593
2,22594
2,22595
2,22596
2,22597
2,22598
2,22599
2,22600
2,22601
2,22602
2,22603
2,22604
2,22605
2,22606
2,22607
2,22608
2,22609
2,22610
2,22611
2,22612
2,22613
2,22614
2,22615
2,22616
2,22617
2,22618
2,22619
2,22620
2,22621
2,22622
2,22623
2,22624
2,22625
2,22626
2,22627
2,22628
2,22629
2,22630
2,22631
2,22632
2,22633
2,22634
2,22635
2,22636
2,22637
2,22638
2,22639
2,22640
2,22641
2,22642
2,22643
2,22644
2,22645
2,22646
2,22647
2,22648
2,22649
2,22650
2,22651
2,22652
2,22653
2,22654
2,22655
2,22656
2,22657
2,22658
2,22659
2,22660
2,22661
2,22662
2,22663
2,22664
2,22665
2,22666
2,22667
2,22668
2,22669
2,22670
2,22671
2,22672
2,22673
2,22674
2,22675
2,22676
2,22677
2,22678
2,22679
2,22680
2,22681
2,22682
2,22683
2,22684
2,22685
2,22686
2,22687
2,22688
2,22689
2,22690
2,22691
2,22692
2,22693
2,22694
2,22695
2,22696
2,22697
2,22698
2,22699
2,22700
2,22701
2,22702
2,22703
2,22704
2,22705
2,22706
2,22707
2,22708
2,22709
2,22710
2,22711
2,22712
2,22713
2,22714
2,22715
2,22716
2,22717
2,22718
2,22719
2,22720
2,22721
2,22722
2,22723
2,22724
2,22725
2,22726
2,22727
2,22728
2,22729
2,22730
2,22731
2,22732
2,22733
2,22734
2,22735
2,22736
2,22737
2,22738
2,22739
2,22740
2,22741
2,22742
2,22743
2,22744
2,22745
2,22746
2,22747
2,22748
2,22749
2,22750
2,22751
2,22752
2,22753
2,22754
2,22755
2,22756
2,22757
2,22758
2,22759
2,22760
2,22761
2,22762
2,22763
2,22764
2,22765
2,22766
2,22767
2,22768
2,22769
2,22770
2,22771
2,22772
2,22773
2,22774
2,22775
2,22776
2,22777
2,22778
2,22779
2,22780
2,22781
2,22782
2,22783
2,22784
2,22785
2,22786
2,22787
2,22788
2,22789
2,22790
2,22791
2,22792
2,22793
2,22794
2,22795
2,22796
2,22797
2,22798
2,22799
2,22800
2,22801
2,22802
2,22803
2,22804
2,22805
2,22806
2,22807
2,22808
2,22809
2,22810
2,22811
2,22812
2,22813
2,22814
2,22815
2,22816
2,22817
2,22818
2,22819
2,22820
2,22821
2,22822
2,22823
2,22824
2,22825
2,22826
2,22827
2,22828
2,22829
2,22830
2,22831
2,22832
2,22833
2,22834
2,22835
2,22836
2,22837
2,22838
2,22839
2,22840
2,22841
2,22842
2,22843
2,22844
2,22845
2,22846
2,22847
2,22848
2,22849
2,22850
2,22851
2,22852
2,22853
2,22854
2,22855
2,22856
2,22857
2,22858
2,22859
2,22860
2,22861
2,22862
2,22863
2,22864
2,22865
2,22866
2,22867
2,22868
2,22869
2,22870
2,22871
2,22872
2,22873
2,22874
2,22875
2,22876
2,22877
2,22878
2,22879
2,22880
2,22881
2,22882
2,22883
2,22884
2,22885
2,22886
2,22887
2,22888
2,22889
2,22890
2,22891
2,22892
2,22893
2,22894
2,22895
2,22896
2,22897
2,22898
2,22899
2,22900
2,22901
2,22902
2,22903
2,22904
2,22905
2,22906
2,22907
2,22908
2,22909
2,22910
2,22911
2,22912
2,22913
2,22914
2,22915
2,22916
2,22917
2,22918
2,22919
2,22920
2,22921
2,22922
2,22923
2,22924
2,22925
2,22926
2,22927
2,22928
2,22929
2,22930
2,22931
2,22932
2,22933
2,22934
2,22935
2,22936
2,22937
2,22938
2,22939
2,22940
2,22941
2,22942
2,22943
2,22944
2,22945
2,22946
2,22947
2,22948
2,22949
2,22950
2,22951
2,22952
2,22953
2,22954
2,22955
2,22956
2,22957
2,22958
2,22959
2,22960
2,22961
2,22962
2,22963
2,22964
2,22965
2,22966
2,22967
2,22968
2,22969
2,22970
2,22971
2,22972
2,22973
2,22974
2,22975
2,22976
2,22977
2,22978
2,22979
2,22980
2,22981
2,22982
2,22983
2,22984
2,22985
2,22986
2,22987
2,22988
2,22989
2,22990
2,22991
2,22992
2,22993
2,22994
2,22995
2,22996
2,22997
2,22998
2,22999
2,23000
2,23001
2,23002
2,23003
2,23004
2,23005
2,23006
2,23007
2,23008
2,23009
2,23010
2,23011
2,23012
2,23013
2,23014
2,23015
2,23016
2,23017
2,23018
2,23019
2,23020
2,23021
2,23022
2,23023
2,23024
2,23025
2,23026
2,23027
2,23028
2,23029
2,23030
2,23031
2,23032
2,23033
2,23034
2,23035
2,23036
2,23037
2,23038
2,23039
2,23040
2,23041
2,23042
2,23043
2,23044
2,23045
2,23046
2,23047
2,23048
2,23049
2,23050
2,23051
2,23052
2,23053
2,23054
2,23055
2,23056
2,23057
2,23058
2,23059
2,23060
2,23061
2,23062
2,23063
2,23064
2,23065
2,23066
2,23067
2,23068
2,23069
2,23070
2,23071
2,23072
2,23073
2,23074
2,23075
2,23076
2,23077
2,23078
2,23079
2,23080
2,23081
2,23082
2,23083
2,23084
2,23085
2,23086
2,23087
2,23088
2,23089
2,23090
2,23091
2,23092
2,23093
2,23094
2,23095
2,23096
2,23097
2,23098
2,23099
2,23100
2,23101
2,23102
2,23103
2,23104
2,23105
2,23106
2,23107
2,23108
2,23109
2,23110
2,23111
2,23112
2,23113
2,23114
2,23115
2,23116
2,23117
2,23118
2,23119
2,23120
2,23121
2,23122
2,23123
2,23124
2,23125
2,23126
2,23127
2,23128
2,23129
2,23130
2,23131
2,23132
2,23133
2,23134
2,23135
2,23136
2,23137
2,23138
2,23139
2,23140
2,23141
2,23142
2,23143
2,23144
2,23145
2,23146
2,23147
2,23148
2,23149
2,23150
2,23151
2,23152
2,23153
2,23154
2,23155
2,23156
2,23157
2,23158
2,23159
2,23160
2,23161
2,23162
2,23163
2,23164
2,23165
2,23166
2,23167
2,23168
2,23169
2,23170
2,23171
2,23172
2,23173
2,23174
2,23175
2,23176
2,23177
2,23178
2,23179
2,23180
2,23181
2,23182
2,23183
2,23184
2,23185
2,23186
2,23187
2,23188
2,23189
2,23190
2,23191
2,23192
2,23193
2,23194
2,23195
2,23196
2,23197
2,23198
2,23199
2,23200
2,23201
2,23202
2,23203
2,23204
2,23205
2,23206
2,23207
2,23208
2,23209
2,23210
2,23211
2,23212
2,23213
2,23214
2,23215
2,23216
2,23217
2,23218
2,23219
2,23220
2,23221
2,23222
2,23223
2,23224
2,23225
2,23226
2,23227
2,23228
2,23229
2,23230
2,23231
2,23232
2,23233
2,23234
2,23235
2,23236
2,23237
2,23238
2,23239
2,23240
2,23241
2,23242
2,23243
2,23244
2,23245
2,23246
2,23247
2,23248
2,23249
2,23250
2,23251
2,23252
2,23253
2,23254
2,23255
2,23256
2,23257
2,23258
2,23259
2,23260
2,23261
2,23262
2,23263
2,23264
2,23265
2,23266
2,23267
2,23268
2,23269
2,23270
2,23271
2,23272
2,23273
2,23274
2,23275
2,23276
2,23277
2,23278
2,23279
2,23280
2,23281
2,23282
2,23283
2,23284
2,23285
2,23286
2,23287
2,23288
2,23289
2,23290
2,23291
2,23292
2,23293
2,23294
2,23295
2,23296
2,23297
2,23298
2,23299
2,23300
2,23301
2,23302
2,23303
2,23304
2,23305
2,23306
2,23307
2,23308
2,23309
2,23310
2,23311
2,23312
2,23313
2,23314
2,23315
2,23316
2,23317
2,23318
2,23319
2,23320
2,23321
2,23322
2,23323
2,23324
2,23325
2,23326
2,23327
2,23328
2,23329
2,23330
2,23331
2,23332
2,23333
2,23334
2,23335
2,23336
2,23337
2,23338
2,23339
2,23340
2,23341
2,23342
2,23343
2,23344
2,23345
2,23346
2,23347
2,23348
2,23349
2,23350
2,23351
2,23352
2,23353
2,23354
2,23355
2,23356
2,23357
2,23358
2,23359
2,23360
2,23361
2,23362
2,23363
2,23364
2,23365
2,23366
2,23367
2,23368
2,23369
2,23370
2,23371
2,23372
2,23373
2,23374
2,23375
2,23376
2,23377
2,23378
2,23379
2,23380
2,23381
2,23382
2,23383
2,23384
2,23385
2,23386
2,23387
2,23388
2,23389
2,23390
2,23391
2,23392
2,23393
2,23394
2,23395
2,23396
2,23397
2,23398
2,23399
2,23400
2,23401
2,23402
2,23403
2,23404
2,23405
2,23406
2,23407
2,23408
2,23409
2,23410
2,23411
2,23412
2,23413
2,23414
2,23415
2,23416
2,23417
2,23418
2,23419
2,23420
2,23421
2,23422
2,23423
2,23424
2,23425
2,23426
2,23427
2,23428
2,23429
2,23430
2,23431
2,23432
2,23433
2,23434
2,23435
2,23436
2,23437
2,23438
2,23439
2,23440
2,23441
2,23442
2,23443
2,23444
2,23445
2,23446
2,23447
2,23448
2,23449
2,23450
2,23451
2,23452
2,23453
2,23454
2,23455
2,23456
2,23457
2,23458
2,23459
2,23460
2,23461
2,23462
2,23463
2,23464
2,23465
2,23466
2,23467
2,23468
2,23469
2,23470
2,23471
2,23472
2,23473
2,23474
2,23475
2,23476
2,23477
2,23478
2,23479
2,23480
2,23481
2,23482
2,23483
2,23484
2,23485
2,23486
2,23487
2,23488
2,23489
2,23490
2,23491
2,23492
2,23493
2,23494
2,23495
2,23496
2,23497
2,23498
2,23499
2,23500
2,23501
2,23502
2,23503
2,23504
2,23505
2,23506
2,23507
2,23508
2,23509
2,23510
2,23511
2,23512
2,23513
2,23514
2,23515
2,23516
2,23517
2,23518
2,23519
2,23520
2,23521
2,23522
2,23523
2,23524
2,23525
2,23526
2,23527
2,23528
2,23529
2,23530
2,23531
2,23532
2,23533
2,23534
2,23535
2,23536
2,23537
2,23538
2,23539
2,23540
2,23541
2,23542
2,23543
2,23544
2,23545
2,23546
2,23547
2,23548
2,23549
2,23550
2,23551
2,23552
2,23553
2,23554
2,23555
2,23556
2,23557
2,23558
2,23559
2,23560
2,23561
2,23562
2,23563
2,23564
2,23565
2,23566
2,23567
2,23568
2,23569
2,23570
2,23571
2,23572
2,23573
2,23574
2,23575
2,23576
2,23577
2,23578
2,23579
2,23580
2,23581
2,23582
2,23583
2,23584
2,23585
2,23586
2,23587
2,23588
2,23589
2,23590
2,23591
2,23592
2,23593
2,23594
2,23595
2,23596
2,23597
2,23598
2,23599
2,23600
2,23601
2,23602
2,23603
2,23604
2,23605
2,23606
2,23607
2,23608
2,23609
2,23610
2,23611
2,23612
2,23613
2,23614
2,23615
2,23616
2,23617
2,23618
2,23619
2,23620
2,23621
2,23622
2,23623
2,23624
2,23625
2,23626
2,23627
2,23628
2,23629
2,23630
2,23631
2,23632
2,23633
2,23634
2,23635
2,23636
2,23637
2,23638
2,23639
2,23640
2,23641
2,23642
2,23643
2,23644
2,23645
2,23646
2,23647
2,23648
2,23649
2,23650
2,23651
2,23652
2,23653
2,23654
2,23655
2,23656
2,23657
2,23658
2,23659
2,23660
2,23661
2,23662
2,23663
2,23664
2,23665
2,23666
2,23667
2,23668
2,23669
2,23670
2,23671
2,23672
2,23673
2,23674
2,23675
2,23676
2,23677
2,23678
2,23679
2,23680
2,23681
2,23682
2,23683
2,23684
2,23685
2,23686
2,23687
2,23688
2,23689
2,23690
2,23691
2,23692
2,23693
2,23694
2,23695
2,23696
2,23697
2,23698
2,23699
2,23700
2,23701
2,23702
2,23703
2,23704
2,23705
2,23706
2,23707
2,23708
2,23709
2,23710
2,23711
2,23712
2,23713
2,23714
2,23715
2,23716
2,23717
2,23718
2,23719
2,23720
2,23721
2,23722
2,23723
2,23724
2,23725
2,23726
2,23727
2,23728
2,23729
2,23730
2,23731
2,23732
2,23733
2,23734
2,23735
2,23736
2,23737
2,23738
2,23739
2,23740
2,23741
2,23742
2,23743
2,23744
2,23745
2,23746
2,23747
2,23748
2,23749
2,23750
2,23751
2,23752
2,23753
2,23754
2,23755
2,23756
2,23757
2,23758
2,23759
2,23760
2,23761
2,23762
2,23763
2,23764
2,23765
2,23766
2,23767
2,23768
2,23769
2,23770
2,23771
2,23772
2,23773
2,23774
2,23775
2,23776
2,23777
2,23778
2,23779
2,23780
2,23781
2,23782
2,23783
2,23784
2,23785
2,23786
2,23787
2,23788
2,23789
2,23790
2,23791
2,23792
2,23793
2,23794
2,23795
2,23796
2,23797
2,23798
2,23799
2,23800
2,23801
2,23802
2,23803
2,23804
2,23805
2,23806
2,23807
2,23808
2,23809
2,23810
2,23811
2,23812
2,23813
2,23814
2,23815
2,23816
2,23817
2,23818
2,23819
2,23820
2,23821
2,23822
2,23823
2,23824
2,23825
2,23826
2,23827
2,23828
2,23829
2,23830
2,23831
2,23832
2,23833
2,23834
2,23835
2,23836
2,23837
2,23838
2,23839
2,23840
2,23841
2,23842
2,23843
2,23844
2,23845
2,23846
2,23847
2,23848
2,23849
2,23850
2,23851
2,23852
2,23853
2,23854
2,23855
2,23856
2,23857
2,23858
2,23859
2,23860
2,23861
2,23862
2,23863
2,23864
2,23865
2,23866
2,23867
2,23868
2,23869
2,23870
2,23871
2,23872
2,23873
2,23874
2,23875
2,23876
2,23877
2,23878
2,23879
2,23880
2,23881
2,23882
2,23883
2,23884
2,23885
2,23886
2,23887
2,23888
2,23889
2,23890
2,23891
2,23892
2,23893
2,23894
2,23895
2,23896
2,23897
2,23898
2,23899
2,23900
2,23901
2,23902
2,23903
2,23904
2,23905
2,23906
2,23907
2,23908
2,23909
2,23910
2,23911
2,23912
2,23913
2,23914
2,23915
2,23916
2,23917
2,23918
2,23919
2,23920
2,23921
2,23922
2,23923
2,23924
2,23925
2,23926
2,23927
2,23928
2,23929
2,23930
2,23931
2,23932
2,23933
2,23934
2,23935
2,23936
2,23937
2,23938
2,23939
2,23940
2,23941
2,23942
2,23943
2,23944
2,23945
2,23946
2,23947
2,23948
2,23949
2,23950
2,23951
2,23952
2,23953
2,23954
2,23955
2,23956
2,23957
2,23958
2,23959
2,23960
2,23961
2,23962
2,23963
2,23964
2,23965
2,23966
2,23967
2,23968
2,23969
2,23970
2,23971
2,23972
2,23973
2,23974
2,23975
2,23976
2,23977
2,23978
2,23979
2,23980
2,23981
2,23982
2,23983
2,23984
2,23985
2,23986
2,23987
2,23988
2,23989
2,23990
2,23991
2,23992
2,23993
2,23994
2,23995
2,23996
2,23997
2,23998
2,23999
2,24000
2,24001
2,24002
2,24003
2,24004
2,24005
2,24006
2,24007
2,24008
2,24009
2,24010
2,24011
2,24012
2,24013
2,24014
2,24015
2,24016
2,24017
2,24018
2,24019
2,24020
2,24021
2,24022
2,24023
2,24024
2,24025
2,24026
2,24027
2,24028
2,24029
2,24030
2,24031
2,24032
2,24033
2,24034
2,24035
2,24036
2,24037
2,24038
2,24039
2,24040
2,24041
2,24042
2,24043
2,24044
2,24045
2,24046
2,24047
2,24048
2,24049
2,24050
2,24051
2,24052
2,24053
2,24054
2,24055
2,24056
2,24057
2,24058
2,24059
2,24060
2,24061
2,24062
2,24063
2,24064
2,24065
2,24066
2,24067
2,24068
2,24069
2,24070
2,24071
2,24072
2,24073
2,24074
2,24075
2,24076
2,24077
2,24078
2,24079
2,24080
2,24081
2,24082
2,24083
2,24084
2,24085
2,24086
2,24087
2,24088
2,24089
2,24090
2,24091
2,24092
2,24093
2,24094
2,24095
2,24096
2,24097
2,24098
2,24099
2,24100
2,24101
2,24102
2,24103
2,24104
2,24105
2,24106
2,24107
2,24108
2,24109
2,24110
2,24111
2,24112
2,24113
2,24114
2,24115
2,24116
2,24117
2,24118
2,24119
2,24120
2,24121
2,24122
2,24123
2,24124
2,24125
2,24126
2,24127
2,24128
2,24129
2,24130
2,24131
2,24132
2,24133
2,24134
2,24135
2,24136
2,24137
2,24138
2,24139
2,24140
2,24141
2,24142
2,24143
2,24144
2,24145
2,24146
2,24147
2,24148
2,24149
2,24150
2,24151
2,24152
2,24153
2,24154
2,24155
2,24156
2,24157
2,24158
2,24159
2,24160
2,24161
2,24162
2,24163
2,24164
2,24165
2,24166
2,24167
2,24168
2,24169
2,24170
2,24171
2,24172
2,24173
2,24174
2,24175
2,24176
2,24177
2,24178
2,24179
2,24180
2,24181
2,24182
2,24183
2,24184
2,24185
2,24186
2,24187
2,24188
2,24189
2,24190
2,24191
2,24192
2,24193
2,24194
2,24195
2,24196
2,24197
2,24198
2,24199
2,24200
2,24201
2,24202
2,24203
2,24204
2,24205
2,24206
2,24207
2,24208
2,24209
2,24210
2,24211
2,24212
2,24213
2,24214
2,24215
2,24216
2,24217
2,24218
2,24219
2,24220
2,24221
2,24222
2,24223
2,24224
2,24225
2,24226
2,24227
2,24228
2,24229
2,24230
2,24231
2,24232
2,24233
2,24234
2,24235
2,24236
2,24237
2,24238
2,24239
2,24240
2,24241
2,24242
2,24243
2,24244
2,24245
2,24246
2,24247
2,24248
2,24249
2,24250
2,24251
2,24252
2,24253
2,24254
2,24255
2,24256
2,24257
2,24258
2,24259
2,24260
2,24261
2,24262
2,24263
2,24264
2,24265
2,24266
2,24267
2,24268
2,24269
2,24270
2,24271
2,24272
2,24273
2,24274
2,24275
2,24276
2,24277
2,24278
2,24279
2,24280
2,24281
2,24282
2,24283
2,24284
2,24285
2,24286
2,24287
2,24288
2,24289
2,24290
2,24291
2,24292
2,24293
2,24294
2,24295
2,24296
2,24297
2,24298
2,24299
2,24300
2,24301
2,24302
2,24303
2,24304
2,24305
2,24306
2,24307
2,24308
2,24309
2,24310
2,24311
2,24312
2,24313
2,24314
2,24315
2,24316
2,24317
2,24318
2,24319
2,24320
2,24321
2,24322
2,24323
2,24324
2,24325
2,24326
2,24327
2,24328
2,24329
2,24330
2,24331
2,24332
2,24333
2,24334
2,24335
2,24336
2,24337
2,24338
2,24339
2,24340
2,24341
2,24342
2,24343
2,24344
2,24345
2,24346
2,24347
2,24348
2,24349
2,24350
2,24351
2,24352
2,24353
2,24354
2,24355
2,24356
2,24357
2,24358
2,24359
2,24360
2,24361
2,24362
2,24363
2,24364
2,24365
2,24366
2,24367
2,24368
2,24369
2,24370
2,24371
2,24372
2,24373
2,24374
2,24375
2,24376
2,24377
2,24378
2,24379
2,24380
2,24381
2,24382
2,24383
2,24384
2,24385
2,24386
2,24387
2,24388
2,24389
2,24390
2,24391
2,24392
2,24393
2,24394
2,24395
2,24396
2,24397
2,24398
2,24399
2,24400
2,24401
2,24402
2,24403
2,24404
2,24405
2,24406
2,24407
2,24408
2,24409
2,24410
2,24411
2,24412
2,24413
2,24414
2,24415
2,24416
2,24417
2,24418
2,24419
2,24420
2,24421
2,24422
2,24423
2,24424
2,24425
2,24426
2,24427
2,24428
2,24429
2,24430
2,24431
2,24432
2,24433
2,24434
2,24435
2,24436
2,24437
2,24438
2,24439
2,24440
2,24441
2,24442
2,24443
2,24444
2,24445
2,24446
2,24447
2,24448
2,24449
2,24450
2,24451
2,24452
2,24453
2,24454
2,24455
2,24456
2,24457
2,24458
2,24459
2,24460
2,24461
2,24462
2,24463
2,24464
2,24465
2,24466
2,24467
2,24468
2,24469
2,24470
2,24471
2,24472
2,24473
2,24474
2,24475
2,24476
2,24477
2,24478
2,24479
2,24480
2,24481
2,24482
2,24483
2,24484
2,24485
2,24486
2,24487
2,24488
2,24489
2,24490
2,24491
2,24492
2,24493
2,24494
2,24495
2,24496
2,24497
2,24498
2,24499
2,24500
2,24501
2,24502
2,24503
2,24504
2,24505
2,24506
2,24507
2,24508
2,24509
2,24510
2,24511
2,24512
2,24513
2,24514
2,24515
2,24516
2,24517
2,24518
2,24519
2,24520
2,24521
2,24522
2,24523
2,24524
2,24525
2,24526
2,24527
2,24528
2,24529
2,24530
2,24531
2,24532
2,24533
2,24534
2,24535
2,24536
2,24537
2,24538
2,24539
2,24540
2,24541
2,24542
2,24543
2,24544
2,24545
2,24546
2,24547
2,24548
2,24549
2,24550
2,24551
2,24552
2,24553
2,24554
2,24555
2,24556
2,24557
2,24558
2,24559
2,24560
2,24561
2,24562
2,24563
2,24564
2,24565
2,24566
2,24567
2,24568
2,24569
2,24570
2,24571
2,24572
2,24573
2,24574
2,24575
2,24576
2,24577
2,24578
2,24579
2,24580
2,24581
2,24582
2,24583
2,24584
2,24585
2,24586
2,24587
2,24588
2,24589
2,24590
2,24591
2,24592
2,24593
2,24594
2,24595
2,24596
2,24597
2,24598
2,24599
2,24600
2,24601
2,24602
2,24603
2,24604
2,24605
2,24606
2,24607
2,24608
2,24609
2,24610
2,24611
2,24612
2,24613
2,24614
2,24615
2,24616
2,24617
2,24618
2,24619
2,24620
2,24621
2,24622
2,24623
2,24624
2,24625
2,24626
2,24627
2,24628
2,24629
2,24630
2,24631
2,24632
2,24633
2,24634
2,24635
2,24636
2,24637
2,24638
2,24639
2,24640
2,24641
2,24642
2,24643
2,24644
2,24645
2,24646
2,24647
2,24648
2,24649
2,24650
2,24651
2,24652
2,24653
2,24654
2,24655
2,24656
2,24657
2,24658
2,24659
2,24660
2,24661
2,24662
2,24663
2,24664
2,24665
2,24666
2,24667
2,24668
2,24669
2,24670
2,24671
2,24672
2,24673
2,24674
2,24675
2,24676
2,24677
2,24678
2,24679
2,24680
2,24681
2,24682
2,24683
2,24684
2,24685
2,24686
2,24687
2,24688
2,24689
2,24690
2,24691
2,24692
2,24693
2,24694
2,24695
2,24696
2,24697
2,24698
2,24699
2,24700
2,24701
2,24702
2,24703
2,24704
2,24705
2,24706
2,24707
2,24708
2,24709
2,24710
2,24711
2,24712
2,24713
2,24714
2,24715
2,24716
2,24717
2,24718
2,24719
2,24720
2,24721
2,24722
2,24723
2,24724
2,24725
2,24726
2,24727
2,24728
2,24729
2,24730
2,24731
2,24732
2,24733
2,24734
2,24735
2,24736
2,24737
2,24738
2,24739
2,24740
2,24741
2,24742
2,24743
2,24744
2,24745
2,24746
2,24747
2,24748
2,24749
2,24750
2,24751
2,24752
2,24753
2,24754
2,24755
2,24756
2,24757
2,24758
2,24759
2,24760
2,24761
2,24762
2,24763
2,24764
2,24765
2,24766
2,24767
2,24768
2,24769
2,24770
2,24771
2,24772
2,24773
2,24774
2,24775
2,24776
2,24777
2,24778
2,24779
2,24780
2,24781
2,24782
2,24783
2,24784
2,24785
2,24786
2,24787
2,24788
2,24789
2,24790
2,24791
2,24792
2,24793
2,24794
2,24795
2,24796
2,24797
2,24798
2,24799
2,24800
2,24801
2,24802
2,24803
2,24804
2,24805
2,24806
2,24807
2,24808
2,24809
2,24810
2,24811
2,24812
2,24813
2,24814
2,24815
2,24816
2,24817
2,24818
2,24819
2,24820
2,24821
2,24822
2,24823
2,24824
2,24825
2,24826
2,24827
2,24828
2,24829
2,24830
2,24831
2,24832
2,24833
2,24834
2,24835
2,24836
2,24837
2,24838
2,24839
2,24840
2,24841
2,24842
2,24843
2,24844
2,24845
2,24846
2,24847
2,24848
2,24849
2,24850
2,24851
2,24852
2,24853
2,24854
2,24855
2,24856
2,24857
2,24858
2,24859
2,24860
2,24861
2,24862
2,24863
2,24864
2,24865
2,24866
2,24867
2,24868
2,24869
2,24870
2,24871
2,24872
2,24873
2,24874
2,24875
2,24876
2,24877
2,24878
2,24879
2,24880
2,24881
2,24882
2,24883
2,24884
2,24885
2,24886
2,24887
2,24888
2,24889
2,24890
2,24891
2,24892
2,24893
2,24894
2,24895
2,24896
2,24897
2,24898
2,24899
2,24900
2,24901
2,24902
2,24903
2,24904
2,24905
2,24906
2,24907
2,24908
2,24909
2,24910
2,24911
2,24912
2,24913
2,24914
2,24915
2,24916
2,24917
2,24918
2,24919
2,24920
2,24921
2,24922
2,24923
2,24924
2,24925
2,24926
2,24927
2,24928
2,24929
2,24930
2,24931
2,24932
2,24933
2,24934
2,24935
2,24936
2,24937
2,24938
2,24939
2,24940
2,24941
2,24942
2,24943
2,24944
2,24945
2,24946
2,24947
2,24948
2,24949
2,24950
2,24951
2,24952
2,24953
2,24954
2,24955
2,24956
2,24957
2,24958
2,24959
2,24960
2,24961
2,24962
2,24963
2,24964
2,24965
2,24966
2,24967
2,24968
2,24969
2,24970
2,24971
2,24972
2,24973
2,24974
2,24975
2,24976
2,24977
2,24978
2,24979
2,24980
2,24981
2,24982
2,24983
2,24984
2,24985
2,24986
2,24987
2,24988
2,24989
2,24990
2,24991
2,24992
2,24993
2,24994
2,24995
2,24996
2,24997
2,24998
2,24999
2,25000
2,25001
2,25002
2,25003
2,25004
2,25005
2,25006
2,25007
2,25008
2,25009
2,25010
2,25011
2,25012
2,25013
2,25014
2,25015
2,25016
2,25017
2,25018
2,25019
2,25020
2,25021
2,25022
2,25023
2,25024
2,25025
2,25026
2,25027
2,25028
2,25029
2,25030
2,25031
2,25032
2,25033
2,25034
2,25035
2,25036
2,25037
2,25038
2,25039
2,25040
2,25041
2,25042
2,25043
2,25044
2,25045
2,25046
2,25047
2,25048
2,25049
2,25050
2,25051
2,25052
2,25053
2,25054
2,25055
2,25056
2,25057
2,25058
2,25059
2,25060
2,25061
2,25062
2,25063
2,25064
2,25065
2,25066
2,25067
2,25068
2,25069
2,25070
2,25071
2,25072
2,25073
2,25074
2,25075
2,25076
2,25077
2,25078
2,25079
2,25080
2,25081
2,25082
2,25083
2,25084
2,25085
2,25086
2,25087
2,25088
2,25089
2,25090
2,25091
2,25092
2,25093
2,25094
2,25095
2,25096
2,25097
2,25098
2,25099
2,25100
2,25101
2,25102
2,25103
2,25104
2,25105
2,25106
2,25107
2,25108
2,25109
2,25110
2,25111
2,25112
2,25113
2,25114
2,25115
2,25116
2,25117
2,25118
2,25119
2,25120
2,25121
2,25122
2,25123
2,25124
2,25125
2,25126
2,25127
2,25128
2,25129
2,25130
2,25131
2,25132
2,25133
2,25134
2,25135
2,25136
2,25137
2,25138
2,25139
2,25140
2,25141
2,25142
2,25143
2,25144
2,25145
2,25146
2,25147
2,25148
2,25149
2,25150
2,25151
2,25152
2,25153
2,25154
2,25155
2,25156
2,25157
2,25158
2,25159
2,25160
2,25161
2,25162
2,25163
2,25164
2,25165
2,25166
2,25167
2,25168
2,25169
2,25170
2,25171
2,25172
2,25173
2,25174
2,25175
2,25176
2,25177
2,25178
2,25179
2,25180
2,25181
2,25182
2,25183
2,25184
2,25185
2,25186
2,25187
2,25188
2,25189
2,25190
2,25191
2,25192
2,25193
2,25194
2,25195
2,25196
2,25197
2,25198
2,25199
2,25200
2,25201
2,25202
2,25203
2,25204
2,25205
2,25206
2,25207
2,25208
2,25209
2,25210
2,25211
2,25212
2,25213
2,25214
2,25215
2,25216
2,25217
2,25218
2,25219
2,25220
2,25221
2,25222
2,25223
2,25224
2,25225
2,25226
2,25227
2,25228
2,25229
2,25230
2,25231
2,25232
2,25233
2,25234
2,25235
2,25236
2,25237
2,25238
2,25239
2,25240
2,25241
2,25242
2,25243
2,25244
2,25245
2,25246
2,25247
2,25248
2,25249
2,25250
2,25251
2,25252
2,25253
2,25254
2,25255
2,25256
2,25257
2,25258
2,25259
2,25260
2,25261
2,25262
2,25263
2,25264
2,25265
2,25266
2,25267
2,25268
2,25269
2,25270
2,25271
2,25272
2,25273
2,25274
2,25275
2,25276
2,25277
2,25278
2,25279
2,25280
2,25281
2,25282
2,25283
2,25284
2,25285
2,25286
2,25287
2,25288
2,25289
2,25290
2,25291
2,25292
2,25293
2,25294
2,25295
2,25296
2,25297
2,25298
2,25299
2,25300
2,25301
2,25302
2,25303
2,25304
2,25305
2,25306
2,25307
2,25308
2,25309
2,25310
2,25311
2,25312
2,25313
2,25314
2,25315
2,25316
2,25317
2,25318
2,25319
2,25320
2,25321
2,25322
2,25323
2,25324
2,25325
2,25326
2,25327
2,25328
2,25329
2,25330
2,25331
2,25332
2,25333
2,25334
2,25335
2,25336
2,25337
2,25338
2,25339
2,25340
2,25341
2,25342
2,25343
2,25344
2,25345
2,25346
2,25347
2,25348
2,25349
2,25350
2,25351
2,25352
2,25353
2,25354
2,25355
2,25356
2,25357
2,25358
2,25359
2,25360
2,25361
2,25362
2,25363
2,25364
2,25365
2,25366
2,25367
2,25368
2,25369
2,25370
2,25371
2,25372
2,25373
2,25374
2,25375
2,25376
2,25377
2,25378
2,25379
2,25380
2,25381
2,25382
2,25383
2,25384
2,25385
2,25386
2,25387
2,25388
2,25389
2,25390
2,25391
2,25392
2,25393
2,25394
2,25395
2,25396
2,25397
2,25398
2,25399
2,25400
2,25401
2,25402
2,25403
2,25404
2,25405
2,25406
2,25407
2,25408
2,25409
2,25410
2,25411
2,25412
2,25413
2,25414
2,25415
2,25416
2,25417
2,25418
2,25419
2,25420
2,25421
2,25422
2,25423
2,25424
2,25425
2,25426
2,25427
2,25428
2,25429
2,25430
2,25431
2,25432
2,25433
2,25434
2,25435
2,25436
2,25437
2,25438
2,25439
2,25440
2,25441
2,25442
2,25443
2,25444
2,25445
2,25446
2,25447
2,25448
2,25449
2,25450
2,25451
2,25452
2,25453
2,25454
2,25455
2,25456
2,25457
2,25458
2,25459
2,25460
2,25461
2,25462
2,25463
2,25464
2,25465
2,25466
2,25467
2,25468
2,25469
2,25470
2,25471
2,25472
2,25473
2,25474
2,25475
2,25476
2,25477
2,25478
2,25479
2,25480
2,25481
2,25482
2,25483
2,25484
2,25485
2,25486
2,25487
2,25488
2,25489
2,25490
2,25491
2,25492
2,25493
2,25494
2,25495
2,25496
2,25497
2,25498
2,25499
2,25500
2,25501
2,25502
2,25503
2,25504
2,25505
2,25506
2,25507
2,25508
2,25509
2,25510
2,25511
2,25512
2,25513
2,25514
2,25515
2,25516
2,25517
2,25518
2,25519
2,25520
2,25521
2,25522
2,25523
2,25524
2,25525
2,25526
2,25527
2,25528
2,25529
2,25530
2,25531
2,25532
2,25533
2,25534
2,25535
2,25536
2,25537
2,25538
2,25539
2,25540
2,25541
2,25542
2,25543
2,25544
2,25545
2,25546
2,25547
2,25548
2,25549
2,25550
2,25551
2,25552
2,25553
2,25554
2,25555
2,25556
2,25557
2,25558
2,25559
2,25560
2,25561
2,25562
2,25563
2,25564
2,25565
2,25566
2,25567
2,25568
2,25569
2,25570
2,25571
2,25572
2,25573
2,25574
2,25575
2,25576
2,25577
2,25578
2,25579
2,25580
2,25581
2,25582
2,25583
2,25584
2,25585
2,25586
2,25587
2,25588
2,25589
2,25590
2,25591
2,25592
2,25593
2,25594
2,25595
2,25596
2,25597
2,25598
2,25599
2,25600
2,25601
2,25602
2,25603
2,25604
2,25605
2,25606
2,25607
2,25608
2,25609
2,25610
2,25611
2,25612
2,25613
2,25614
2,25615
2,25616
2,25617
2,25618
2,25619
2,25620
2,25621
2,25622
2,25623
2,25624
2,25625
2,25626
2,25627
2,25628
2,25629
2,25630
2,25631
2,25632
2,25633
2,25634
2,25635
2,25636
2,25637
2,25638
2,25639
2,25640
2,25641
2,25642
2,25643
2,25644
2,25645
2,25646
2,25647
2,25648
2,25649
2,25650
2,25651
2,25652
2,25653
2,25654
2,25655
2,25656
2,25657
2,25658
2,25659
2,25660
2,25661
2,25662
2,25663
2,25664
2,25665
2,25666
2,25667
2,25668
2,25669
2,25670
2,25671
2,25672
2,25673
2,25674
2,25675
2,25676
2,25677
2,25678
2,25679
2,25680
2,25681
2,25682
2,25683
2,25684
2,25685
2,25686
2,25687
2,25688
2,25689
2,25690
2,25691
2,25692
2,25693
2,25694
2,25695
2,25696
2,25697
2,25698
2,25699
2,25700
2,25701
2,25702
2,25703
2,25704
2,25705
2,25706
2,25707
2,25708
2,25709
2,25710
2,25711
2,25712
2,25713
2,25714
2,25715
2,25716
2,25717
2,25718
2,25719
2,25720
2,25721
2,25722
2,25723
2,25724
2,25725
2,25726
2,25727
2,25728
2,25729
2,25730
2,25731
2,25732
2,25733
2,25734
2,25735
2,25736
2,25737
2,25738
2,25739
2,25740
2,25741
2,25742
2,25743
2,25744
2,25745
2,25746
2,25747
2,25748
2,25749
2,25750
2,25751
2,25752
2,25753
2,25754
2,25755
2,25756
2,25757
2,25758
2,25759
2,25760
2,25761
2,25762
2,25763
2,25764
2,25765
2,25766
2,25767
2,25768
2,25769
2,25770
2,25771
2,25772
2,25773
2,25774
2,25775
2,25776
2,25777
2,25778
2,25779
2,25780
2,25781
2,25782
2,25783
2,25784
2,25785
2,25786
2,25787
2,25788
2,25789
2,25790
2,25791
2,25792
2,25793
2,25794
2,25795
2,25796
2,25797
2,25798
2,25799
2,25800
2,25801
2,25802
2,25803
2,25804
2,25805
2,25806
2,25807
2,25808
2,25809
2,25810
2,25811
2,25812
2,25813
2,25814
2,25815
2,25816
2,25817
2,25818
2,25819
2,25820
2,25821
2,25822
2,25823
2,25824
2,25825
2,25826
2,25827
2,25828
2,25829
2,25830
2,25831
2,25832
2,25833
2,25834
2,25835
2,25836
2,25837
2,25838
2,25839
2,25840
2,25841
2,25842
2,25843
2,25844
2,25845
2,25846
2,25847
2,25848
2,25849
2,25850
2,25851
2,25852
2,25853
2,25854
2,25855
2,25856
2,25857
2,25858
2,25859
2,25860
2,25861
2,25862
2,25863
2,25864
2,25865
2,25866
2,25867
2,25868
2,25869
2,25870
2,25871
2,25872
2,25873
2,25874
2,25875
2,25876
2,25877
2,25878
2,25879
2,25880
2,25881
2,25882
2,25883
2,25884
2,25885
2,25886
2,25887
2,25888
2,25889
2,25890
2,25891
2,25892
2,25893
2,25894
2,25895
2,25896
2,25897
2,25898
2,25899
2,25900
2,25901
2,25902
2,25903
2,25904
2,25905
2,25906
2,25907
2,25908
2,25909
2,25910
2,25911
2,25912
2,25913
2,25914
2,25915
2,25916
2,25917
2,25918
2,25919
2,25920
2,25921
2,25922
2,25923
2,25924
2,25925
2,25926
2,25927
2,25928
2,25929
2,25930
2,25931
2,25932
2,25933
2,25934
2,25935
2,25936
2,25937
2,25938
2,25939
2,25940
2,25941
2,25942
2,25943
2,25944
2,25945
2,25946
2,25947
2,25948
2,25949
2,25950
2,25951
2,25952
2,25953
2,25954
2,25955
2,25956
2,25957
2,25958
2,25959
2,25960
2,25961
2,25962
2,25963
2,25964
2,25965
2,25966
2,25967
2,25968
2,25969
2,25970
2,25971
2,25972
2,25973
2,25974
2,25975
2,25976
2,25977
2,25978
2,25979
2,25980
2,25981
2,25982
2,25983
2,25984
2,25985
2,25986
2,25987
2,25988
2,25989
2,25990
2,25991
2,25992
2,25993
2,25994
2,25995
2,25996
2,25997
2,25998
2,25999
2,26000
2,26001
2,26002
2,26003
2,26004
2,26005
2,26006
2,26007
2,26008
2,26009
2,26010
2,26011
2,26012
2,26013
2,26014
2,26015
2,26016
2,26017
2,26018
2,26019
2,26020
2,26021
2,26022
2,26023
2,26024
2,26025
2,26026
2,26027
2,26028
2,26029
2,26030
2,26031
2,26032
2,26033
2,26034
2,26035
2,26036
2,26037
2,26038
2,26039
2,26040
2,26041
2,26042
2,26043
2,26044
2,26045
2,26046
2,26047
2,26048
2,26049
2,26050
2,26051
2,26052
2,26053
2,26054
2,26055
2,26056
2,26057
2,26058
2,26059
2,26060
2,26061
2,26062
2,26063
2,26064
2,26065
2,26066
2,26067
2,26068
2,26069
2,26070
2,26071
2,26072
2,26073
2,26074
2,26075
2,26076
2,26077
2,26078
2,26079
2,26080
2,26081
2,26082
2,26083
2,26084
2,26085
2,26086
2,26087
2,26088
2,26089
2,26090
2,26091
2,26092
2,26093
2,26094
2,26095
2,26096
2,26097
2,26098
2,26099
2,26100
2,26101
2,26102
2,26103
2,26104
2,26105
2,26106
2,26107
2,26108
2,26109
2,26110
2,26111
2,26112
2,26113
2,26114
2,26115
2,26116
2,26117
2,26118
2,26119
2,26120
2,26121
2,26122
2,26123
2,26124
2,26125
2,26126
2,26127
2,26128
2,26129
2,26130
2,26131
2,26132
2,26133
2,26134
2,26135
2,26136
2,26137
2,26138
2,26139
2,26140
2,26141
2,26142
2,26143
2,26144
2,26145
2,26146
2,26147
2,26148
2,26149
2,26150
2,26151
2,26152
2,26153
2,26154
2,26155
2,26156
2,26157
2,26158
2,26159
2,26160
2,26161
2,26162
2,26163
2,26164
2,26165
2,26166
2,26167
2,26168
2,26169
2,26170
2,26171
2,26172
2,26173
2,26174
2,26175
2,26176
2,26177
2,26178
2,26179
2,26180
2,26181
2,26182
2,26183
2,26184
2,26185
2,26186
2,26187
2,26188
2,26189
2,26190
2,26191
2,26192
2,26193
2,26194
2,26195
2,26196
2,26197
2,26198
2,26199
2,26200
2,26201
2,26202
2,26203
2,26204
2,26205
2,26206
2,26207
2,26208
2,26209
2,26210
2,26211
2,26212
2,26213
2,26214
2,26215
2,26216
2,26217
2,26218
2,26219
2,26220
2,26221
2,26222
2,26223
2,26224
2,26225
2,26226
2,26227
2,26228
2,26229
2,26230
2,26231
2,26232
2,26233
2,26234
2,26235
2,26236
2,26237
2,26238
2,26239
2,26240
2,26241
2,26242
2,26243
2,26244
2,26245
2,26246
2,26247
2,26248
2,26249
2,26250
2,26251
2,26252
2,26253
2,26254
2,26255
2,26256
2,26257
2,26258
2,26259
2,26260
2,26261
2,26262
2,26263
2,26264
2,26265
2,26266
2,26267
2,26268
2,26269
2,26270
2,26271
2,26272
2,26273
2,26274
2,26275
2,26276
2,26277
2,26278
2,26279
2,26280
2,26281
2,26282
2,26283
2,26284
2,26285
2,26286
2,26287
2,26288
2,26289
2,26290
2,26291
2,26292
2,26293
2,26294
2,26295
2,26296
2,26297
2,26298
2,26299
2,26300
2,26301
2,26302
2,26303
2,26304
2,26305
2,26306
2,26307
2,26308
2,26309
2,26310
2,26311
2,26312
2,26313
2,26314
2,26315
2,26316
2,26317
2,26318
2,26319
2,26320
2,26321
2,26322
2,26323
2,26324
2,26325
2,26326
2,26327
2,26328
2,26329
2,26330
2,26331
2,26332
2,26333
2,26334
2,26335
2,26336
2,26337
2,26338
2,26339
2,26340
2,26341
2,26342
2,26343
2,26344
2,26345
2,26346
2,26347
2,26348
2,26349
2,26350
2,26351
2,26352
2,26353
2,26354
2,26355
2,26356
2,26357
2,26358
2,26359
2,26360
2,26361
2,26362
2,26363
2,26364
2,26365
2,26366
2,26367
2,26368
2,26369
2,26370
2,26371
2,26372
2,26373
2,26374
2,26375
2,26376
2,26377
2,26378
2,26379
2,26380
2,26381
2,26382
2,26383
2,26384
2,26385
2,26386
2,26387
2,26388
2,26389
2,26390
2,26391
2,26392
2,26393
2,26394
2,26395
2,26396
2,26397
2,26398
2,26399
2,26400
2,26401
2,26402
2,26403
2,26404
2,26405
2,26406
2,26407
2,26408
2,26409
2,26410
2,26411
2,26412
2,26413
2,26414
2,26415
2,26416
2,26417
2,26418
2,26419
2,26420
2,26421
2,26422
2,26423
2,26424
2,26425
2,26426
2,26427
2,26428
2,26429
2,26430
2,26431
2,26432
2,26433
2,26434
2,26435
2,26436
2,26437
2,26438
2,26439
2,26440
2,26441
2,26442
2,26443
2,26444
2,26445
2,26446
2,26447
2,26448
2,26449
2,26450
2,26451
2,26452
2,26453
2,26454
2,26455
2,26456
2,26457
2,26458
2,26459
2,26460
2,26461
2,26462
2,26463
2,26464
2,26465
2,26466
2,26467
2,26468
2,26469
2,26470
2,26471
2,26472
2,26473
2,26474
2,26475
2,26476
2,26477
2,26478
2,26479
2,26480
2,26481
2,26482
2,26483
2,26484
2,26485
2,26486
2,26487
2,26488
2,26489
2,26490
2,26491
2,26492
2,26493
2,26494
2,26495
2,26496
2,26497
2,26498
2,26499
2,26500
2,26501
2,26502
2,26503
2,26504
2,26505
2,26506
2,26507
2,26508
2,26509
2,26510
2,26511
2,26512
2,26513
2,26514
2,26515
2,26516
2,26517
2,26518
2,26519
2,26520
2,26521
2,26522
2,26523
2,26524
2,26525
2,26526
2,26527
2,26528
2,26529
2,26530
2,26531
2,26532
2,26533
2,26534
2,26535
2,26536
2,26537
2,26538
2,26539
2,26540
2,26541
2,26542
2,26543
2,26544
2,26545
2,26546
2,26547
2,26548
2,26549
2,26550
2,26551
2,26552
2,26553
2,26554
2,26555
2,26556
2,26557
2,26558
2,26559
2,26560
2,26561
2,26562
2,26563
2,26564
2,26565
2,26566
2,26567
2,26568
2,26569
2,26570
2,26571
2,26572
2,26573
2,26574
2,26575
2,26576
2,26577
2,26578
2,26579
2,26580
2,26581
2,26582
2,26583
2,26584
2,26585
2,26586
2,26587
2,26588
2,26589
2,26590
2,26591
2,26592
2,26593
2,26594
2,26595
2,26596
2,26597
2,26598
2,26599
2,26600
2,26601
2,26602
2,26603
2,26604
2,26605
2,26606
2,26607
2,26608
2,26609
2,26610
2,26611
2,26612
2,26613
2,26614
2,26615
2,26616
2,26617
2,26618
2,26619
2,26620
2,26621
2,26622
2,26623
2,26624
2,26625
2,26626
2,26627
2,26628
2,26629
2,26630
2,26631
2,26632
2,26633
2,26634
2,26635
2,26636
2,26637
2,26638
2,26639
2,26640
2,26641
2,26642
2,26643
2,26644
2,26645
2,26646
2,26647
2,26648
2,26649
2,26650
2,26651
2,26652
2,26653
2,26654
2,26655
2,26656
2,26657
2,26658
2,26659
2,26660
2,26661
2,26662
2,26663
2,26664
2,26665
2,26666
2,26667
2,26668
2,26669
2,26670
2,26671
2,26672
2,26673
2,26674
2,26675
2,26676
2,26677
2,26678
2,26679
2,26680
2,26681
2,26682
2,26683
2,26684
2,26685
2,26686
2,26687
2,26688
2,26689
2,26690
2,26691
2,26692
2,26693
2,26694
2,26695
2,26696
2,26697
2,26698
2,26699
2,26700
2,26701
2,26702
2,26703
2,26704
2,26705
2,26706
2,26707
2,26708
2,26709
2,26710
2,26711
2,26712
2,26713
2,26714
2,26715
2,26716
2,26717
2,26718
2,26719
2,26720
2,26721
2,26722
2,26723
2,26724
2,26725
2,26726
2,26727
2,26728
2,26729
2,26730
2,26731
2,26732
2,26733
2,26734
2,26735
2,26736
2,26737
2,26738
2,26739
2,26740
2,26741
2,26742
2,26743
2,26744
2,26745
2,26746
2,26747
2,26748
2,26749
2,26750
2,26751
2,26752
2,26753
2,26754
2,26755
2,26756
2,26757
2,26758
2,26759
2,26760
2,26761
2,26762
2,26763
2,26764
2,26765
2,26766
2,26767
2,26768
2,26769
2,26770
2,26771
2,26772
2,26773
2,26774
2,26775
2,26776
2,26777
2,26778
2,26779
2,26780
2,26781
2,26782
2,26783
2,26784
2,26785
2,26786
2,26787
2,26788
2,26789
2,26790
2,26791
2,26792
2,26793
2,26794
2,26795
2,26796
2,26797
2,26798
2,26799
2,26800
2,26801
2,26802
2,26803
2,26804
2,26805
2,26806
2,26807
2,26808
2,26809
2,26810
2,26811
2,26812
2,26813
2,26814
2,26815
2,26816
2,26817
2,26818
2,26819
2,26820
2,26821
2,26822
2,26823
2,26824
2,26825
2,26826
2,26827
2,26828
2,26829
2,26830
2,26831
2,26832
2,26833
2,26834
2,26835
2,26836
2,26837
2,26838
2,26839
2,26840
2,26841
2,26842
2,26843
2,26844
2,26845
2,26846
2,26847
2,26848
2,26849
2,26850
2,26851
2,26852
2,26853
2,26854
2,26855
2,26856
2,26857
2,26858
2,26859
2,26860
2,26861
2,26862
2,26863
2,26864
2,26865
2,26866
2,26867
2,26868
2,26869
2,26870
2,26871
2,26872
2,26873
2,26874
2,26875
2,26876
2,26877
2,26878
2,26879
2,26880
2,26881
2,26882
2,26883
2,26884
2,26885
2,26886
2,26887
2,26888
2,26889
2,26890
2,26891
2,26892
2,26893
2,26894
2,26895
2,26896
2,26897
2,26898
2,26899
2,26900
2,26901
2,26902
2,26903
2,26904
2,26905
2,26906
2,26907
2,26908
2,26909
2,26910
2,26911
2,26912
2,26913
2,26914
2,26915
2,26916
2,26917
2,26918
2,26919
2,26920
2,26921
2,26922
2,26923
2,26924
2,26925
2,26926
2,26927
2,26928
2,26929
2,26930
2,26931
2,26932
2,26933
2,26934
2,26935
2,26936
2,26937
2,26938
2,26939
2,26940
2,26941
2,26942
2,26943
2,26944
2,26945
2,26946
2,26947
2,26948
2,26949
2,26950
2,26951
2,26952
2,26953
2,26954
2,26955
2,26956
2,26957
2,26958
2,26959
2,26960
2,26961
2,26962
2,26963
2,26964
2,26965
2,26966
2,26967
2,26968
2,26969
2,26970
2,26971
2,26972
2,26973
2,26974
2,26975
2,26976
2,26977
2,26978
2,26979
2,26980
2,26981
2,26982
2,26983
2,26984
2,26985
2,26986
2,26987
2,26988
2,26989
2,26990
2,26991
2,26992
2,26993
2,26994
2,26995
2,26996
2,26997
2,26998
2,26999
2,27000
2,27001
2,27002
2,27003
2,27004
2,27005
2,27006
2,27007
2,27008
2,27009
2,27010
2,27011
2,27012
2,27013
2,27014
2,27015
2,27016
2,27017
2,27018
2,27019
2,27020
2,27021
2,27022
2,27023
2,27024
2,27025
2,27026
2,27027
2,27028
2,27029
2,27030
2,27031
2,27032
2,27033
2,27034
2,27035
2,27036
2,27037
2,27038
2,27039
2,27040
2,27041
2,27042
2,27043
2,27044
2,27045
2,27046
2,27047
2,27048
2,27049
2,27050
2,27051
2,27052
2,27053
2,27054
2,27055
2,27056
2,27057
2,27058
2,27059
2,27060
2,27061
2,27062
2,27063
2,27064
2,27065
2,27066
2,27067
2,27068
2,27069
2,27070
2,27071
2,27072
2,27073
2,27074
2,27075
2,27076
2,27077
2,27078
2,27079
2,27080
2,27081
2,27082
2,27083
2,27084
2,27085
2,27086
2,27087
2,27088
2,27089
2,27090
2,27091
2,27092
2,27093
2,27094
2,27095
2,27096
2,27097
2,27098
2,27099
2,27100
2,27101
2,27102
2,27103
2,27104
2,27105
2,27106
2,27107
2,27108
2,27109
2,27110
2,27111
2,27112
2,27113
2,27114
2,27115
2,27116
2,27117
2,27118
2,27119
2,27120
2,27121
2,27122
2,27123
2,27124
2,27125
2,27126
2,27127
2,27128
2,27129
2,27130
2,27131
2,27132
2,27133
2,27134
2,27135
2,27136
2,27137
2,27138
2,27139
2,27140
2,27141
2,27142
2,27143
2,27144
2,27145
2,27146
2,27147
2,27148
2,27149
2,27150
2,27151
2,27152
2,27153
2,27154
2,27155
2,27156
2,27157
2,27158
2,27159
2,27160
2,27161
2,27162
2,27163
2,27164
2,27165
2,27166
2,27167
2,27168
2,27169
2,27170
2,27171
2,27172
2,27173
2,27174
2,27175
2,27176
2,27177
2,27178
2,27179
2,27180
2,27181
2,27182
2,27183
2,27184
2,27185
2,27186
2,27187
2,27188
2,27189
2,27190
2,27191
2,27192
2,27193
2,27194
2,27195
2,27196
2,27197
2,27198
2,27199
2,27200
2,27201
2,27202
2,27203
2,27204
2,27205
2,27206
2,27207
2,27208
2,27209
2,27210
2,27211
2,27212
2,27213
2,27214
2,27215
2,27216
2,27217
2,27218
2,27219
2,27220
2,27221
2,27222
2,27223
2,27224
2,27225
2,27226
2,27227
2,27228
2,27229
2,27230
2,27231
2,27232
2,27233
2,27234
2,27235
2,27236
2,27237
2,27238
2,27239
2,27240
2,27241
2,27242
2,27243
2,27244
2,27245
2,27246
2,27247
2,27248
2,27249
2,27250
2,27251
2,27252
2,27253
2,27254
2,27255
2,27256
2,27257
2,27258
2,27259
2,27260
2,27261
2,27262
2,27263
2,27264
2,27265
2,27266
2,27267
2,27268
2,27269
2,27270
2,27271
2,27272
2,27273
2,27274
2,27275
2,27276
2,27277
2,27278
2,27279
2,27280
2,27281
2,27282
2,27283
2,27284
2,27285
2,27286
2,27287
2,27288
2,27289
2,27290
2,27291
2,27292
2,27293
2,27294
2,27295
2,27296
2,27297
2,27298
2,27299
2,27300
2,27301
2,27302
2,27303
2,27304
2,27305
2,27306
2,27307
2,27308
2,27309
2,27310
2,27311
2,27312
2,27313
2,27314
2,27315
2,27316
2,27317
2,27318
2,27319
2,27320
2,27321
2,27322
2,27323
2,27324
2,27325
2,27326
2,27327
2,27328
2,27329
2,27330
2,27331
2,27332
2,27333
2,27334
2,27335
2,27336
2,27337
2,27338
2,27339
2,27340
2,27341
2,27342
2,27343
2,27344
2,27345
2,27346
2,27347
2,27348
2,27349
2,27350
2,27351
2,27352
2,27353
2,27354
2,27355
2,27356
2,27357
2,27358
2,27359
2,27360
2,27361
2,27362
2,27363
2,27364
2,27365
2,27366
2,27367
2,27368
2,27369
2,27370
2,27371
2,27372
2,27373
2,27374
2,27375
2,27376
2,27377
2,27378
2,27379
2,27380
2,27381
2,27382
2,27383
2,27384
2,27385
2,27386
2,27387
2,27388
2,27389
2,27390
2,27391
2,27392
2,27393
2,27394
2,27395
2,27396
2,27397
2,27398
2,27399
2,27400
2,27401
2,27402
2,27403
2,27404
2,27405
2,27406
2,27407
2,27408
2,27409
2,27410
2,27411
2,27412
2,27413
2,27414
2,27415
2,27416
2,27417
2,27418
2,27419
2,27420
2,27421
2,27422
2,27423
2,27424
2,27425
2,27426
2,27427
2,27428
2,27429
2,27430
2,27431
2,27432
2,27433
2,27434
2,27435
2,27436
2,27437
2,27438
2,27439
2,27440
2,27441
2,27442
2,27443
2,27444
2,27445
2,27446
2,27447
2,27448
2,27449
2,27450
2,27451
2,27452
2,27453
2,27454
2,27455
2,27456
2,27457
2,27458
2,27459
2,27460
2,27461
2,27462
2,27463
2,27464
2,27465
2,27466
2,27467
2,27468
2,27469
2,27470
2,27471
2,27472
2,27473
2,27474
2,27475
2,27476
2,27477
2,27478
2,27479
2,27480
2,27481
2,27482
2,27483
2,27484
2,27485
2,27486
2,27487
2,27488
2,27489
2,27490
2,27491
2,27492
2,27493
2,27494
2,27495
2,27496
2,27497
2,27498
2,27499
2,27500
2,27501
2,27502
2,27503
2,27504
2,27505
2,27506
2,27507
2,27508
2,27509
2,27510
2,27511
2,27512
2,27513
2,27514
2,27515
2,27516
2,27517
2,27518
2,27519
2,27520
2,27521
2,27522
2,27523
2,27524
2,27525
2,27526
2,27527
2,27528
2,27529
2,27530
2,27531
2,27532
2,27533
2,27534
2,27535
2,27536
2,27537
2,27538
2,27539
2,27540
2,27541
2,27542
2,27543
2,27544
2,27545
2,27546
2,27547
2,27548
2,27549
2,27550
2,27551
2,27552
2,27553
2,27554
2,27555
2,27556
2,27557
2,27558
2,27559
2,27560
2,27561
2,27562
2,27563
2,27564
2,27565
2,27566
2,27567
2,27568
2,27569
2,27570
2,27571
2,27572
2,27573
2,27574
2,27575
2,27576
2,27577
2,27578
2,27579
2,27580
2,27581
2,27582
2,27583
2,27584
2,27585
2,27586
2,27587
2,27588
2,27589
2,27590
2,27591
2,27592
2,27593
2,27594
2,27595
2,27596
2,27597
2,27598
2,27599
2,27600
2,27601
2,27602
2,27603
2,27604
2,27605
2,27606
2,27607
2,27608
2,27609
2,27610
2,27611
2,27612
2,27613
2,27614
2,27615
2,27616
2,27617
2,27618
2,27619
2,27620
2,27621
2,27622
2,27623
2,27624
2,27625
2,27626
2,27627
2,27628
2,27629
2,27630
2,27631
2,27632
2,27633
2,27634
2,27635
2,27636
2,27637
2,27638
2,27639
2,27640
2,27641
2,27642
2,27643
2,27644
2,27645
2,27646
2,27647
2,27648
2,27649
2,27650
2,27651
2,27652
2,27653
2,27654
2,27655
2,27656
2,27657
2,27658
2,27659
2,27660
2,27661
2,27662
2,27663
2,27664
2,27665
2,27666
2,27667
2,27668
2,27669
2,27670
2,27671
2,27672
2,27673
2,27674
2,27675
2,27676
2,27677
2,27678
2,27679
2,27680
2,27681
2,27682
2,27683
2,27684
2,27685
2,27686
2,27687
2,27688
2,27689
2,27690
2,27691
2,27692
2,27693
2,27694
2,27695
2,27696
2,27697
2,27698
2,27699
2,27700
2,27701
2,27702
2,27703
2,27704
2,27705
2,27706
2,27707
2,27708
2,27709
2,27710
2,27711
2,27712
2,27713
2,27714
2,27715
2,27716
2,27717
2,27718
2,27719
2,27720
2,27721
2,27722
2,27723
2,27724
2,27725
2,27726
2,27727
2,27728
2,27729
2,27730
2,27731
2,27732
2,27733
2,27734
2,27735
2,27736
2,27737
2,27738
2,27739
2,27740
2,27741
2,27742
2,27743
2,27744
2,27745
2,27746
2,27747
2,27748
2,27749
2,27750
2,27751
2,27752
2,27753
2,27754
2,27755
2,27756
2,27757
2,27758
2,27759
2,27760
2,27761
2,27762
2,27763
2,27764
2,27765
2,27766
2,27767
2,27768
2,27769
2,27770
2,27771
2,27772
2,27773
2,27774
2,27775
2,27776
2,27777
2,27778
2,27779
2,27780
2,27781
2,27782
2,27783
2,27784
2,27785
2,27786
2,27787
2,27788
2,27789
2,27790
2,27791
2,27792
2,27793
2,27794
2,27795
2,27796
2,27797
2,27798
2,27799
2,27800
2,27801
2,27802
2,27803
2,27804
2,27805
2,27806
2,27807
2,27808
2,27809
2,27810
2,27811
2,27812
2,27813
2,27814
2,27815
2,27816
2,27817
2,27818
2,27819
2,27820
2,27821
2,27822
2,27823
2,27824
2,27825
2,27826
2,27827
2,27828
2,27829
2,27830
2,27831
2,27832
2,27833
2,27834
2,27835
2,27836
2,27837
2,27838
2,27839
2,27840
2,27841
2,27842
2,27843
2,27844
2,27845
2,27846
2,27847
2,27848
2,27849
2,27850
2,27851
2,27852
2,27853
2,27854
2,27855
2,27856
2,27857
2,27858
2,27859
2,27860
2,27861
2,27862
2,27863
2,27864
2,27865
2,27866
2,27867
2,27868
2,27869
2,27870
2,27871
2,27872
2,27873
2,27874
2,27875
2,27876
2,27877
2,27878
2,27879
2,27880
2,27881
2,27882
2,27883
2,27884
2,27885
2,27886
2,27887
2,27888
2,27889
2,27890
2,27891
2,27892
2,27893
2,27894
2,27895
2,27896
2,27897
2,27898
2,27899
2,27900
2,27901
2,27902
2,27903
2,27904
2,27905
2,27906
2,27907
2,27908
2,27909
2,27910
2,27911
2,27912
2,27913
2,27914
2,27915
2,27916
2,27917
2,27918
2,27919
2,27920
2,27921
2,27922
2,27923
2,27924
2,27925
2,27926
2,27927
2,27928
2,27929
2,27930
2,27931
2,27932
2,27933
2,27934
2,27935
2,27936
2,27937
2,27938
2,27939
2,27940
2,27941
2,27942
2,27943
2,27944
2,27945
2,27946
2,27947
2,27948
2,27949
2,27950
2,27951
2,27952
2,27953
2,27954
2,27955
2,27956
2,27957
2,27958
2,27959
2,27960
2,27961
2,27962
2,27963
2,27964
2,27965
2,27966
2,27967
2,27968
2,27969
2,27970
2,27971
2,27972
2,27973
2,27974
2,27975
2,27976
2,27977
2,27978
2,27979
2,27980
2,27981
2,27982
2,27983
2,27984
2,27985
2,27986
2,27987
2,27988
2,27989
2,27990
2,27991
2,27992
2,27993
2,27994
2,27995
2,27996
2,27997
2,27998
2,27999
2,28000
2,28001
2,28002
2,28003
2,28004
2,28005
2,28006
2,28007
2,28008
2,28009
2,28010
2,28011
2,28012
2,28013
2,28014
2,28015
2,28016
2,28017
2,28018
2,28019
2,28020
2,28021
2,28022
2,28023
2,28024
2,28025
2,28026
2,28027
2,28028
2,28029
2,28030
2,28031
2,28032
2,28033
2,28034
2,28035
2,28036
2,28037
2,28038
2,28039
2,28040
2,28041
2,28042
2,28043
2,28044
2,28045
2,28046
2,28047
2,28048
2,28049
2,28050
2,28051
2,28052
2,28053
2,28054
2,28055
2,28056
2,28057
2,28058
2,28059
2,28060
2,28061
2,28062
2,28063
2,28064
2,28065
2,28066
2,28067
2,28068
2,28069
2,28070
2,28071
2,28072
2,28073
2,28074
2,28075
2,28076
2,28077
2,28078
2,28079
2,28080
2,28081
2,28082
2,28083
2,28084
2,28085
2,28086
2,28087
2,28088
2,28089
2,28090
2,28091
2,28092
2,28093
2,28094
2,28095
2,28096
2,28097
2,28098
2,28099
2,28100
2,28101
2,28102
2,28103
2,28104
2,28105
2,28106
2,28107
2,28108
2,28109
2,28110
2,28111
2,28112
2,28113
2,28114
2,28115
2,28116
2,28117
2,28118
2,28119
2,28120
2,28121
2,28122
2,28123
2,28124
2,28125
2,28126
2,28127
2,28128
2,28129
2,28130
2,28131
2,28132
2,28133
2,28134
2,28135
2,28136
2,28137
2,28138
2,28139
2,28140
2,28141
2,28142
2,28143
2,28144
2,28145
2,28146
2,28147
2,28148
2,28149
2,28150
2,28151
2,28152
2,28153
2,28154
2,28155
2,28156
2,28157
2,28158
2,28159
2,28160
2,28161
2,28162
2,28163
2,28164
2,28165
2,28166
2,28167
2,28168
2,28169
2,28170
2,28171
2,28172
2,28173
2,28174
2,28175
2,28176
2,28177
2,28178
2,28179
2,28180
2,28181
2,28182
2,28183
2,28184
2,28185
2,28186
2,28187
2,28188
2,28189
2,28190
2,28191
2,28192
2,28193
2,28194
2,28195
2,28196
2,28197
2,28198
2,28199
2,28200
2,28201
2,28202
2,28203
2,28204
2,28205
2,28206
2,28207
2,28208
2,28209
2,28210
2,28211
2,28212
2,28213
2,28214
2,28215
2,28216
2,28217
2,28218
2,28219
2,28220
2,28221
2,28222
2,28223
2,28224
2,28225
2,28226
2,28227
2,28228
2,28229
2,28230
2,28231
2,28232
2,28233
2,28234
2,28235
2,28236
2,28237
2,28238
2,28239
2,28240
2,28241
2,28242
2,28243
2,28244
2,28245
2,28246
2,28247
2,28248
2,28249
2,28250
2,28251
2,28252
2,28253
2,28254
2,28255
2,28256
2,28257
2,28258
2,28259
2,28260
2,28261
2,28262
2,28263
2,28264
2,28265
2,28266
2,28267
2,28268
2,28269
2,28270
2,28271
2,28272
2,28273
2,28274
2,28275
2,28276
2,28277
2,28278
2,28279
2,28280
2,28281
2,28282
2,28283
2,28284
2,28285
2,28286
2,28287
2,28288
2,28289
2,28290
2,28291
2,28292
2,28293
2,28294
2,28295
2,28296
2,28297
2,28298
2,28299
2,28300
2,28301
2,28302
2,28303
2,28304
2,28305
2,28306
2,28307
2,28308
2,28309
2,28310
2,28311
2,28312
2,28313
2,28314
2,28315
2,28316
2,28317
2,28318
2,28319
2,28320
2,28321
2,28322
2,28323
2,28324
2,28325
2,28326
2,28327
2,28328
2,28329
2,28330
2,28331
2,28332
2,28333
2,28334
2,28335
2,28336
2,28337
2,28338
2,28339
2,28340
2,28341
2,28342
2,28343
2,28344
2,28345
2,28346
2,28347
2,28348
2,28349
2,28350
2,28351
2,28352
2,28353
2,28354
2,28355
2,28356
2,28357
2,28358
2,28359
2,28360
2,28361
2,28362
2,28363
2,28364
2,28365
2,28366
2,28367
2,28368
2,28369
2,28370
2,28371
2,28372
2,28373
2,28374
2,28375
2,28376
2,28377
2,28378
2,28379
2,28380
2,28381
2,28382
2,28383
2,28384
2,28385
2,28386
2,28387
2,28388
2,28389
2,28390
2,28391
2,28392
2,28393
2,28394
2,28395
2,28396
2,28397
2,28398
2,28399
2,28400
2,28401
2,28402
2,28403
2,28404
2,28405
2,28406
2,28407
2,28408
2,28409
2,28410
2,28411
2,28412
2,28413
2,28414
2,28415
2,28416
2,28417
2,28418
2,28419
2,28420
2,28421
2,28422
2,28423
2,28424
2,28425
2,28426
2,28427
2,28428
2,28429
2,28430
2,28431
2,28432
2,28433
2,28434
2,28435
2,28436
2,28437
2,28438
2,28439
2,28440
2,28441
2,28442
2,28443
2,28444
2,28445
2,28446
2,28447
2,28448
2,28449
2,28450
2,28451
2,28452
2,28453
2,28454
2,28455
2,28456
2,28457
2,28458
2,28459
2,28460
2,28461
2,28462
2,28463
2,28464
2,28465
2,28466
2,28467
2,28468
2,28469
2,28470
2,28471
2,28472
2,28473
2,28474
2,28475
2,28476
2,28477
2,28478
2,28479
2,28480
2,28481
2,28482
2,28483
2,28484
2,28485
2,28486
2,28487
2,28488
2,28489
2,28490
2,28491
2,28492
2,28493
2,28494
2,28495
2,28496
2,28497
2,28498
2,28499
2,28500
2,28501
2,28502
2,28503
2,28504
2,28505
2,28506
2,28507
2,28508
2,28509
2,28510
2,28511
2,28512
2,28513
2,28514
2,28515
2,28516
2,28517
2,28518
2,28519
2,28520
2,28521
2,28522
2,28523
2,28524
2,28525
2,28526
2,28527
2,28528
2,28529
2,28530
2,28531
2,28532
2,28533
2,28534
2,28535
2,28536
2,28537
2,28538
2,28539
2,28540
2,28541
2,28542
2,28543
2,28544
2,28545
2,28546
2,28547
2,28548
2,28549
2,28550
2,28551
2,28552
2,28553
2,28554
2,28555
2,28556
2,28557
2,28558
2,28559
2,28560
2,28561
2,28562
2,28563
2,28564
2,28565
2,28566
2,28567
2,28568
2,28569
2,28570
2,28571
2,28572
2,28573
2,28574
2,28575
2,28576
2,28577
2,28578
2,28579
2,28580
2,28581
2,28582
2,28583
2,28584
2,28585
2,28586
2,28587
2,28588
2,28589
2,28590
2,28591
2,28592
2,28593
2,28594
2,28595
2,28596
2,28597
2,28598
2,28599
2,28600
2,28601
2,28602
2,28603
2,28604
2,28605
2,28606
2,28607
2,28608
2,28609
2,28610
2,28611
2,28612
2,28613
2,28614
2,28615
2,28616
2,28617
2,28618
2,28619
2,28620
2,28621
2,28622
2,28623
2,28624
2,28625
2,28626
2,28627
2,28628
2,28629
2,28630
2,28631
2,28632
2,28633
2,28634
2,28635
2,28636
2,28637
2,28638
2,28639
2,28640
2,28641
2,28642
2,28643
2,28644
2,28645
2,28646
2,28647
2,28648
2,28649
2,28650
2,28651
2,28652
2,28653
2,28654
2,28655
2,28656
2,28657
2,28658
2,28659
2,28660
2,28661
2,28662
2,28663
2,28664
2,28665
2,28666
2,28667
2,28668
2,28669
2,28670
2,28671
2,28672
2,28673
2,28674
2,28675
2,28676
2,28677
2,28678
2,28679
2,28680
2,28681
2,28682
2,28683
2,28684
2,28685
2,28686
2,28687
2,28688
2,28689
2,28690
2,28691
2,28692
2,28693
2,28694
2,28695
2,28696
2,28697
2,28698
2,28699
2,28700
2,28701
2,28702
2,28703
2,28704
2,28705
2,28706
2,28707
2,28708
2,28709
2,28710
2,28711
2,28712
2,28713
2,28714
2,28715
2,28716
2,28717
2,28718
2,28719
2,28720
2,28721
2,28722
2,28723
2,28724
2,28725
2,28726
2,28727
2,28728
2,28729
2,28730
2,28731
2,28732
2,28733
2,28734
2,28735
2,28736
2,28737
2,28738
2,28739
2,28740
2,28741
2,28742
2,28743
2,28744
2,28745
2,28746
2,28747
2,28748
2,28749
2,28750
2,28751
2,28752
2,28753
2,28754
2,28755
2,28756
2,28757
2,28758
2,28759
2,28760
2,28761
2,28762
2,28763
2,28764
2,28765
2,28766
2,28767
2,28768
2,28769
2,28770
2,28771
2,28772
2,28773
2,28774
2,28775
2,28776
2,28777
2,28778
2,28779
2,28780
2,28781
2,28782
2,28783
2,28784
2,28785
2,28786
2,28787
2,28788
2,28789
2,28790
2,28791
2,28792
2,28793
2,28794
2,28795
2,28796
2,28797
2,28798
2,28799
2,28800
2,28801
2,28802
2,28803
2,28804
2,28805
2,28806
2,28807
2,28808
2,28809
2,28810
2,28811
2,28812
2,28813
2,28814
2,28815
2,28816
2,28817
2,28818
2,28819
2,28820
2,28821
2,28822
2,28823
2,28824
2,28825
2,28826
2,28827
2,28828
2,28829
2,28830
2,28831
2,28832
2,28833
2,28834
2,28835
2,28836
2,28837
2,28838
2,28839
2,28840
2,28841
2,28842
2,28843
2,28844
2,28845
2,28846
2,28847
2,28848
2,28849
2,28850
2,28851
2,28852
2,28853
2,28854
2,28855
2,28856
2,28857
2,28858
2,28859
2,28860
2,28861
2,28862
2,28863
2,28864
2,28865
2,28866
2,28867
2,28868
2,28869
2,28870
2,28871
2,28872
2,28873
2,28874
2,28875
2,28876
2,28877
2,28878
2,28879
2,28880
2,28881
2,28882
2,28883
2,28884
2,28885
2,28886
2,28887
2,28888
2,28889
2,28890
2,28891
2,28892
2,28893
2,28894
2,28895
2,28896
2,28897
2,28898
2,28899
2,28900
2,28901
2,28902
2,28903
2,28904
2,28905
2,28906
2,28907
2,28908
2,28909
2,28910
2,28911
2,28912
2,28913
2,28914
2,28915
2,28916
2,28917
2,28918
2,28919
2,28920
2,28921
2,28922
2,28923
2,28924
2,28925
2,28926
2,28927
2,28928
2,28929
2,28930
2,28931
2,28932
2,28933
2,28934
2,28935
2,28936
2,28937
2,28938
2,28939
2,28940
2,28941
2,28942
2,28943
2,28944
2,28945
2,28946
2,28947
2,28948
2,28949
2,28950
2,28951
2,28952
2,28953
2,28954
2,28955
2,28956
2,28957
2,28958
2,28959
2,28960
2,28961
2,28962
2,28963
2,28964
2,28965
2,28966
2,28967
2,28968
2,28969
2,28970
2,28971
2,28972
2,28973
2,28974
2,28975
2,28976
2,28977
2,28978
2,28979
2,28980
2,28981
2,28982
2,28983
2,28984
2,28985
2,28986
2,28987
2,28988
2,28989
2,28990
2,28991
2,28992
2,28993
2,28994
2,28995
2,28996
2,28997
2,28998
2,28999
2,29000
2,29001
2,29002
2,29003
2,29004
2,29005
2,29006
2,29007
2,29008
2,29009
2,29010
2,29011
2,29012
2,29013
2,29014
2,29015
2,29016
2,29017
2,29018
2,29019
2,29020
2,29021
2,29022
2,29023
2,29024
2,29025
2,29026
2,29027
2,29028
2,29029
2,29030
2,29031
2,29032
2,29033
2,29034
2,29035
2,29036
2,29037
2,29038
2,29039
2,29040
2,29041
2,29042
2,29043
2,29044
2,29045
2,29046
2,29047
2,29048
2,29049
2,29050
2,29051
2,29052
2,29053
2,29054
2,29055
2,29056
2,29057
2,29058
2,29059
2,29060
2,29061
2,29062
2,29063
2,29064
2,29065
2,29066
2,29067
2,29068
2,29069
2,29070
2,29071
2,29072
2,29073
2,29074
2,29075
2,29076
2,29077
2,29078
2,29079
2,29080
2,29081
2,29082
2,29083
2,29084
2,29085
2,29086
2,29087
2,29088
2,29089
2,29090
2,29091
2,29092
2,29093
2,29094
2,29095
2,29096
2,29097
2,29098
2,29099
2,29100
2,29101
2,29102
2,29103
2,29104
2,29105
2,29106
2,29107
2,29108
2,29109
2,29110
2,29111
2,29112
2,29113
2,29114
2,29115
2,29116
2,29117
2,29118
2,29119
2,29120
2,29121
2,29122
2,29123
2,29124
2,29125
2,29126
2,29127
2,29128
2,29129
2,29130
2,29131
2,29132
2,29133
2,29134
2,29135
2,29136
2,29137
2,29138
2,29139
2,29140
2,29141
2,29142
2,29143
2,29144
2,29145
2,29146
2,29147
2,29148
2,29149
2,29150
2,29151
2,29152
2,29153
2,29154
2,29155
2,29156
2,29157
2,29158
2,29159
2,29160
2,29161
2,29162
2,29163
2,29164
2,29165
2,29166
2,29167
2,29168
2,29169
2,29170
2,29171
2,29172
2,29173
2,29174
2,29175
2,29176
2,29177
2,29178
2,29179
2,29180
2,29181
2,29182
2,29183
2,29184
2,29185
2,29186
2,29187
2,29188
2,29189
2,29190
2,29191
2,29192
2,29193
2,29194
2,29195
2,29196
2,29197
2,29198
2,29199
2,29200
2,29201
2,29202
2,29203
2,29204
2,29205
2,29206
2,29207
2,29208
2,29209
2,29210
2,29211
2,29212
2,29213
2,29214
2,29215
2,29216
2,29217
2,29218
2,29219
2,29220
2,29221
2,29222
2,29223
2,29224
2,29225
2,29226
2,29227
2,29228
2,29229
2,29230
2,29231
2,29232
2,29233
2,29234
2,29235
2,29236
2,29237
2,29238
2,29239
2,29240
2,29241
2,29242
2,29243
2,29244
2,29245
2,29246
2,29247
2,29248
2,29249
2,29250
2,29251
2,29252
2,29253
2,29254
2,29255
2,29256
2,29257
2,29258
2,29259
2,29260
2,29261
2,29262
2,29263
2,29264
2,29265
2,29266
2,29267
2,29268
2,29269
2,29270
2,29271
2,29272
2,29273
2,29274
2,29275
2,29276
2,29277
2,29278
2,29279
2,29280
2,29281
2,29282
2,29283
2,29284
2,29285
2,29286
2,29287
2,29288
2,29289
2,29290
2,29291
2,29292
2,29293
2,29294
2,29295
2,29296
2,29297
2,29298
2,29299
2,29300
2,29301
2,29302
2,29303
2,29304
2,29305
2,29306
2,29307
2,29308
2,29309
2,29310
2,29311
2,29312
2,29313
2,29314
2,29315
2,29316
2,29317
2,29318
2,29319
2,29320
2,29321
2,29322
2,29323
2,29324
2,29325
2,29326
2,29327
2,29328
2,29329
2,29330
2,29331
2,29332
2,29333
2,29334
2,29335
2,29336
2,29337
2,29338
2,29339
2,29340
2,29341
2,29342
2,29343
2,29344
2,29345
2,29346
2,29347
2,29348
2,29349
2,29350
2,29351
2,29352
2,29353
2,29354
2,29355
2,29356
2,29357
2,29358
2,29359
2,29360
2,29361
2,29362
2,29363
2,29364
2,29365
2,29366
2,29367
2,29368
2,29369
2,29370
2,29371
2,29372
2,29373
2,29374
2,29375
2,29376
2,29377
2,29378
2,29379
2,29380
2,29381
2,29382
2,29383
2,29384
2,29385
2,29386
2,29387
2,29388
2,29389
2,29390
2,29391
2,29392
2,29393
2,29394
2,29395
2,29396
2,29397
2,29398
2,29399
2,29400
2,29401
2,29402
2,29403
2,29404
2,29405
2,29406
2,29407
2,29408
2,29409
2,29410
2,29411
2,29412
2,29413
2,29414
2,29415
2,29416
2,29417
2,29418
2,29419
2,29420
2,29421
2,29422
2,29423
2,29424
2,29425
2,29426
2,29427
2,29428
2,29429
2,29430
2,29431
2,29432
2,29433
2,29434
2,29435
2,29436
2,29437
2,29438
2,29439
2,29440
2,29441
2,29442
2,29443
2,29444
2,29445
2,29446
2,29447
2,29448
2,29449
2,29450
2,29451
2,29452
2,29453
2,29454
2,29455
2,29456
2,29457
2,29458
2,29459
2,29460
2,29461
2,29462
2,29463
2,29464
2,29465
2,29466
2,29467
2,29468
2,29469
2,29470
2,29471
2,29472
2,29473
2,29474
2,29475
2,29476
2,29477
2,29478
2,29479
2,29480
2,29481
2,29482
2,29483
2,29484
2,29485
2,29486
2,29487
2,29488
2,29489
2,29490
2,29491
2,29492
2,29493
2,29494
2,29495
2,29496
2,29497
2,29498
2,29499
2,29500
2,29501
2,29502
2,29503
2,29504
2,29505
2,29506
2,29507
2,29508
2,29509
2,29510
2,29511
2,29512
2,29513
2,29514
2,29515
2,29516
2,29517
2,29518
2,29519
2,29520
2,29521
2,29522
2,29523
2,29524
2,29525
2,29526
2,29527
2,29528
2,29529
2,29530
2,29531
2,29532
2,29533
2,29534
2,29535
2,29536
2,29537
2,29538
2,29539
2,29540
2,29541
2,29542
2,29543
2,29544
2,29545
2,29546
2,29547
2,29548
2,29549
2,29550
2,29551
2,29552
2,29553
2,29554
2,29555
2,29556
2,29557
2,29558
2,29559
2,29560
2,29561
2,29562
2,29563
2,29564
2,29565
2,29566
2,29567
2,29568
2,29569
2,29570
2,29571
2,29572
2,29573
2,29574
2,29575
2,29576
2,29577
2,29578
2,29579
2,29580
2,29581
2,29582
2,29583
2,29584
2,29585
2,29586
2,29587
2,29588
2,29589
2,29590
2,29591
2,29592
2,29593
2,29594
2,29595
2,29596
2,29597
2,29598
2,29599
2,29600
2,29601
2,29602
2,29603
2,29604
2,29605
2,29606
2,29607
2,29608
2,29609
2,29610
2,29611
2,29612
2,29613
2,29614
2,29615
2,29616
2,29617
2,29618
2,29619
2,29620
2,29621
2,29622
2,29623
2,29624
2,29625
2,29626
2,29627
2,29628
2,29629
2,29630
2,29631
2,29632
2,29633
2,29634
2,29635
2,29636
2,29637
2,29638
2,29639
2,29640
2,29641
2,29642
2,29643
2,29644
2,29645
2,29646
2,29647
2,29648
2,29649
2,29650
2,29651
2,29652
2,29653
2,29654
2,29655
2,29656
2,29657
2,29658
2,29659
2,29660
2,29661
2,29662
2,29663
2,29664
2,29665
2,29666
2,29667
2,29668
2,29669
2,29670
2,29671
2,29672
2,29673
2,29674
2,29675
2,29676
2,29677
2,29678
2,29679
2,29680
2,29681
2,29682
2,29683
2,29684
2,29685
2,29686
2,29687
2,29688
2,29689
2,29690
2,29691
2,29692
2,29693
2,29694
2,29695
2,29696
2,29697
2,29698
2,29699
2,29700
2,29701
2,29702
2,29703
2,29704
2,29705
2,29706
2,29707
2,29708
2,29709
2,29710
2,29711
2,29712
2,29713
2,29714
2,29715
2,29716
2,29717
2,29718
2,29719
2,29720
2,29721
2,29722
2,29723
2,29724
2,29725
2,29726
2,29727
2,29728
2,29729
2,29730
2,29731
2,29732
2,29733
2,29734
2,29735
2,29736
2,29737
2,29738
2,29739
2,29740
2,29741
2,29742
2,29743
2,29744
2,29745
2,29746
2,29747
2,29748
2,29749
2,29750
2,29751
2,29752
2,29753
2,29754
2,29755
2,29756
2,29757
2,29758
2,29759
2,29760
2,29761
2,29762
2,29763
2,29764
2,29765
2,29766
2,29767
2,29768
2,29769
2,29770
2,29771
2,29772
2,29773
2,29774
2,29775
2,29776
2,29777
2,29778
2,29779
2,29780
2,29781
2,29782
2,29783
2,29784
2,29785
2,29786
2,29787
2,29788
2,29789
2,29790
2,29791
2,29792
2,29793
2,29794
2,29795
2,29796
2,29797
2,29798
2,29799
2,29800
2,29801
2,29802
2,29803
2,29804
2,29805
2,29806
2,29807
2,29808
2,29809
2,29810
2,29811
2,29812
2,29813
2,29814
2,29815
2,29816
2,29817
2,29818
2,29819
2,29820
2,29821
2,29822
2,29823
2,29824
2,29825
2,29826
2,29827
2,29828
2,29829
2,29830
2,29831
2,29832
2,29833
2,29834
2,29835
2,29836
2,29837
2,29838
2,29839
2,29840
2,29841
2,29842
2,29843
2,29844
2,29845
2,29846
2,29847
2,29848
2,29849
2,29850
2,29851
2,29852
2,29853
2,29854
2,29855
2,29856
2,29857
2,29858
2,29859
2,29860
2,29861
2,29862
2,29863
2,29864
2,29865
2,29866
2,29867
2,29868
2,29869
2,29870
2,29871
2,29872
2,29873
2,29874
2,29875
2,29876
2,29877
2,29878
2,29879
2,29880
2,29881
2,29882
2,29883
2,29884
2,29885
2,29886
2,29887
2,29888
2,29889
2,29890
2,29891
2,29892
2,29893
2,29894
2,29895
2,29896
2,29897
2,29898
2,29899
2,29900
2,29901
2,29902
2,29903
2,29904
2,29905
2,29906
2,29907
2,29908
2,29909
2,29910
2,29911
2,29912
2,29913
2,29914
2,29915
2,29916
2,29917
2,29918
2,29919
2,29920
2,29921
2,29922
2,29923
2,29924
2,29925
2,29926
2,29927
2,29928
2,29929
2,29930
2,29931
2,29932
2,29933
2,29934
2,29935
2,29936
2,29937
2,29938
2,29939
2,29940
2,29941
2,29942
2,29943
2,29944
2,29945
2,29946
2,29947
2,29948
2,29949
2,29950
2,29951
2,29952
2,29953
2,29954
2,29955
2,29956
2,29957
2,29958
2,29959
2,29960
2,29961
2,29962
2,29963
2,29964
2,29965
2,29966
2,29967
2,29968
2,29969
2,29970
2,29971
2,29972
2,29973
2,29974
2,29975
2,29976
2,29977
2,29978
2,29979
2,29980
2,29981
2,29982
2,29983
2,29984
2,29985
2,29986
2,29987
2,29988
2,29989
2,29990
2,29991
2,29992
2,29993
2,29994
2,29995
2,29996
2,29997
2,29998
2,29999
2,30000
2,30001
2,30002
2,30003
2,30004
2,30005
2,30006
2,30007
2,30008
2,30009
2,30010
2,30011
2,30012
2,30013
2,30014
2,30015
2,30016
2,30017
2,30018
2,30019
2,30020
2,30021
2,30022
2,30023
2,30024
2,30025
2,30026
2,30027
2,30028
2,30029
2,30030
2,30031
2,30032
2,30033
2,30034
2,30035
2,30036
2,30037
2,30038
2,30039
2,30040
2,30041
2,30042
2,30043
2,30044
2,30045
2,30046
2,30047
2,30048
2,30049
2,30050
2,30051
2,30052
2,30053
2,30054
2,30055
2,30056
2,30057
2,30058
2,30059
2,30060
2,30061
2,30062
2,30063
2,30064
2,30065
2,30066
2,30067
2,30068
2,30069
2,30070
2,30071
2,30072
2,30073
2,30074
2,30075
2,30076
2,30077
2,30078
2,30079
2,30080
2,30081
2,30082
2,30083
2,30084
2,30085
2,30086
2,30087
2,30088
2,30089
2,30090
2,30091
2,30092
2,30093
2,30094
2,30095
2,30096
2,30097
2,30098
2,30099
2,30100
2,30101
2,30102
2,30103
2,30104
2,30105
2,30106
2,30107
2,30108
2,30109
2,30110
2,30111
2,30112
2,30113
2,30114
2,30115
2,30116
2,30117
2,30118
2,30119
2,30120
2,30121
2,30122
2,30123
2,30124
2,30125
2,30126
2,30127
2,30128
2,30129
2,30130
2,30131
2,30132
2,30133
2,30134
2,30135
2,30136
2,30137
2,30138
2,30139
2,30140
2,30141
2,30142
2,30143
2,30144
2,30145
2,30146
2,30147
2,30148
2,30149
2,30150
2,30151
2,30152
2,30153
2,30154
2,30155
2,30156
2,30157
2,30158
2,30159
2,30160
2,30161
2,30162
2,30163
2,30164
2,30165
2,30166
2,30167
2,30168
2,30169
2,30170
2,30171
2,30172
2,30173
2,30174
2,30175
2,30176
2,30177
2,30178
2,30179
2,30180
2,30181
2,30182
2,30183
2,30184
2,30185
2,30186
2,30187
2,30188
2,30189
2,30190
2,30191
2,30192
2,30193
2,30194
2,30195
2,30196
2,30197
2,30198
2,30199
2,30200
2,30201
2,30202
2,30203
2,30204
2,30205
2,30206
2,30207
2,30208
2,30209
2,30210
2,30211
2,30212
2,30213
2,30214
2,30215
2,30216
2,30217
2,30218
2,30219
2,30220
2,30221
2,30222
2,30223
2,30224
2,30225
2,30226
2,30227
2,30228
2,30229
2,30230
2,30231
2,30232
2,30233
2,30234
2,30235
2,30236
2,30237
2,30238
2,30239
2,30240
2,30241
2,30242
2,30243
2,30244
2,30245
2,30246
2,30247
2,30248
2,30249
2,30250
2,30251
2,30252
2,30253
2,30254
2,30255
2,30256
2,30257
2,30258
2,30259
2,30260
2,30261
2,30262
2,30263
2,30264
2,30265
2,30266
2,30267
2,30268
2,30269
2,30270
2,30271
2,30272
2,30273
2,30274
2,30275
2,30276
2,30277
2,30278
2,30279
2,30280
2,30281
2,30282
2,30283
2,30284
2,30285
2,30286
2,30287
2,30288
2,30289
2,30290
2,30291
2,30292
2,30293
2,30294
2,30295
2,30296
2,30297
2,30298
2,30299
2,30300
2,30301
2,30302
20203,30303
20204,30304
20205,30305
20206,30306
20207,30307
20208,30308
20209,30309
20210,30310
20211,30311
20212,30312
20213,30313
20214,30314
20215,30315
20216,30316
20217,30317
20218,30318
20219,30319
20220,30320
20221,30321
20222,30322
20223,30323
20224,30324
20225,30325
20226,30326
20227,30327
20228,30328
20229,30329
20230,30330
20231,30331
20232,30332
20233,30333
20234,30334
20235,30335
20236,30336
20237,30337
20238,30338
20239,30339
20240,30340
20241,30341
20242,30342
20243,30343
20244,30344
20245,30345
20246,30346
20247,30347
20248,30348
20249,30349
20250,30350
20251,30351
20252,30352
20253,30353
20254,30354
20255,30355
20256,30356
20257,30357
20258,30358
20259,30359
20260,30360
20261,30361
20262,30362
20263,30363
20264,30364
20265,30365
20266,30366
20267,30367
20268,30368
20269,30369
20270,30370
20271,30371
20272,30372
20273,30373
20274,30374
20275,30375
20276,30376
20277,30377
20278,30378
20279,30379
20280,30380
20281,30381
20282,30382
20283,30383
20284,30384
20285,30385
20286,30386
20287,30387
20288,30388
20289,30389
20290,30390
20291,30391
20292,30392
20293,30393
20294,30394
20295,30395
20296,30396
20297,30397
20298,30398
20299,30399
20300,30400
20301,30401
20302,30402
